<?xml version="1.0" encoding="utf-8"?>
<COLLADA xmlns="http://www.collada.org/2005/11/COLLADASchema" version="1.4.1" xmlns:xsi="http://www.w3.org/2001/XMLSchema-instance">
  <asset>
    <contributor>
      <author>Blender User</author>
      <authoring_tool>Blender 2.93.11 commit date:2022-10-04, commit time:18:12, hash:d52a0fa11595</authoring_tool>
    </contributor>
    <created>2022-11-12T10:53:27</created>
    <modified>2022-11-12T10:53:27</modified>
    <unit name="meter" meter="1"/>
    <up_axis>Z_UP</up_axis>
  </asset>
  <library_effects>
    <effect id="mat0_009-effect">
      <profile_COMMON>
        <newparam sid="Mesh_0403out0_tex00_png-surface">
          <surface type="2D">
            <init_from>Mesh_0403out0_tex00_png</init_from>
          </surface>
        </newparam>
        <newparam sid="Mesh_0403out0_tex00_png-sampler">
          <sampler2D>
            <source>Mesh_0403out0_tex00_png-surface</source>
          </sampler2D>
        </newparam>
        <technique sid="common">
          <lambert>
            <emission>
              <color sid="emission">0 0 0 1</color>
            </emission>
            <diffuse>
              <texture texture="Mesh_0403out0_tex00_png-sampler" texcoord="UVMap"/>
            </diffuse>
            <index_of_refraction>
              <float sid="ior">1.45</float>
            </index_of_refraction>
          </lambert>
        </technique>
      </profile_COMMON>
    </effect>
    <effect id="mat0_008-effect">
      <profile_COMMON>
        <newparam sid="Mesh_0402out0_tex00_png-surface">
          <surface type="2D">
            <init_from>Mesh_0402out0_tex00_png</init_from>
          </surface>
        </newparam>
        <newparam sid="Mesh_0402out0_tex00_png-sampler">
          <sampler2D>
            <source>Mesh_0402out0_tex00_png-surface</source>
          </sampler2D>
        </newparam>
        <technique sid="common">
          <lambert>
            <emission>
              <color sid="emission">0 0 0 1</color>
            </emission>
            <diffuse>
              <texture texture="Mesh_0402out0_tex00_png-sampler" texcoord="UVMap"/>
            </diffuse>
            <index_of_refraction>
              <float sid="ior">1.45</float>
            </index_of_refraction>
          </lambert>
        </technique>
      </profile_COMMON>
    </effect>
    <effect id="mat0_007-effect">
      <profile_COMMON>
        <newparam sid="Mesh_0401out0_tex00_png-surface">
          <surface type="2D">
            <init_from>Mesh_0401out0_tex00_png</init_from>
          </surface>
        </newparam>
        <newparam sid="Mesh_0401out0_tex00_png-sampler">
          <sampler2D>
            <source>Mesh_0401out0_tex00_png-surface</source>
          </sampler2D>
        </newparam>
        <technique sid="common">
          <lambert>
            <emission>
              <color sid="emission">0 0 0 1</color>
            </emission>
            <diffuse>
              <texture texture="Mesh_0401out0_tex00_png-sampler" texcoord="UVMap"/>
            </diffuse>
            <index_of_refraction>
              <float sid="ior">1.45</float>
            </index_of_refraction>
          </lambert>
        </technique>
      </profile_COMMON>
    </effect>
    <effect id="mat0_006-effect">
      <profile_COMMON>
        <newparam sid="Mesh_0400out0_tex00_png-surface">
          <surface type="2D">
            <init_from>Mesh_0400out0_tex00_png</init_from>
          </surface>
        </newparam>
        <newparam sid="Mesh_0400out0_tex00_png-sampler">
          <sampler2D>
            <source>Mesh_0400out0_tex00_png-surface</source>
          </sampler2D>
        </newparam>
        <technique sid="common">
          <lambert>
            <emission>
              <color sid="emission">0 0 0 1</color>
            </emission>
            <diffuse>
              <texture texture="Mesh_0400out0_tex00_png-sampler" texcoord="UVMap"/>
            </diffuse>
            <index_of_refraction>
              <float sid="ior">1.45</float>
            </index_of_refraction>
          </lambert>
        </technique>
      </profile_COMMON>
    </effect>
    <effect id="mat0_005-effect">
      <profile_COMMON>
        <newparam sid="Mesh_0399out0_tex00_png-surface">
          <surface type="2D">
            <init_from>Mesh_0399out0_tex00_png</init_from>
          </surface>
        </newparam>
        <newparam sid="Mesh_0399out0_tex00_png-sampler">
          <sampler2D>
            <source>Mesh_0399out0_tex00_png-surface</source>
          </sampler2D>
        </newparam>
        <technique sid="common">
          <lambert>
            <emission>
              <color sid="emission">0 0 0 1</color>
            </emission>
            <diffuse>
              <texture texture="Mesh_0399out0_tex00_png-sampler" texcoord="UVMap"/>
            </diffuse>
            <index_of_refraction>
              <float sid="ior">1.45</float>
            </index_of_refraction>
          </lambert>
        </technique>
      </profile_COMMON>
    </effect>
    <effect id="mat0_004-effect">
      <profile_COMMON>
        <newparam sid="Mesh_0398out0_tex00_png-surface">
          <surface type="2D">
            <init_from>Mesh_0398out0_tex00_png</init_from>
          </surface>
        </newparam>
        <newparam sid="Mesh_0398out0_tex00_png-sampler">
          <sampler2D>
            <source>Mesh_0398out0_tex00_png-surface</source>
          </sampler2D>
        </newparam>
        <technique sid="common">
          <lambert>
            <emission>
              <color sid="emission">0 0 0 1</color>
            </emission>
            <diffuse>
              <texture texture="Mesh_0398out0_tex00_png-sampler" texcoord="UVMap"/>
            </diffuse>
            <index_of_refraction>
              <float sid="ior">1.45</float>
            </index_of_refraction>
          </lambert>
        </technique>
      </profile_COMMON>
    </effect>
    <effect id="mat0_003-effect">
      <profile_COMMON>
        <newparam sid="Mesh_0397out0_tex00_png-surface">
          <surface type="2D">
            <init_from>Mesh_0397out0_tex00_png</init_from>
          </surface>
        </newparam>
        <newparam sid="Mesh_0397out0_tex00_png-sampler">
          <sampler2D>
            <source>Mesh_0397out0_tex00_png-surface</source>
          </sampler2D>
        </newparam>
        <technique sid="common">
          <lambert>
            <emission>
              <color sid="emission">0 0 0 1</color>
            </emission>
            <diffuse>
              <texture texture="Mesh_0397out0_tex00_png-sampler" texcoord="UVMap"/>
            </diffuse>
            <index_of_refraction>
              <float sid="ior">1.45</float>
            </index_of_refraction>
          </lambert>
        </technique>
      </profile_COMMON>
    </effect>
    <effect id="mat0_002-effect">
      <profile_COMMON>
        <newparam sid="Mesh_0396out0_tex00_png-surface">
          <surface type="2D">
            <init_from>Mesh_0396out0_tex00_png</init_from>
          </surface>
        </newparam>
        <newparam sid="Mesh_0396out0_tex00_png-sampler">
          <sampler2D>
            <source>Mesh_0396out0_tex00_png-surface</source>
          </sampler2D>
        </newparam>
        <technique sid="common">
          <lambert>
            <emission>
              <color sid="emission">0 0 0 1</color>
            </emission>
            <diffuse>
              <texture texture="Mesh_0396out0_tex00_png-sampler" texcoord="UVMap"/>
            </diffuse>
            <index_of_refraction>
              <float sid="ior">1.45</float>
            </index_of_refraction>
          </lambert>
        </technique>
      </profile_COMMON>
    </effect>
    <effect id="mat0_001-effect">
      <profile_COMMON>
        <newparam sid="Mesh_0395out0_tex00_png-surface">
          <surface type="2D">
            <init_from>Mesh_0395out0_tex00_png</init_from>
          </surface>
        </newparam>
        <newparam sid="Mesh_0395out0_tex00_png-sampler">
          <sampler2D>
            <source>Mesh_0395out0_tex00_png-surface</source>
          </sampler2D>
        </newparam>
        <technique sid="common">
          <lambert>
            <emission>
              <color sid="emission">0 0 0 1</color>
            </emission>
            <diffuse>
              <texture texture="Mesh_0395out0_tex00_png-sampler" texcoord="UVMap"/>
            </diffuse>
            <index_of_refraction>
              <float sid="ior">1.45</float>
            </index_of_refraction>
          </lambert>
        </technique>
      </profile_COMMON>
    </effect>
    <effect id="mat0-effect">
      <profile_COMMON>
        <newparam sid="Mesh_0394out0_tex00_png-surface">
          <surface type="2D">
            <init_from>Mesh_0394out0_tex00_png</init_from>
          </surface>
        </newparam>
        <newparam sid="Mesh_0394out0_tex00_png-sampler">
          <sampler2D>
            <source>Mesh_0394out0_tex00_png-surface</source>
          </sampler2D>
        </newparam>
        <technique sid="common">
          <lambert>
            <emission>
              <color sid="emission">0 0 0 1</color>
            </emission>
            <diffuse>
              <texture texture="Mesh_0394out0_tex00_png-sampler" texcoord="UVMap"/>
            </diffuse>
            <index_of_refraction>
              <float sid="ior">1.45</float>
            </index_of_refraction>
          </lambert>
        </technique>
      </profile_COMMON>
    </effect>
  </library_effects>
  <library_images>
    <image id="Mesh_0394out0_tex00_png" name="Mesh_0394out0_tex00_png">
      <init_from>Mesh_0394out0_tex00.png</init_from>
    </image>
    <image id="Mesh_0395out0_tex00_png" name="Mesh_0395out0_tex00_png">
      <init_from>Mesh_0395out0_tex00.png</init_from>
    </image>
    <image id="Mesh_0396out0_tex00_png" name="Mesh_0396out0_tex00_png">
      <init_from>Mesh_0396out0_tex00.png</init_from>
    </image>
    <image id="Mesh_0397out0_tex00_png" name="Mesh_0397out0_tex00_png">
      <init_from>Mesh_0397out0_tex00.png</init_from>
    </image>
    <image id="Mesh_0398out0_tex00_png" name="Mesh_0398out0_tex00_png">
      <init_from>Mesh_0398out0_tex00.png</init_from>
    </image>
    <image id="Mesh_0399out0_tex00_png" name="Mesh_0399out0_tex00_png">
      <init_from>Mesh_0399out0_tex00.png</init_from>
    </image>
    <image id="Mesh_0400out0_tex00_png" name="Mesh_0400out0_tex00_png">
      <init_from>Mesh_0400out0_tex00.png</init_from>
    </image>
    <image id="Mesh_0401out0_tex00_png" name="Mesh_0401out0_tex00_png">
      <init_from>Mesh_0401out0_tex00.png</init_from>
    </image>
    <image id="Mesh_0402out0_tex00_png" name="Mesh_0402out0_tex00_png">
      <init_from>Mesh_0402out0_tex00.png</init_from>
    </image>
    <image id="Mesh_0403out0_tex00_png" name="Mesh_0403out0_tex00_png">
      <init_from>Mesh_0403out0_tex00.png</init_from>
    </image>
  </library_images>
  <library_materials>
    <material id="mat0_009-material" name="mat0.009">
      <instance_effect url="#mat0_009-effect"/>
    </material>
    <material id="mat0_008-material" name="mat0.008">
      <instance_effect url="#mat0_008-effect"/>
    </material>
    <material id="mat0_007-material" name="mat0.007">
      <instance_effect url="#mat0_007-effect"/>
    </material>
    <material id="mat0_006-material" name="mat0.006">
      <instance_effect url="#mat0_006-effect"/>
    </material>
    <material id="mat0_005-material" name="mat0.005">
      <instance_effect url="#mat0_005-effect"/>
    </material>
    <material id="mat0_004-material" name="mat0.004">
      <instance_effect url="#mat0_004-effect"/>
    </material>
    <material id="mat0_003-material" name="mat0.003">
      <instance_effect url="#mat0_003-effect"/>
    </material>
    <material id="mat0_002-material" name="mat0.002">
      <instance_effect url="#mat0_002-effect"/>
    </material>
    <material id="mat0_001-material" name="mat0.001">
      <instance_effect url="#mat0_001-effect"/>
    </material>
    <material id="mat0-material" name="mat0">
      <instance_effect url="#mat0-effect"/>
    </material>
  </library_materials>
  <library_geometries>
    <geometry id="Mesh_0403_rip-mesh" name="Mesh_0403.rip">
      <mesh>
        <source id="Mesh_0403_rip-mesh-positions">
          <float_array id="Mesh_0403_rip-mesh-positions-array" count="795">-4.55908e-5 0.07350599 1.495962 0.03266245 0.06383138 1.602089 0.05430203 0.04990041 1.491239 0.08675909 0.02793687 1.6051 0.07686507 0.05658048 1.651679 -1.0105e-5 0.07296752 1.582759 0.113431 0.02648055 1.68523 0.122794 0.003700733 1.67716 0.129224 0.05350095 1.744549 0.07513785 0.008541822 1.52886 0.115112 6.6707e-4 1.61324 0.06864959 0.003455579 1.482338 0.124915 -0.01214647 1.66965 0.08145439 -0.01652568 1.55082 0.05414557 -0.03831589 1.50359 0.120644 -0.04216367 1.62158 0.1260449 -0.02531778 1.72477 0.05101025 -0.05212408 1.46848 0.105041 -0.00297755 1.57824 0.116944 -0.05573529 1.66263 0 -0.0682044 1.4869 0.106934 -0.04626876 1.57779 0.1170899 -0.07988995 1.70534 -1.01109e-5 -0.06579756 1.469261 0.09728819 -0.08761006 1.59487 0.117777 -0.07407605 1.75478 0.101147 -0.08286041 1.65469 -0.05103045 -0.05212408 1.46848 0.126819 -0.02725154 1.786032 -0.05414557 -0.03831589 1.50359 0.08352106 -0.100827 1.62926 0.112422 -0.06124246 1.79044 -0.06866979 0.003455579 1.482338 0.06982636 -0.1170049 1.59033 0.103097 -0.08612698 1.76721 -0.07513785 0.008541822 1.52886 0.08161497 -0.102689 1.56166 0.0993914 -0.07865947 1.79112 -0.05338776 0.04990041 1.491239 0.03882229 -0.1387749 1.5663 0.109284 -0.0682401 1.8128 -0.08675909 0.02793687 1.6051 0.04523074 -0.127649 1.53725 0.1167678 -0.04082089 1.829282 -0.08145439 -0.01652568 1.55082 0.08375597 -0.05760389 1.54917 0.106145 -0.07523769 1.83517 -0.105041 -0.00297755 1.57824 0.09885716 -0.07916337 1.81035 -0.115112 6.6707e-4 1.61324 -0.122794 0.003700733 1.67716 -0.08375597 -0.05760389 1.54917 0.09251588 -0.0833587 1.83047 -0.106934 -0.04626876 1.57779 -0.113431 0.02648055 1.68523 0.09150838 -0.08553987 1.85368 -0.07688528 0.05658048 1.651679 -0.124915 -0.01214647 1.66965 0.1128665 -0.05141448 1.879728 -0.1292442 0.053501 1.744549 -0.120644 -0.04216367 1.62158 0.07361078 -0.09718525 1.88156 -0.03268265 0.06383138 1.602089 -0.116944 -0.05573529 1.66263 0.06787204 -0.0872516 1.905632 -0.1260449 -0.02531778 1.72477 0.09578061 -0.04601615 1.904241 -4.55908e-5 0.07350599 1.495962 0.03490597 -0.1048278 1.899688 -0.1170899 -0.07988995 1.70534 -1.0105e-5 0.07296752 1.582759 0.04538285 -0.111843 1.86761 -0.117777 -0.07407605 1.75478 -0.101147 -0.08286041 1.65469 -0.128517 0.006933152 1.72789 0.01735144 -0.1176249 1.85445 -0.134486 0.01086515 1.6756 0.07582449 -0.09789037 1.86844 -0.09728819 -0.08761006 1.59487 -0.150372 0.0384407 1.69894 -0.165596 0.06274259 1.76446 -0.08352106 -0.100827 1.62926 0.06760567 -0.09755957 1.8504 -0.1522909 0.03408998 1.79843 -0.08368647 -0.103402 1.65031 0.0843389 -0.0896241 1.84104 -0.1317378 0.008826673 1.784561 -0.159115 0.05506664 1.79387 -0.06982636 -0.1170049 1.59033 0.04700165 -0.103734 1.84952 -0.06124317 -0.113142 1.62906 0.03187006 -0.105649 1.84394 0.08142209 -0.08942586 1.837328 -0.058685 -0.120501 1.64629 0.03855878 -0.1023572 1.83989 0.09073036 -0.08322125 1.823888 -0.02971374 -0.139164 1.64382 0.02888906 -0.1033368 1.830522 -0.06353855 -0.1192049 1.66998 0.01943647 -0.107563 1.83299 0.09448844 -0.08058416 1.80401 -0.03370887 -0.130191 1.61125 0.02224808 -0.1034369 1.818302 0 -0.137355 1.6077 0.01629477 -0.107683 1.81957 0.09059077 -0.08405798 1.784209 -0.03882229 -0.1387749 1.5663 0 -0.113997 1.82695 0 -0.148236 1.56145 0.01315295 -0.107804 1.80615 0.08550828 -0.08829557 1.776671 0 -0.11155 1.81244 0.09281319 -0.101111 1.75413 0.03370887 -0.130191 1.61125 -0.01629477 -0.107683 1.81957 0.02971374 -0.139164 1.64382 -0.01315295 -0.107804 1.80615 -0.01943647 -0.107563 1.83299 0.09879815 -0.104496 1.72899 0.06124317 -0.113142 1.62906 -0.02224808 -0.1034369 1.818302 0.07839369 -0.09399956 1.770889 0.058685 -0.120501 1.64629 -0.02888906 -0.1033368 1.830522 0 -0.114912 1.79417 0.06353855 -0.1192049 1.66998 -0.02009737 -0.1036209 1.80401 -0.03187006 -0.105649 1.84394 0.02743977 -0.132266 1.69264 -0.01342284 -0.1107169 1.79006 -0.03855878 -0.1023572 1.83989 0 -0.137 1.68418 -0.02214229 -0.1033362 1.789662 -0.04700165 -0.103734 1.84952 0 -0.144971 1.64311 -0.01369267 -0.113631 1.77398 -0.05089604 -0.1007842 1.845001 0 -0.118275 1.7759 -0.06760567 -0.09755957 1.8504 0 -0.131044 1.75512 -0.06517428 -0.09671419 1.845532 -0.04538285 -0.111843 1.86761 -0.01525437 -0.123769 1.75166 -0.01476436 -0.1504606 1.72674 -0.02600449 -0.109509 1.76249 0.01342284 -0.1107169 1.79006 -0.08142209 -0.08942586 1.837328 -0.02569907 -0.11989 1.74301 -0.0843389 -0.0896241 1.84104 -0.0536316 -0.11144 1.7538 0.02009737 -0.1036209 1.80401 -0.09251588 -0.0833587 1.83047 -0.03851509 -0.102257 1.768001 -0.09150838 -0.08553987 1.85368 -0.05089604 -0.1023169 1.76512 -0.07582449 -0.09789037 1.86844 -0.0641241 -0.1003158 1.76554 -0.0279054 -0.1021161 1.776317 -0.07361078 -0.09718525 1.88156 -0.09281319 -0.101111 1.75413 -0.05902665 -0.120809 1.72955 -0.03492617 -0.1048278 1.899688 -0.07839369 -0.09399956 1.770889 -0.01735144 -0.1176249 1.85445 -0.08550828 -0.08829557 1.776671 -0.09879815 -0.104496 1.72899 -0.03370416 -0.127135 1.7133 -1.0105e-5 -0.1147849 1.889239 -0.103097 -0.08612698 1.76721 0 -0.118428 1.85321 -0.02306234 -0.1557009 1.708367 -0.02743977 -0.132266 1.69264 -0.112422 -0.06124246 1.79044 -0.01697236 -0.1597699 1.696983 -0.0993914 -0.07865947 1.79112 0 -0.137 1.68418 -0.109284 -0.0682401 1.8128 0 -0.1615888 1.691468 -0.09885716 -0.07916337 1.81035 -0.01307177 -0.1816923 1.702105 -0.106145 -0.07523769 1.83517 -0.01621437 -0.1804291 1.707188 0.01697236 -0.1597699 1.696983 -0.008359193 -0.19841 1.70697 0.02743977 -0.132266 1.69264 -0.009775578 -0.1783002 1.718969 0.02306234 -0.1557009 1.708367 -0.09073036 -0.08322125 1.823888 0 -0.199905 1.71449 0.03370416 -0.127135 1.7133 -0.09448844 -0.08058416 1.80401 0 -0.1784124 1.725285 0.01476436 -0.1504606 1.72674 0 -0.15699 1.73522 0.02569907 -0.11989 1.74301 0.009775578 -0.1783002 1.718969 0.05902665 -0.120809 1.72955 0.01525437 -0.123769 1.75166 0.008359193 -0.19841 1.70697 0.02600449 -0.109509 1.76249 0 -0.199283 1.70266 0.0536316 -0.11144 1.7538 0 -0.1838459 1.69761 0.01369267 -0.113631 1.77398 0.03851509 -0.102257 1.768001 0.01307177 -0.1816923 1.702105 0.05089604 -0.1023169 1.76512 0.01621437 -0.1804291 1.707188 0.0641241 -0.1003158 1.76554 0.06266349 -0.121261 1.70022 0.09509897 -0.102755 1.69007 0.08174926 -0.107754 1.66169 0.08368647 -0.103402 1.65031 0 -0.144143 1.5354 -0.04523074 -0.127649 1.53725 0 -0.129783 1.52304 -0.08161497 -0.102689 1.56166 0 -0.0805996 1.51012 0.05081629 -0.05933934 1.5263 -0.05081629 -0.05933934 1.5263 0.02214229 -0.1033362 1.789662 0.0279054 -0.1021161 1.776317 -0.1522909 0.03408998 1.79843 -0.1317378 0.008826673 1.784561 -0.1381152 0.03634446 1.797679 -0.159115 0.05506664 1.79387 0.128517 0.006933152 1.72789 0.165596 0.06274259 1.76446 0.1522909 0.03408998 1.79843 0.150372 0.0384407 1.69894 0.159115 0.05506664 1.79387 0.134486 0.01086515 1.6756 0.1317176 0.008826673 1.784561 0.1522909 0.03408998 1.79843 0.138095 0.03634446 1.797679 0.1317176 0.008826673 1.784561 0.159115 0.05506664 1.79387 0.150372 0.0384407 1.69894 0.134486 0.01086515 1.6756 0.113431 0.02648055 1.68523 0.129224 0.05350095 1.744549 0.122794 0.003700733 1.67716 0.165596 0.06274259 1.76446 0.138095 0.03634446 1.797679 0.159115 0.05506664 1.79387 -0.1128867 -0.05141448 1.879728 -0.116788 -0.04082089 1.829282 -0.1268392 -0.02725154 1.786032 -0.06789225 -0.0872516 1.905632 -0.07578486 -0.05051326 1.912938 -0.09509897 -0.102755 1.69007 -0.06266349 -0.121261 1.70022 -0.08174926 -0.107754 1.66169 -0.02743977 -0.132266 1.69264 -0.113431 0.02648055 1.68523 -0.150372 0.0384407 1.69894 -0.1292442 0.053501 1.744549 -0.134486 0.01086515 1.6756 -0.122794 0.003700733 1.67716 -0.165596 0.06274259 1.76446 -0.1381152 0.03634446 1.797679 -0.159115 0.05506664 1.79387 0.05089604 -0.1007842 1.845001 0.06517428 -0.09671419 1.845532 -0.09059077 -0.08405798 1.784209</float_array>
          <technique_common>
            <accessor source="#Mesh_0403_rip-mesh-positions-array" count="265" stride="3">
              <param name="X" type="float"/>
              <param name="Y" type="float"/>
              <param name="Z" type="float"/>
            </accessor>
          </technique_common>
        </source>
        <source id="Mesh_0403_rip-mesh-normals">
          <float_array id="Mesh_0403_rip-mesh-normals-array" count="795">-0.00159353 0.999844 -0.01759213 0.4454686 0.8897676 -0.09935498 0.7633238 0.6362296 -0.1120221 0.7474182 0.6078357 -0.2681453 0.6916508 0.6351495 -0.3438088 4.18574e-5 0.9999808 0.006207108 0.7937108 0.5219348 -0.3124217 0.9826251 0.1188373 -0.1425682 0.7746908 0.4717106 -0.4211215 0.9772256 0.005149483 -0.2121412 0.9262267 0.3068388 -0.2189846 0.9890913 -0.1259975 -0.07630878 0.9969803 -0.008100509 -0.07723182 0.78588 0.1466423 -0.6007401 0.7993513 -0.5787867 -0.1613799 0.9661726 -0.2195055 -0.1353806 0.9905201 -0.1366287 -0.01423454 0.7223208 -0.6812323 0.1190601 0.7667943 0.3366568 -0.5465243 0.9356961 -0.3410701 -0.09024459 1.25784e-5 -0.9827637 -0.1848664 0.9090136 -0.1187406 -0.3994934 0.9034153 -0.4229674 -0.07028073 1.95745e-5 -0.9818195 0.1898173 0.8550467 -0.5049048 -0.1181793 0.8794595 -0.4546019 0.1410257 0.8207733 -0.5601831 -0.111921 -0.7222394 -0.6812371 0.1195256 0.9478633 -0.3134724 0.0573616 -0.7993265 -0.5789028 -0.1610862 0.6538453 -0.7562894 0.02264708 0.8777841 -0.4708433 0.08832728 -0.9897725 -0.1204735 -0.07639724 0.5801814 -0.8136126 0.03773951 0.5553326 -0.7459752 0.367596 -0.9769225 0.0118646 -0.2132647 0.7991898 -0.4741343 -0.3694489 0.5912166 -0.79003 0.1622215 -0.7586759 0.641372 -0.1142503 0.4057067 -0.9138796 0.0150339 0.8400224 -0.5425457 -0.002598464 -0.7461875 0.6090471 -0.2688236 0.5130537 -0.5474116 -0.6611479 0.9514549 -0.3033356 0.05216616 -0.7858833 0.1466488 -0.6007341 0.6930995 -0.07283043 -0.7171533 0.7992636 -0.5992915 0.04502749 -0.7667912 0.3366564 -0.5465289 0.5579935 -0.8289523 -0.0384888 -0.9262267 0.3068389 -0.2189846 -0.9826251 0.1188374 -0.1425681 -0.6930772 -0.07287484 -0.7171704 0.4774131 -0.8731259 -0.0986306 -0.9090136 -0.1187406 -0.3994934 -0.7938488 0.5216723 -0.3125095 0.6505317 -0.7545772 0.08615088 -0.6918545 0.6348496 -0.3439527 -0.9969803 -0.008099853 -0.07723307 0.7905762 -0.5350908 0.2977707 -0.7748832 0.4712859 -0.421243 -0.9661726 -0.2195056 -0.1353806 0.5876785 -0.7512589 0.3004068 -0.4469919 0.8888231 -0.100955 -0.9356961 -0.3410701 -0.09024453 0.6002017 -0.636568 0.4842924 -0.9905086 -0.1367088 -0.01426827 0.6858665 -0.4447628 0.5759975 -0.001581192 0.9998435 -0.01762324 0.2935459 -0.9078207 0.299487 -0.9034149 -0.4229682 -0.0702812 8.25524e-5 0.9999808 0.006217658 0.3145034 -0.9474381 -0.05872648 -0.8794459 -0.4546385 0.1409926 -0.8207742 -0.5601817 -0.1119209 -0.8472677 -0.5309855 -0.01385462 0.2186788 -0.958564 -0.182578 -0.7015163 -0.7121596 0.02652686 0.4830878 -0.8755683 0.00253576 -0.8550466 -0.5049051 -0.1181793 -0.8363277 -0.5470477 0.03598439 -0.8541441 -0.5195823 -0.02173173 -0.6538435 -0.7562907 0.02264976 0.3451615 -0.9041087 -0.2518948 -0.8326891 -0.5521935 -0.04136538 -0.6234257 -0.7752386 -0.1017126 0.4149331 -0.8944693 -0.166599 -0.7818042 -0.6230767 -0.02361464 -0.8769816 -0.4769156 -0.05877929 -0.580182 -0.8136121 0.0377379 0.3056499 -0.8894556 -0.3397749 -0.5266631 -0.8492526 -0.03736585 0.3383322 -0.878926 -0.3361852 0.3237855 -0.9147722 -0.2415677 -0.5408946 -0.8327288 -0.1183036 0.2921693 -0.911096 -0.2907599 0.3602921 -0.9228376 -0.1362366 -0.3594404 -0.9322751 -0.04081469 0.3896007 -0.8996097 -0.1972661 -0.4490805 -0.8933268 -0.01715123 0.3313631 -0.9065145 -0.2615914 0.3917191 -0.919853 -0.02065938 -0.3666596 -0.9303514 0.002635955 0.4871377 -0.8640323 -0.1270633 0 -0.9999967 -0.002617478 0.4011267 -0.9076083 -0.123874 0.36711 -0.9127416 0.1792566 -0.4057083 -0.913879 0.01503413 -3.74392e-7 -0.9920579 -0.1257827 2.45616e-6 -0.9999957 -0.002945959 0.4452646 -0.8951468 0.02125769 0.301239 -0.8279998 0.4729393 1.92225e-6 -0.9994751 0.03239524 0.3397312 -0.8159314 0.4678019 0.3666587 -0.9303518 0.002635836 -0.4011273 -0.9076078 -0.1238747 0.3594406 -0.9322751 -0.04081541 -0.4452666 -0.8951456 0.02125954 -0.3313663 -0.9065129 -0.2615932 0.6315358 -0.7688848 0.09989398 0.5266631 -0.8492525 -0.03736573 -0.4871376 -0.8640324 -0.1270635 0.1999275 -0.828248 0.523483 0.540892 -0.8327304 -0.118305 -0.3896003 -0.8996097 -0.1972665 0 -0.9832478 0.1822739 0.4490811 -0.8933264 -0.01715034 -0.5684442 -0.8226435 0.01135683 -0.3383188 -0.8789151 -0.3362271 0.3043145 -0.948043 0.09277558 -0.4814486 -0.8619505 0.1588987 -0.2921679 -0.9110959 -0.2907619 -2.10363e-7 -0.9859561 0.1670048 -0.6102341 -0.7792956 0.1425228 -0.3056536 -0.8894518 -0.3397816 1.11322e-6 -0.9995914 -0.02858752 -0.4889737 -0.8157536 0.3089511 -0.2645828 -0.9041089 -0.3355342 1.91294e-6 -0.9425067 0.3341874 -0.3451623 -0.9041076 -0.2518981 7.57031e-7 -0.7798864 0.6259212 -0.276368 -0.9122004 -0.3025081 -0.314518 -0.9474306 -0.0587694 -0.5816144 -0.6575837 0.4788617 -0.7105097 -0.415899 0.5676302 -0.3352335 -0.8195129 0.4647764 0.481449 -0.8619503 0.1588985 -0.3237869 -0.9147713 -0.2415691 -0.4288147 -0.8270627 0.3634353 -0.4149364 -0.8944677 -0.1665995 -0.1881358 -0.8476938 0.4960042 0.5684421 -0.8226449 0.01135504 -0.4774123 -0.8731266 -0.09862917 -0.3108696 -0.7970024 0.5178294 -0.6504818 -0.7546284 0.08607822 -0.1630729 -0.7700798 0.6167531 -0.4831321 -0.8755439 0.002504408 -0.1788212 -0.8152449 0.5508165 -0.5430498 -0.7943741 0.2721522 -0.5876696 -0.7513522 0.3001907 -0.3397347 -0.8159268 0.4678074 -0.2537569 -0.9418325 0.2203612 -0.2935996 -0.9078568 0.2993252 -0.1999273 -0.8282479 0.5234832 -0.2186906 -0.9585576 -0.1825976 -0.301239 -0.8279997 0.4729393 -0.6315358 -0.7688848 0.0998938 -0.6672853 -0.7212073 0.185985 -8.80263e-6 -0.9876833 0.1564664 -0.5553326 -0.7459748 0.3675968 1.84042e-5 -0.9878198 -0.1556025 -0.9388453 -0.3359006 0.07576549 -0.6857208 -0.337126 -0.6450838 -0.8776913 -0.4710297 0.08825492 -0.6040257 -0.299318 -0.7386215 -0.591216 -0.7900303 0.1622217 0 -0.2831866 -0.9590649 -0.8398746 -0.542774 -0.002695977 0 -0.2803161 -0.9599078 -0.5579931 -0.8289526 -0.03848886 -0.6498062 -0.3134968 -0.6924391 -0.7991108 -0.5995031 0.0449211 -0.9388846 -0.3422319 0.03705763 0.6040271 -0.2993136 -0.7386221 -0.7516845 -0.6572409 -0.05481731 0.6857206 -0.3371261 -0.6450839 -0.6786248 -0.3594682 0.6405084 0.9388451 -0.3359011 0.0757656 -0.3602918 -0.922838 -0.1362342 0 -0.7993571 0.6008563 0.6672852 -0.7212074 0.1859852 -0.3917186 -0.9198532 -0.02065932 -4.34462e-7 -0.4234735 0.9059085 0.7104859 -0.4158852 0.5676701 -7.40401e-7 -0.531932 0.8467871 0.4288135 -0.8270631 0.363436 0.6786242 -0.3594685 0.6405089 0.2537566 -0.9418324 0.2203622 0.5816151 -0.657584 0.4788603 0.7516862 -0.6572388 -0.05482 0.3352329 -0.8195187 0.4647668 -3.98234e-6 -0.8217833 -0.5698003 0.1881357 -0.8476937 0.4960044 3.66592e-7 -0.3140295 -0.9494134 0.4889791 -0.8157677 0.3089055 0.3108694 -0.7970026 0.5178294 0.6498088 -0.3134956 -0.6924371 0.1630719 -0.7700799 0.6167533 0.9388847 -0.3422313 0.03705906 0.1788211 -0.8152448 0.5508168 0.3447777 -0.9383132 0.02639544 0.6661432 -0.7351683 -0.1256214 0.5993641 -0.7900325 -0.1288864 0.6234269 -0.7752377 -0.1017125 3.98606e-7 -0.8530027 -0.5219066 -0.5130542 -0.5474113 -0.6611477 0 -0.4504391 -0.8928072 -0.7991906 -0.474129 -0.3694537 -1.58325e-7 -0.547977 -0.8364934 0.6160783 -0.2872473 -0.7334415 -0.6160824 -0.2872456 -0.7334387 0.6102346 -0.7792952 0.1425231 0.5430504 -0.7943737 0.2721521 0.06842339 -0.0993939 0.9926929 0.1126719 -0.4061651 0.9068269 0.06841695 -0.09934681 0.992698 0.01711344 0.217706 0.9758644 0.8472087 -0.531081 -0.01380288 0.8541442 -0.5195821 -0.02173185 0.8325192 -0.5524615 -0.04121059 0.8362839 -0.5471221 0.0358712 0.8769822 -0.4769144 -0.05877965 0.7015163 -0.7121596 0.0265268 0.7814235 -0.6235662 -0.02329808 -0.06832581 -0.09940844 0.9926982 -0.06832182 -0.09940367 0.9926989 -0.1125176 -0.4062019 0.9068295 -0.01709032 0.2176989 0.9758664 -0.006097495 0.8033201 -0.5955163 -0.08783495 0.4343958 -0.8964292 -0.1001214 0.643623 -0.7587655 -0.3153427 0.947737 -0.04851526 -0.2627493 0.2244399 -0.9383974 -0.3153533 0.9477341 -0.04850172 -0.4814593 0.8353679 0.2652497 -0.4814411 0.8353675 0.2652846 -0.7934609 -0.5097183 0.3325766 -0.9512942 -0.3038682 0.05199742 -0.9477282 -0.3139136 0.0571798 -0.5950694 -0.5918319 0.5437164 -0.6365541 -0.2796844 0.7187318 -0.666144 -0.7351672 -0.1256247 -0.3447777 -0.9383132 0.02639561 -0.5993629 -0.790033 -0.1288877 -0.3043151 -0.9480428 0.09277564 0.1001244 0.6436498 -0.7587426 0.00613451 0.8033351 -0.5954958 0.3155097 0.9476805 -0.0485323 0.08783811 0.4343982 -0.8964278 0.2627493 0.2244399 -0.9383974 0.3155171 0.9476788 -0.0485174 0.4816994 0.8352342 0.2652351 0.4817102 0.8352366 0.2652081 0.2645838 -0.9041091 -0.335533 0.2763701 -0.9121992 -0.3025099 -0.3671092 -0.912742 0.1792567</float_array>
          <technique_common>
            <accessor source="#Mesh_0403_rip-mesh-normals-array" count="265" stride="3">
              <param name="X" type="float"/>
              <param name="Y" type="float"/>
              <param name="Z" type="float"/>
            </accessor>
          </technique_common>
        </source>
        <source id="Mesh_0403_rip-mesh-map-0">
          <float_array id="Mesh_0403_rip-mesh-map-0-array" count="2460">0.7649175 -0.9943622 0.8575659 -0.8383257 0.6957606 -0.9282749 0.7910496 -0.7540805 0.6957606 -0.9282749 0.8575659 -0.8383257 0.7910496 -0.7540805 0.8575659 -0.8383257 0.8776003 -0.7294836 0.8698924 -0.9017677 0.8575659 -0.8383257 0.7649175 -0.9943622 0.8776003 -0.7294836 0.8644461 -0.6363112 0.7910496 -0.7540805 0.7910496 -0.7540805 0.8644461 -0.6363112 0.8233717 -0.6165841 0.8776003 -0.7294836 0.9792344 -0.5833657 0.8644461 -0.6363112 0.6879501 -0.8322719 0.6957606 -0.9282749 0.7910496 -0.7540805 0.7579277 -0.700658 0.7910496 -0.7540805 0.8233717 -0.6165841 0.6957606 -0.9282749 0.6879501 -0.8322719 0.6313245 -0.8835886 0.7579277 -0.700658 0.8233717 -0.6165841 0.7920369 -0.6148651 0.7910496 -0.7540805 0.6756302 -0.777617 0.6879501 -0.8322719 0.6313245 -0.8835886 0.6879501 -0.8322719 0.5787049 -0.8196416 0.6879501 -0.8322719 0.6756302 -0.777617 0.5787049 -0.8196416 0.7920369 -0.6148651 0.7135939 -0.6575458 0.7579277 -0.700658 0.8233717 -0.6165841 0.8063063 -0.5254271 0.7920369 -0.6148651 0.6313245 -0.8835886 0.5787049 -0.8196416 0.5553749 -0.8561149 0.7910496 -0.7540805 0.7238664 -0.7393487 0.6756302 -0.777617 0.7910496 -0.7540805 0.7579277 -0.700658 0.7238664 -0.7393487 0.8063063 -0.5254271 0.7216188 -0.5957171 0.7920369 -0.6148651 0.7920369 -0.6148651 0.7216188 -0.5957171 0.7135939 -0.6575458 0.5787049 -0.8196416 0.5042089 -0.8170104 0.5553749 -0.8561149 0.7579277 -0.700658 0.7135939 -0.6575458 0.6750238 -0.707566 0.7579277 -0.700658 0.6750238 -0.707566 0.7238664 -0.7393487 0.7130514 -0.5209298 0.7216188 -0.5957171 0.8063063 -0.5254271 0.5553749 -0.8561149 0.5042089 -0.8170104 0.504208 -0.8476987 0.6368063 -0.6647239 0.6750238 -0.707566 0.7135939 -0.6575458 0.8063063 -0.5254271 0.7484027 -0.4469898 0.7130514 -0.5209298 0.6726728 -0.5909579 0.7135939 -0.6575458 0.7216188 -0.5957171 0.504208 -0.8476987 0.5042089 -0.8170104 0.4530458 -0.8561112 0.6368063 -0.6647239 0.7135939 -0.6575458 0.6726728 -0.5909579 0.8063063 -0.5254271 0.8520546 -0.4336195 0.7484027 -0.4469898 0.7130514 -0.5209298 0.6726728 -0.5909579 0.7216188 -0.5957171 0.4530458 -0.8561112 0.5042089 -0.8170104 0.4297183 -0.8196423 0.6368063 -0.6647239 0.6726728 -0.5909579 0.626913 -0.6145442 0.7484027 -0.4469898 0.8520546 -0.4336195 0.7903042 -0.3885728 0.3771066 -0.8835876 0.4530458 -0.8561112 0.4297183 -0.8196423 0.5884344 -0.6561353 0.6368063 -0.6647239 0.626913 -0.6145442 0.7903042 -0.3885728 0.7244646 -0.4126186 0.7484027 -0.4469898 0.3771066 -0.8835876 0.4297183 -0.8196423 0.3204799 -0.8322774 0.5993021 -0.6928504 0.6368063 -0.6647239 0.5884344 -0.6561353 0.7499026 -0.369822 0.7244646 -0.4126186 0.7903042 -0.3885728 0.3126791 -0.9282795 0.3771066 -0.8835876 0.3204799 -0.8322774 0.542936 -0.6729484 0.5993021 -0.6928504 0.5884344 -0.6561353 0.7924628 -0.334787 0.7499026 -0.369822 0.7903042 -0.3885728 0.7924628 -0.334787 0.7903042 -0.3885728 0.8520546 -0.4336195 0.2173773 -0.7540939 0.3126791 -0.9282795 0.3204799 -0.8322774 0.5466729 -0.7025312 0.5993021 -0.6928504 0.542936 -0.6729484 0.8680717 -0.3188005 0.7924628 -0.334787 0.8520546 -0.4336195 0.2173773 -0.7540939 0.3204799 -0.8322774 0.3327955 -0.777624 0.5993021 -0.6928504 0.5466729 -0.7025312 0.6322157 -0.7387416 0.7874574 -0.2791905 0.7924628 -0.334787 0.8680717 -0.3188005 0.2173773 -0.7540939 0.3327955 -0.777624 0.2845582 -0.7393592 0.5993021 -0.6928504 0.6322157 -0.7387416 0.6750238 -0.707566 0.7924628 -0.334787 0.7874574 -0.2791905 0.7600453 -0.3322811 0.2173773 -0.7540939 0.2845582 -0.7393592 0.2504961 -0.700671 0.6368063 -0.6647239 0.5993021 -0.6928504 0.6750238 -0.707566 0.7600453 -0.3322811 0.7499026 -0.369822 0.7924628 -0.334787 0.2504961 -0.700671 0.1850504 -0.6166004 0.2173773 -0.7540939 0.2845582 -0.7393592 0.3327955 -0.777624 0.3762055 -0.7387476 0.7600453 -0.3322811 0.7874574 -0.2791905 0.7485246 -0.2846756 0.2504961 -0.700671 0.2845582 -0.7393592 0.3333972 -0.7075752 0.2173773 -0.7540939 0.1850504 -0.6166004 0.1439768 -0.6363278 0.2845582 -0.7393592 0.3762055 -0.7387476 0.3333972 -0.7075752 0.7511878 -0.2254607 0.7485246 -0.2846756 0.7874574 -0.2791905 0.1308252 -0.7295024 0.2173773 -0.7540939 0.1439768 -0.6363278 0.2504961 -0.700671 0.2163845 -0.6148813 0.1850504 -0.6166004 0.890908 -0.1533401 0.7511878 -0.2254607 0.7874574 -0.2791905 0.1308252 -0.7295024 0.1439768 -0.6363278 0.02918589 -0.5833788 0.2504961 -0.700671 0.3333972 -0.7075752 0.2948261 -0.6575587 0.2163845 -0.6148813 0.2504961 -0.700671 0.2948261 -0.6575587 0.890908 -0.1533401 0.6911157 -0.1495307 0.7511878 -0.2254607 0.2173773 -0.7540939 0.1308252 -0.7295024 0.150869 -0.8383401 0.2163845 -0.6148813 0.2948261 -0.6575587 0.2867987 -0.5957334 0.6883364 -0.07748162 0.6911157 -0.1495307 0.890908 -0.1533401 0.150869 -0.8383401 0.3126791 -0.9282795 0.2173773 -0.7540939 0.2163845 -0.6148813 0.2867987 -0.5957334 0.2021163 -0.5254477 0.6883364 -0.07748162 0.890908 -0.1533401 0.7796587 -0.009406089 0.3126791 -0.9282795 0.150869 -0.8383401 0.2435277 -0.994375 0.2163845 -0.6148813 0.2021163 -0.5254477 0.1850504 -0.6166004 0.5943159 -0.09572458 0.6911157 -0.1495307 0.6883364 -0.07748162 0.2021163 -0.5254477 0.2867987 -0.5957334 0.2953633 -0.5209524 0.2435277 -0.994375 0.150869 -0.8383401 0.1385452 -0.9017798 0.5943159 -0.09572458 0.6112784 -0.17984 0.6911157 -0.1495307 0.2021163 -0.5254477 0.2953633 -0.5209524 0.2600173 -0.4470205 0.2867987 -0.5957334 0.3357414 -0.5909724 0.2953633 -0.5209524 0.1850504 -0.6166004 0.2021163 -0.5254477 0.1563527 -0.5415595 0.6112784 -0.17984 0.5943159 -0.09572458 0.5428054 -0.2046416 0.3357414 -0.5909724 0.2867987 -0.5957334 0.2948261 -0.6575587 0.1563527 -0.5415595 0.1683635 -0.612489 0.1850504 -0.6166004 0.6911157 -0.1495307 0.6112784 -0.17984 0.6954956 -0.1841733 0.3716107 -0.6647328 0.3357414 -0.5909724 0.2948261 -0.6575587 0.1563527 -0.5415595 0.1285719 -0.5872846 0.1683635 -0.612489 0.6911157 -0.1495307 0.6954956 -0.1841733 0.7511878 -0.2254607 0.3716107 -0.6647328 0.2948261 -0.6575587 0.3333972 -0.7075752 0.1563527 -0.5415595 0.04255479 -0.5616946 0.1285719 -0.5872846 0.3815003 -0.6145548 0.3357414 -0.5909724 0.3716107 -0.6647328 0.6745479 -0.2317025 0.7511878 -0.2254607 0.6954956 -0.1841733 0.6954956 -0.1841733 0.6112784 -0.17984 0.6745479 -0.2317025 0.1563527 -0.5415595 0.05875283 -0.5114338 0.04255479 -0.5616946 0.3756965 -0.5857471 0.3357414 -0.5909724 0.3815003 -0.6145548 0.7265953 -0.2577734 0.7511878 -0.2254607 0.6745479 -0.2317025 0.1563527 -0.5415595 0.1050988 -0.4784997 0.05875283 -0.5114338 0.04255479 -0.5616946 0.05875283 -0.5114338 0.04653197 -0.5298197 0.3815003 -0.6145548 0.3716107 -0.6647328 0.4199804 -0.6561414 0.6745479 -0.2317025 0.6112784 -0.17984 0.6173142 -0.2290229 0.7265953 -0.2577734 0.7485246 -0.2846756 0.7511878 -0.2254607 0.3756965 -0.5857471 0.3815003 -0.6145548 0.4150885 -0.6076775 0.4150885 -0.6076775 0.3815003 -0.6145548 0.4199804 -0.6561414 0.6112784 -0.17984 0.5792703 -0.2375762 0.6173142 -0.2290229 0.7200291 -0.2682138 0.7485246 -0.2846756 0.7265953 -0.2577734 0.7265953 -0.2577734 0.6745479 -0.2317025 0.7200291 -0.2682138 0.4186394 -0.5832106 0.3756965 -0.5857471 0.4150885 -0.6076775 0.5792703 -0.2375762 0.5938357 -0.2505148 0.6173142 -0.2290229 0.7431688 -0.2989307 0.7485246 -0.2846756 0.7200291 -0.2682138 0.4186394 -0.5832106 0.4150885 -0.6076775 0.4651232 -0.5826808 0.5792703 -0.2375762 0.5688039 -0.2653623 0.5938357 -0.2505148 0.7431688 -0.2989307 0.7600453 -0.3322811 0.7485246 -0.2846756 0.4651232 -0.5826808 0.4067101 -0.5507319 0.4186394 -0.5832106 0.548496 -0.2567568 0.5688039 -0.2653623 0.5792703 -0.2375762 0.7494114 -0.3439894 0.7600453 -0.3322811 0.7431688 -0.2989307 0.4651232 -0.5826808 0.4150885 -0.6076775 0.4609714 -0.6238314 0.5688039 -0.2653623 0.548496 -0.2567568 0.5532847 -0.2880948 0.7494114 -0.3439894 0.7499026 -0.369822 0.7600453 -0.3322811 0.5042055 -0.6259055 0.4651232 -0.5826808 0.4609714 -0.6238314 0.4199804 -0.6561414 0.4609714 -0.6238314 0.4150885 -0.6076775 0.5532847 -0.2880948 0.548496 -0.2567568 0.5393059 -0.2837312 0.726593 -0.3710766 0.7499026 -0.369822 0.7494114 -0.3439894 0.4654787 -0.6729512 0.4609714 -0.6238314 0.4199804 -0.6561414 0.4654787 -0.6729512 0.5042055 -0.6259055 0.4609714 -0.6238314 0.5393059 -0.2837312 0.548496 -0.2567568 0.5042004 -0.2658808 0.726593 -0.3710766 0.7244646 -0.4126186 0.7499026 -0.369822 0.5042073 -0.6748993 0.5042055 -0.6259055 0.4654787 -0.6729512 0.5393059 -0.2837312 0.5320237 -0.3096222 0.5532847 -0.2880948 0.7024628 -0.3761895 0.7244646 -0.4126186 0.726593 -0.3710766 0.5042073 -0.6748993 0.542936 -0.6729484 0.5042055 -0.6259055 0.5320237 -0.3096222 0.5393059 -0.2837312 0.5041912 -0.2969072 0.5041912 -0.2969072 0.5393059 -0.2837312 0.5042004 -0.2658808 0.7244646 -0.4126186 0.7024628 -0.3761895 0.6842723 -0.4275348 0.5042055 -0.6259055 0.542936 -0.6729484 0.5474398 -0.6238276 0.4690874 -0.2837139 0.5041912 -0.2969072 0.5042004 -0.2658808 0.7244646 -0.4126186 0.6842723 -0.4275348 0.7484027 -0.4469898 0.543284 -0.5826764 0.5042055 -0.6259055 0.5474398 -0.6238276 0.476349 -0.3096101 0.5041912 -0.2969072 0.4690874 -0.2837139 0.4690874 -0.2837139 0.5042004 -0.2658808 0.4599151 -0.2567413 0.7484027 -0.4469898 0.6842723 -0.4275348 0.6777058 -0.471473 0.5474398 -0.6238276 0.5933225 -0.6076691 0.543284 -0.5826764 0.4690874 -0.2837139 0.4599151 -0.2567413 0.4551088 -0.2880666 0.4690874 -0.2837139 0.4551088 -0.2880666 0.476349 -0.3096101 0.7024628 -0.3761895 0.6753069 -0.3816953 0.6842723 -0.4275348 0.543284 -0.5826764 0.5933225 -0.6076691 0.5897694 -0.5832012 0.4551088 -0.2880666 0.4599151 -0.2567413 0.4396131 -0.2653347 0.476349 -0.3096101 0.5041821 -0.3335326 0.5041912 -0.2969072 0.6016954 -0.550719 0.543284 -0.5826764 0.5897694 -0.5832012 0.476349 -0.3096101 0.4551088 -0.2880666 0.4612454 -0.3140081 0.4291577 -0.2375625 0.4396131 -0.2653347 0.4599151 -0.2567413 0.5486648 -0.5278441 0.543284 -0.5826764 0.6016954 -0.550719 0.476349 -0.3096101 0.4612454 -0.3140081 0.4767472 -0.3399619 0.4767472 -0.3399619 0.5041821 -0.3335326 0.476349 -0.3096101 0.4145993 -0.250497 0.4396131 -0.2653347 0.4291577 -0.2375625 0.5042009 -0.5367053 0.543284 -0.5826764 0.5486648 -0.5278441 0.4767472 -0.3399619 0.4612454 -0.3140081 0.4558758 -0.3389101 0.3911238 -0.2290154 0.4145993 -0.250497 0.4291577 -0.2375625 0.5042036 -0.5833871 0.543284 -0.5826764 0.5042009 -0.5367053 0.4767472 -0.3399619 0.4558758 -0.3389101 0.4752137 -0.3691621 0.3806707 -0.2433521 0.4145993 -0.250497 0.3911238 -0.2290154 0.5042036 -0.5833871 0.5042055 -0.6259055 0.543284 -0.5826764 0.4752137 -0.3691621 0.5041812 -0.3682582 0.4767472 -0.3399619 0.3911238 -0.2290154 0.3338959 -0.2317042 0.3806707 -0.2433521 0.5042036 -0.5833871 0.4651232 -0.5826808 0.5042055 -0.6259055 0.5042036 -0.5833871 0.5042009 -0.5367053 0.4651232 -0.5826808 0.4752137 -0.3691621 0.5041864 -0.4090242 0.5041812 -0.3682582 0.3806707 -0.2433521 0.3338959 -0.2317042 0.34024 -0.2458528 0.3911238 -0.2290154 0.4291577 -0.2375625 0.3971548 -0.1798373 0.4727078 -0.4104927 0.5041864 -0.4090242 0.4752137 -0.3691621 0.4767472 -0.3399619 0.5041812 -0.3682582 0.5041821 -0.3335326 0.3971548 -0.1798373 0.3338959 -0.2317042 0.3911238 -0.2290154 0.4727078 -0.4104927 0.4753927 -0.4444064 0.5041864 -0.4090242 0.4473435 -0.3864832 0.4727078 -0.4104927 0.4752137 -0.3691621 0.5041812 -0.3682582 0.5316104 -0.3399633 0.5041821 -0.3335326 0.34024 -0.2458528 0.3338959 -0.2317042 0.28842 -0.2682248 0.4510464 -0.4233245 0.4727078 -0.4104927 0.4473435 -0.3864832 0.4727078 -0.4104927 0.4510464 -0.4233245 0.4753927 -0.4444064 0.5316104 -0.3399633 0.5320237 -0.3096222 0.5041821 -0.3335326 0.28842 -0.2682248 0.3338959 -0.2317042 0.2818514 -0.2577847 0.3982232 -0.4096568 0.4510464 -0.4233245 0.4473435 -0.3864832 0.5320237 -0.3096222 0.5316104 -0.3399633 0.547119 -0.3140289 0.2818514 -0.2577847 0.2599217 -0.2846952 0.28842 -0.2682248 0.4473435 -0.3864832 0.4221887 -0.3748829 0.3982232 -0.4096568 0.5041821 -0.3335326 0.5320237 -0.3096222 0.5041912 -0.2969072 0.3338959 -0.2317042 0.2572534 -0.2254723 0.2818514 -0.2577847 0.2818514 -0.2577847 0.2572534 -0.2254723 0.2599217 -0.2846952 0.3982232 -0.4096568 0.4221887 -0.3748829 0.3976965 -0.381559 0.5532847 -0.2880948 0.5320237 -0.3096222 0.547119 -0.3140289 0.3129438 -0.1841794 0.2572534 -0.2254723 0.3338959 -0.2317042 0.3687718 -0.3865817 0.3982232 -0.4096568 0.3976965 -0.381559 0.4221887 -0.3748829 0.4473435 -0.3864832 0.4422034 -0.3605434 0.3173217 -0.1495373 0.2572534 -0.2254723 0.3129438 -0.1841794 0.324135 -0.4275746 0.3982232 -0.4096568 0.3687718 -0.3865817 0.3129438 -0.1841794 0.3338959 -0.2317042 0.3971548 -0.1798373 0.4422034 -0.3605434 0.4473435 -0.3864832 0.4752137 -0.3691621 0.3971548 -0.1798373 0.3173217 -0.1495373 0.3129438 -0.1841794 0.324135 -0.4275746 0.3995286 -0.4563869 0.3982232 -0.4096568 0.4752137 -0.3691621 0.4558758 -0.3389101 0.4422034 -0.3605434 0.4141151 -0.09572458 0.3173217 -0.1495373 0.3971548 -0.1798373 0.3330969 -0.3817518 0.324135 -0.4275746 0.3687718 -0.3865817 0.3995286 -0.4563869 0.4510464 -0.4233245 0.3982232 -0.4096568 0.4656185 -0.2046366 0.4141151 -0.09572458 0.3971548 -0.1798373 0.3059544 -0.3762438 0.324135 -0.4275746 0.3330969 -0.3817518 0.330702 -0.4715026 0.3995286 -0.4563869 0.324135 -0.4275746 0.4510464 -0.4233245 0.3995286 -0.4563869 0.4435512 -0.4767616 0.5042136 -0.1163961 0.4141151 -0.09572458 0.4656185 -0.2046366 0.2839542 -0.4126579 0.324135 -0.4275746 0.3059544 -0.3762438 0.4753927 -0.4444064 0.4510464 -0.4233245 0.4435512 -0.4767616 0.4656185 -0.2046366 0.5042103 -0.2068493 0.5042136 -0.1163961 0.2600173 -0.4470205 0.324135 -0.4275746 0.2839542 -0.4126579 0.330702 -0.4715026 0.324135 -0.4275746 0.2600173 -0.4470205 0.4435512 -0.4767616 0.4742374 -0.4898142 0.4753927 -0.4444064 0.5428054 -0.2046416 0.5042136 -0.1163961 0.5042103 -0.2068493 0.2600173 -0.4470205 0.2953633 -0.5209524 0.330702 -0.4715026 0.4597328 -0.5278521 0.4742374 -0.4898142 0.4435512 -0.4767616 0.5428054 -0.2046416 0.5943159 -0.09572458 0.5042136 -0.1163961 0.2839542 -0.4126579 0.2181265 -0.3886025 0.2600173 -0.4470205 0.4783446 -0.5152778 0.4742374 -0.4898142 0.4597328 -0.5278521 0.5042103 -0.2068493 0.548496 -0.2567568 0.5428054 -0.2046416 0.2585294 -0.3698604 0.2181265 -0.3886025 0.2839542 -0.4126579 0.4783446 -0.5152778 0.4597328 -0.5278521 0.5042009 -0.5367053 0.5042004 -0.2658808 0.548496 -0.2567568 0.5042103 -0.2068493 0.2585294 -0.3698604 0.2159742 -0.3348134 0.2181265 -0.3886025 0.4783446 -0.5152778 0.5042009 -0.5367053 0.5041983 -0.5160759 0.4599151 -0.2567413 0.5042004 -0.2658808 0.5042103 -0.2068493 0.2483964 -0.3323118 0.2159742 -0.3348134 0.2585294 -0.3698604 0.4783446 -0.5152778 0.5041983 -0.5160759 0.4805012 -0.500977 0.5042103 -0.2068493 0.4656185 -0.2046366 0.4599151 -0.2567413 0.2483964 -0.3323118 0.220983 -0.2792094 0.2159742 -0.3348134 0.4790563 -0.4949567 0.4783446 -0.5152778 0.4805012 -0.500977 0.5300486 -0.5152733 0.5041983 -0.5160759 0.5042009 -0.5367053 0.2599217 -0.2846952 0.220983 -0.2792094 0.2483964 -0.3323118 0.4790563 -0.4949567 0.4805012 -0.500977 0.4896578 -0.4911568 0.5300486 -0.5152733 0.5042009 -0.5367053 0.5486648 -0.5278441 0.2599217 -0.2846952 0.2572534 -0.2254723 0.220983 -0.2792094 0.4871968 -0.4651712 0.4790563 -0.4949567 0.4896578 -0.4911568 0.5486648 -0.5278441 0.5341529 -0.4898071 0.5300486 -0.5152733 0.2483964 -0.3323118 0.2652792 -0.2989543 0.2599217 -0.2846952 0.4871968 -0.4651712 0.4896578 -0.4911568 0.5041939 -0.4747141 0.56484 -0.4767478 0.5341529 -0.4898071 0.5486648 -0.5278441 0.2590309 -0.3440249 0.2652792 -0.2989543 0.2483964 -0.3323118 0.28842 -0.2682248 0.2599217 -0.2846952 0.2652792 -0.2989543 0.4871968 -0.4651712 0.5041939 -0.4747141 0.5041918 -0.4555354 0.56484 -0.4767478 0.5329908 -0.4443994 0.5341529 -0.4898071 0.2483964 -0.3323118 0.2585294 -0.3698604 0.2590309 -0.3440249 0.5041908 -0.436679 0.4871968 -0.4651712 0.5041918 -0.4555354 0.5573311 -0.4233077 0.5329908 -0.4443994 0.56484 -0.4767478 0.5329908 -0.4443994 0.5211884 -0.4651668 0.5341529 -0.4898071 0.5211884 -0.4651668 0.5041918 -0.4555354 0.5041939 -0.4747141 0.5329908 -0.4443994 0.5041908 -0.436679 0.5211884 -0.4651668 0.4753927 -0.4444064 0.4871968 -0.4651712 0.5041908 -0.436679 0.5573311 -0.4233077 0.56484 -0.4767478 0.6088638 -0.4563608 0.5211884 -0.4651668 0.5041908 -0.436679 0.5041918 -0.4555354 0.5356652 -0.4104822 0.5329908 -0.4443994 0.5573311 -0.4233077 0.4753927 -0.4444064 0.4742374 -0.4898142 0.4871968 -0.4651712 0.5211884 -0.4651668 0.5041939 -0.4747141 0.5187314 -0.4911561 0.5573311 -0.4233077 0.5610191 -0.3864603 0.5356652 -0.4104822 0.5041864 -0.4090242 0.4753927 -0.4444064 0.5041908 -0.436679 0.5041908 -0.436679 0.5329908 -0.4443994 0.5041864 -0.4090242 0.5041943 -0.4863546 0.5187314 -0.4911561 0.5041939 -0.4747141 0.5573311 -0.4233077 0.6101589 -0.4096176 0.5610191 -0.3864603 0.5041864 -0.4090242 0.5329908 -0.4443994 0.5356652 -0.4104822 0.6088638 -0.4563608 0.6101589 -0.4096176 0.5573311 -0.4233077 0.5041963 -0.5025075 0.5187314 -0.4911561 0.5041943 -0.4863546 0.5356652 -0.4104822 0.5331464 -0.3691537 0.5041864 -0.4090242 0.5356652 -0.4104822 0.5610191 -0.3864603 0.5331464 -0.3691537 0.6101589 -0.4096176 0.5861681 -0.3748418 0.5610191 -0.3864603 0.5278897 -0.5009747 0.5187314 -0.4911561 0.5041963 -0.5025075 0.5041864 -0.4090242 0.5331464 -0.3691537 0.5041812 -0.3682582 0.6106755 -0.3815074 0.5861681 -0.3748418 0.6101589 -0.4096176 0.5293333 -0.4949532 0.5187314 -0.4911561 0.5278897 -0.5009747 0.4896578 -0.4911568 0.5041963 -0.5025075 0.5041943 -0.4863546 0.6106755 -0.3815074 0.6101589 -0.4096176 0.639617 -0.3865271 0.5211884 -0.4651668 0.5187314 -0.4911561 0.5293333 -0.4949532 0.4805012 -0.500977 0.5041963 -0.5025075 0.4896578 -0.4911568 0.5041943 -0.4863546 0.5041939 -0.4747141 0.4896578 -0.4911568 0.639617 -0.3865271 0.6101589 -0.4096176 0.6842723 -0.4275348 0.5300486 -0.5152733 0.5293333 -0.4949532 0.5278897 -0.5009747 0.4805012 -0.500977 0.5041983 -0.5160759 0.5041963 -0.5025075 0.6753069 -0.3816953 0.639617 -0.3865271 0.6842723 -0.4275348 0.5300486 -0.5152733 0.5278897 -0.5009747 0.5041983 -0.5160759 0.5341529 -0.4898071 0.5293333 -0.4949532 0.5300486 -0.5152733 0.5041983 -0.5160759 0.5278897 -0.5009747 0.5041963 -0.5025075 0.5341529 -0.4898071 0.5211884 -0.4651668 0.5293333 -0.4949532 0.6088638 -0.4563608 0.6842723 -0.4275348 0.6101589 -0.4096176 0.6777058 -0.471473 0.6842723 -0.4275348 0.6088638 -0.4563608 0.6066207 -0.5046193 0.6777058 -0.471473 0.6088638 -0.4563608 0.6088638 -0.4563608 0.56484 -0.4767478 0.6066207 -0.5046193 0.6601476 -0.5305419 0.6777058 -0.471473 0.6066207 -0.5046193 0.56484 -0.4767478 0.5486648 -0.5278441 0.6066207 -0.5046193 0.6601476 -0.5305419 0.7130514 -0.5209298 0.6777058 -0.471473 0.6066207 -0.5046193 0.5486648 -0.5278441 0.6016954 -0.550719 0.6066207 -0.5046193 0.6016954 -0.550719 0.6601476 -0.5305419 0.6601476 -0.5305419 0.6726728 -0.5909579 0.7130514 -0.5209298 0.7484027 -0.4469898 0.6777058 -0.471473 0.7130514 -0.5209298 0.6601476 -0.5305419 0.6016954 -0.550719 0.6306565 -0.568125 0.6306565 -0.568125 0.6726728 -0.5909579 0.6601476 -0.5305419 0.5897694 -0.5832012 0.6306565 -0.568125 0.6016954 -0.550719 0.6327148 -0.5857341 0.6726728 -0.5909579 0.6306565 -0.568125 0.6327148 -0.5857341 0.6306565 -0.568125 0.5897694 -0.5832012 0.626913 -0.6145442 0.6726728 -0.5909579 0.6327148 -0.5857341 0.5897694 -0.5832012 0.5933225 -0.6076691 0.6327148 -0.5857341 0.6327148 -0.5857341 0.5933225 -0.6076691 0.626913 -0.6145442 0.626913 -0.6145442 0.5933225 -0.6076691 0.5884344 -0.6561353 0.5933225 -0.6076691 0.5474398 -0.6238276 0.5884344 -0.6561353 0.5884344 -0.6561353 0.5474398 -0.6238276 0.542936 -0.6729484 0.5042073 -0.6748993 0.5042078 -0.6978529 0.542936 -0.6729484 0.4654787 -0.6729512 0.5042078 -0.6978529 0.5042073 -0.6748993 0.542936 -0.6729484 0.5042078 -0.6978529 0.5466729 -0.7025312 0.4617435 -0.7025336 0.5042078 -0.6978529 0.4654787 -0.6729512 0.5466729 -0.7025312 0.5042078 -0.6978529 0.5042082 -0.7144696 0.4617435 -0.7025336 0.5042082 -0.7144696 0.5042078 -0.6978529 0.4617435 -0.7025336 0.4654787 -0.6729512 0.4091153 -0.6928558 0.5042082 -0.7144696 0.5042091 -0.7694332 0.5466729 -0.7025312 0.4617435 -0.7025336 0.5042091 -0.7694332 0.5042082 -0.7144696 0.4091153 -0.6928558 0.4654787 -0.6729512 0.4199804 -0.6561414 0.5466729 -0.7025312 0.5042091 -0.7694332 0.5873352 -0.7729588 0.4091153 -0.6928558 0.3762055 -0.7387476 0.4617435 -0.7025336 0.4199804 -0.6561414 0.3716107 -0.6647328 0.4091153 -0.6928558 0.5466729 -0.7025312 0.5873352 -0.7729588 0.6322157 -0.7387416 0.5042089 -0.8170104 0.5873352 -0.7729588 0.5042091 -0.7694332 0.421086 -0.7729614 0.5042091 -0.7694332 0.4617435 -0.7025336 0.4617435 -0.7025336 0.3762055 -0.7387476 0.421086 -0.7729614 0.4091153 -0.6928558 0.3333972 -0.7075752 0.3762055 -0.7387476 0.3716107 -0.6647328 0.3333972 -0.7075752 0.4091153 -0.6928558 0.421086 -0.7729614 0.5042089 -0.8170104 0.5042091 -0.7694332 0.6756302 -0.777617 0.6322157 -0.7387416 0.5873352 -0.7729588 0.3327955 -0.777624 0.421086 -0.7729614 0.3762055 -0.7387476 0.5787049 -0.8196416 0.5873352 -0.7729588 0.5042089 -0.8170104 0.5787049 -0.8196416 0.6756302 -0.777617 0.5873352 -0.7729588 0.7238664 -0.7393487 0.6322157 -0.7387416 0.6756302 -0.777617 0.421086 -0.7729614 0.3327955 -0.777624 0.4297183 -0.8196423 0.4297183 -0.8196423 0.5042089 -0.8170104 0.421086 -0.7729614 0.7238664 -0.7393487 0.6750238 -0.707566 0.6322157 -0.7387416 0.4297183 -0.8196423 0.3327955 -0.777624 0.3204799 -0.8322774 0.7874574 -0.2791905 0.8680717 -0.3188005 0.890908 -0.1533401 0.547119 -0.3140289 0.5316104 -0.3399633 0.5524679 -0.338912 0.5316104 -0.3399633 0.5331464 -0.3691537 0.5524679 -0.338912 0.5331464 -0.3691537 0.5316104 -0.3399633 0.5041812 -0.3682582 0.5524679 -0.338912 0.5331464 -0.3691537 0.5661422 -0.3605199 0.5610191 -0.3864603 0.5661422 -0.3605199 0.5331464 -0.3691537 0.5861681 -0.3748418 0.5661422 -0.3605199 0.5610191 -0.3864603 0.05875283 -0.5114338 0.1050988 -0.4784997 0.03620451 -0.513264 0.04653197 -0.5298197 0.05875283 -0.5114338 0.03620451 -0.513264 0.8520717 -0.5415419 0.9658698 -0.5616847 0.9496757 -0.5114274 0.8520717 -0.5415419 0.8798508 -0.587269 0.9658698 -0.5616847 0.9496757 -0.5114274 0.9658698 -0.5616847 0.961895 -0.5298131 0.8520717 -0.5415419 0.8400591 -0.6124728 0.8798508 -0.587269 0.8520717 -0.5415419 0.9496757 -0.5114274 0.9033325 -0.4784839 0.8520717 -0.5415419 0.8233717 -0.6165841 0.8400591 -0.6124728 0.8520717 -0.5415419 0.8063063 -0.5254271 0.8233717 -0.6165841 0.9496757 -0.5114274 0.9722242 -0.513263 0.9033325 -0.4784839 0.961895 -0.5298131 0.9722242 -0.513263 0.9496757 -0.5114274 0.8798508 -0.587269 0.8400591 -0.6124728 0.8644461 -0.6363112 0.9792344 -0.5833657 0.8798508 -0.587269 0.8644461 -0.6363112 0.8644461 -0.6363112 0.8400591 -0.6124728 0.8233717 -0.6165841 0.9658698 -0.5616847 0.8798508 -0.587269 0.9792344 -0.5833657 0.9792344 -0.5833657 0.9722242 -0.513263 0.9658698 -0.5616847 0.9658698 -0.5616847 0.9722242 -0.513263 0.961895 -0.5298131 0.220983 -0.2792094 0.1175256 -0.153351 0.1403639 -0.3188202 0.1403639 -0.3188202 0.2159742 -0.3348134 0.220983 -0.2792094 0.1175256 -0.153351 0.220983 -0.2792094 0.2572534 -0.2254723 0.1563752 -0.4336431 0.2159742 -0.3348134 0.1403639 -0.3188202 0.1175256 -0.153351 0.2572534 -0.2254723 0.3173217 -0.1495373 0.2159742 -0.3348134 0.1563752 -0.4336431 0.2181265 -0.3886025 0.3200994 -0.0774908 0.1175256 -0.153351 0.3173217 -0.1495373 0.1563752 -0.4336431 0.2600173 -0.4470205 0.2181265 -0.3886025 0.2021163 -0.5254477 0.2600173 -0.4470205 0.1563752 -0.4336431 0.3200994 -0.0774908 0.2287762 -0.009415745 0.1175256 -0.153351 0.4141151 -0.09572458 0.3200994 -0.0774908 0.3173217 -0.1495373 0.3482617 -0.5305615 0.4017794 -0.5046373 0.330702 -0.4715026 0.3482617 -0.5305615 0.4067101 -0.5507319 0.4017794 -0.5046373 0.330702 -0.4715026 0.4017794 -0.5046373 0.3995286 -0.4563869 0.3777533 -0.5681392 0.4067101 -0.5507319 0.3482617 -0.5305615 0.3482617 -0.5305615 0.330702 -0.4715026 0.2953633 -0.5209524 0.4597328 -0.5278521 0.4017794 -0.5046373 0.4067101 -0.5507319 0.4435512 -0.4767616 0.3995286 -0.4563869 0.4017794 -0.5046373 0.3482617 -0.5305615 0.3357414 -0.5909724 0.3777533 -0.5681392 0.2953633 -0.5209524 0.3357414 -0.5909724 0.3482617 -0.5305615 0.4435512 -0.4767616 0.4017794 -0.5046373 0.4597328 -0.5278521 0.4597328 -0.5278521 0.4067101 -0.5507319 0.4651232 -0.5826808 0.3777533 -0.5681392 0.3357414 -0.5909724 0.3756965 -0.5857471 0.4651232 -0.5826808 0.5042009 -0.5367053 0.4597328 -0.5278521 0.4067101 -0.5507319 0.3777533 -0.5681392 0.4186394 -0.5832106 0.4186394 -0.5832106 0.3777533 -0.5681392 0.3756965 -0.5857471 0.1439768 -0.6363278 0.1285719 -0.5872846 0.02918589 -0.5833788 0.1285719 -0.5872846 0.1439768 -0.6363278 0.1683635 -0.612489 0.1439768 -0.6363278 0.1850504 -0.6166004 0.1683635 -0.612489 0.02918589 -0.5833788 0.1285719 -0.5872846 0.04255479 -0.5616946 0.02918589 -0.5833788 0.04255479 -0.5616946 0.03620451 -0.513264 0.03620451 -0.513264 0.04255479 -0.5616946 0.04653197 -0.5298197 0.6173142 -0.2290229 0.5938357 -0.2505148 0.6277717 -0.2433593 0.6173142 -0.2290229 0.6277717 -0.2433593 0.6745479 -0.2317025 0.6745479 -0.2317025 0.6277717 -0.2433593 0.668206 -0.2458528 0.7200291 -0.2682138 0.6745479 -0.2317025 0.668206 -0.2458528 0.3971548 -0.1798373 0.4291577 -0.2375625 0.4656185 -0.2046366 0.4291577 -0.2375625 0.4599151 -0.2567413 0.4656185 -0.2046366 0.2590309 -0.3440249 0.2585294 -0.3698604 0.2818342 -0.3711245 0.2585294 -0.3698604 0.2839542 -0.4126579 0.2818342 -0.3711245 0.2818342 -0.3711245 0.2839542 -0.4126579 0.3059544 -0.3762438 0.5428054 -0.2046416 0.5792703 -0.2375762 0.6112784 -0.17984 0.5792703 -0.2375762 0.5428054 -0.2046416 0.548496 -0.2567568 0.4871968 -0.4651712 0.4742374 -0.4898142 0.4790563 -0.4949567 0.4742374 -0.4898142 0.4783446 -0.5152778 0.4790563 -0.4949567</float_array>
          <technique_common>
            <accessor source="#Mesh_0403_rip-mesh-map-0-array" count="1230" stride="2">
              <param name="S" type="float"/>
              <param name="T" type="float"/>
            </accessor>
          </technique_common>
        </source>
        <vertices id="Mesh_0403_rip-mesh-vertices">
          <input semantic="POSITION" source="#Mesh_0403_rip-mesh-positions"/>
        </vertices>
        <triangles material="mat0_009-material" count="410">
          <input semantic="VERTEX" source="#Mesh_0403_rip-mesh-vertices" offset="0"/>
          <input semantic="NORMAL" source="#Mesh_0403_rip-mesh-normals" offset="1"/>
          <input semantic="TEXCOORD" source="#Mesh_0403_rip-mesh-map-0" offset="2" set="0"/>
          <p>0 0 0 1 1 1 2 2 2 3 3 3 2 2 4 1 1 5 3 3 6 1 1 7 4 4 8 5 5 9 1 1 10 0 0 11 4 4 12 6 6 13 3 3 14 3 3 15 6 6 16 7 7 17 4 4 18 8 8 19 6 6 20 9 9 21 2 2 22 3 3 23 10 10 24 3 3 25 7 7 26 2 2 27 9 9 28 11 11 29 10 10 30 7 7 31 12 12 32 3 3 33 13 13 34 9 9 35 11 11 36 9 9 37 14 14 38 9 9 39 13 13 40 14 14 41 12 12 42 15 15 43 10 10 44 7 7 45 16 16 46 12 12 47 11 11 48 14 14 49 17 17 50 3 3 51 18 18 52 13 13 53 3 3 54 10 10 55 18 18 56 16 16 57 19 19 58 12 12 59 12 12 60 19 19 61 15 15 62 14 14 63 20 20 64 17 17 65 10 10 66 15 15 67 21 21 68 10 10 69 21 21 70 18 18 71 22 22 72 19 19 73 16 16 74 17 17 75 20 20 76 23 23 77 24 24 78 21 21 79 15 15 80 16 16 81 25 25 82 22 22 83 26 26 84 15 15 85 19 19 86 23 23 87 20 20 88 27 27 89 24 24 90 15 15 91 26 26 92 16 16 93 28 28 94 25 25 95 22 22 96 26 26 97 19 19 98 27 27 99 20 20 100 29 29 101 24 24 102 26 26 103 30 30 104 25 25 105 28 28 106 31 31 107 32 32 108 27 27 109 29 29 110 33 33 111 24 24 112 30 30 113 31 31 114 34 34 115 25 25 116 32 32 117 29 29 118 35 35 119 36 36 120 24 24 121 33 33 122 37 37 123 34 34 124 31 31 125 38 38 126 32 32 127 35 35 128 39 39 129 36 36 130 33 33 131 40 40 132 37 37 133 31 31 134 40 40 135 31 31 136 28 28 137 41 41 138 38 38 139 35 35 140 42 42 141 36 36 142 39 39 143 43 43 144 40 40 145 28 28 146 41 41 147 35 35 148 44 44 149 36 36 150 42 42 151 45 45 152 46 46 153 40 40 154 43 43 155 41 41 156 44 44 157 47 47 158 36 36 159 45 45 160 21 21 161 40 40 162 46 46 163 48 48 164 41 41 165 47 47 166 49 49 167 24 24 168 36 36 169 21 21 170 48 48 171 37 37 172 40 40 173 49 49 174 50 50 175 41 41 176 47 47 177 44 44 178 51 51 179 48 48 180 46 46 181 52 52 182 49 49 183 47 47 184 53 53 185 41 41 186 50 50 187 54 54 188 47 47 189 51 51 190 53 53 191 55 55 192 52 52 193 46 46 194 56 56 195 41 41 196 54 54 197 49 49 198 57 57 199 50 50 200 58 58 201 55 55 202 46 46 203 56 56 204 54 54 205 59 59 206 49 49 207 53 53 208 60 60 209 57 57 210 49 49 211 60 60 212 58 58 213 61 61 214 55 55 215 41 41 216 56 56 217 62 62 218 57 57 219 60 60 220 63 63 221 64 64 222 61 61 223 58 58 224 62 62 225 38 38 226 41 41 227 57 57 228 63 63 229 65 65 230 64 64 231 58 58 232 66 66 233 38 38 234 62 62 235 67 67 236 57 57 237 65 65 238 50 50 239 68 68 240 61 61 241 64 64 242 65 65 243 63 63 244 69 69 245 67 67 246 62 62 247 70 70 248 68 68 249 71 71 250 61 61 251 65 65 252 69 69 253 72 72 254 63 63 255 73 73 256 69 69 257 50 50 258 65 65 259 74 74 260 71 71 261 68 68 262 75 75 263 73 73 264 63 63 265 60 60 266 74 74 267 76 76 268 50 50 269 61 61 270 71 71 271 77 77 272 78 78 273 73 73 274 60 60 275 74 74 276 79 79 277 76 76 278 61 61 279 77 77 280 55 55 281 78 78 282 60 60 283 53 53 284 74 74 285 80 80 286 79 79 287 81 81 288 73 73 289 78 78 290 82 82 291 55 55 292 77 77 293 77 77 294 71 71 295 82 82 296 74 74 297 83 83 298 80 80 299 84 84 300 73 73 301 81 81 302 85 85 303 55 55 304 82 82 305 74 74 306 86 86 307 83 83 308 80 80 309 83 83 310 87 87 311 81 81 312 78 78 313 88 88 314 82 82 315 71 71 316 89 89 317 85 85 318 52 52 319 55 55 320 84 84 321 81 81 322 90 90 323 90 90 324 81 81 325 88 88 326 71 71 327 91 91 328 89 89 329 92 92 330 52 52 331 85 85 332 85 85 333 82 82 334 92 92 335 93 93 336 84 84 337 90 90 338 91 91 339 94 94 340 89 89 341 95 95 342 52 52 343 92 92 344 93 93 345 90 90 346 96 96 347 91 91 348 97 97 349 94 94 350 95 95 351 48 48 352 52 52 353 96 96 354 98 98 355 93 93 356 99 99 357 97 97 358 91 91 359 100 100 360 48 48 361 95 95 362 96 96 363 90 90 364 101 101 365 97 97 366 99 99 367 102 102 368 100 100 369 37 37 370 48 48 371 103 103 372 96 96 373 101 101 374 88 88 375 101 101 376 90 90 377 102 102 378 99 99 379 104 104 380 105 105 381 37 37 382 100 100 383 106 106 384 101 101 385 88 88 386 106 106 387 103 103 388 101 101 389 104 104 390 99 99 391 107 107 392 105 105 393 34 34 394 37 37 395 108 108 396 103 103 397 106 106 398 104 104 399 109 109 400 102 102 401 110 110 402 34 34 403 105 105 404 108 108 405 39 39 406 103 103 407 109 109 408 104 104 409 111 111 410 111 111 411 104 104 412 107 107 413 34 34 414 110 110 415 112 112 416 103 103 417 39 39 418 113 113 419 114 114 420 111 111 421 107 107 422 34 34 423 112 112 424 25 25 425 115 115 426 103 103 427 113 113 428 116 116 429 111 111 430 114 114 431 114 114 432 107 107 433 117 117 434 25 25 435 112 112 436 118 118 437 113 113 438 119 119 439 115 115 440 114 114 441 117 117 442 120 120 443 114 114 444 120 120 445 116 116 446 110 110 447 121 121 448 112 112 449 115 115 450 119 119 451 122 122 452 120 120 453 117 117 454 123 123 455 116 116 456 124 124 457 111 111 458 125 125 459 115 115 460 122 122 461 116 116 462 120 120 463 126 126 464 127 127 465 123 123 466 117 117 467 128 128 468 115 115 469 125 125 470 116 116 471 126 126 472 129 129 473 129 129 474 124 124 475 116 116 476 130 130 477 123 123 478 127 127 479 131 131 480 115 115 481 128 128 482 129 129 483 126 126 484 132 132 485 133 133 486 130 130 487 127 127 488 134 134 489 115 115 490 131 131 491 129 129 492 132 132 493 135 135 494 136 136 495 130 130 496 133 133 497 134 134 498 103 103 499 115 115 500 135 135 501 137 137 502 129 129 503 133 133 504 138 138 505 136 136 506 134 134 507 96 96 508 103 103 509 134 134 510 131 131 511 96 96 512 135 135 513 139 139 514 137 137 515 136 136 516 138 138 517 140 140 518 133 133 519 127 127 520 141 141 521 142 142 522 139 139 523 135 135 524 129 129 525 137 137 526 124 124 527 141 141 528 138 138 529 133 133 530 142 142 531 143 143 532 139 139 533 144 144 534 142 142 535 135 135 536 137 137 537 145 145 538 124 124 539 140 140 540 138 138 541 146 146 542 147 147 543 142 142 544 144 144 545 142 142 546 147 147 547 143 143 548 145 145 549 109 109 550 124 124 551 146 146 552 138 138 553 148 148 554 149 149 555 147 147 556 144 144 557 109 109 558 145 145 559 150 150 560 148 148 561 151 151 562 146 146 563 144 144 564 152 152 565 149 149 566 124 124 567 109 109 568 111 111 569 138 138 570 153 153 571 148 148 572 148 148 573 153 153 574 151 151 575 149 149 576 152 152 577 154 154 578 102 102 579 109 109 580 150 150 581 155 155 582 153 153 583 138 138 584 156 156 585 149 149 586 154 154 587 152 152 588 144 144 589 157 157 590 158 158 591 153 153 592 155 155 593 159 159 594 149 149 595 156 156 596 155 155 597 138 138 598 141 141 599 157 157 600 144 144 601 135 135 602 141 141 603 158 158 604 155 155 605 159 159 606 160 160 607 149 149 608 135 135 609 132 132 610 157 157 611 161 161 612 158 158 613 141 141 614 162 162 615 159 159 616 156 156 617 160 160 618 147 147 619 149 149 620 163 163 621 161 161 622 141 141 623 164 164 624 159 159 625 162 162 626 165 165 627 160 160 628 159 159 629 147 147 630 160 160 631 166 166 632 167 167 633 161 161 634 163 163 635 168 168 636 159 159 637 164 164 638 143 143 639 147 147 640 166 166 641 163 163 642 169 169 643 167 167 644 72 72 645 159 159 646 168 168 647 165 165 648 159 159 649 72 72 650 166 166 651 170 170 652 143 143 653 75 75 654 167 167 655 169 169 656 72 72 657 69 69 658 165 165 659 171 171 660 170 170 661 166 166 662 75 75 663 68 68 664 167 167 665 168 168 666 172 172 667 72 72 668 173 173 669 170 170 670 171 171 671 169 169 672 99 99 673 75 75 674 174 174 675 172 172 676 168 168 677 173 173 678 171 171 679 175 175 680 107 107 681 99 99 682 169 169 683 174 174 684 176 176 685 172 172 686 173 173 687 175 175 688 177 177 689 117 117 690 107 107 691 169 169 692 178 178 693 176 176 694 174 174 695 173 173 696 177 177 697 179 179 698 169 169 699 163 163 700 117 117 701 178 178 702 180 180 703 176 176 704 181 181 705 173 173 706 179 179 707 182 182 708 177 177 709 175 175 710 151 151 711 180 180 712 178 178 713 181 181 714 179 179 715 183 183 716 182 182 717 175 175 718 184 184 719 151 151 720 153 153 721 180 180 722 185 185 723 181 181 724 183 183 725 184 184 726 186 186 727 182 182 728 178 178 729 187 187 730 151 151 731 185 185 732 183 183 733 188 188 734 189 189 735 186 186 736 184 184 737 190 190 738 187 187 739 178 178 740 146 146 741 151 151 742 187 187 743 185 185 744 188 188 745 191 191 746 189 189 747 192 192 748 186 186 749 178 178 750 174 174 751 190 190 752 193 193 753 185 185 754 191 191 755 194 194 756 192 192 757 189 189 758 192 192 759 195 195 760 186 186 761 195 195 762 191 191 763 188 188 764 192 192 765 193 193 766 195 195 767 143 143 768 185 185 769 193 193 770 194 194 771 189 189 772 196 196 773 195 195 774 193 193 775 191 191 776 197 197 777 192 192 778 194 194 779 143 143 780 170 170 781 185 185 782 195 195 783 188 188 784 198 198 785 194 194 786 199 199 787 197 197 788 139 139 789 143 143 790 193 193 791 193 193 792 192 192 793 139 139 794 200 200 795 198 198 796 188 188 797 194 194 798 201 201 799 199 199 800 139 139 801 192 192 802 197 197 803 196 196 804 201 201 805 194 194 806 202 202 807 198 198 808 200 200 809 197 197 810 203 203 811 139 139 812 197 197 813 199 199 814 203 203 815 201 201 816 204 204 817 199 199 818 205 205 819 198 198 820 202 202 821 139 139 822 203 203 823 137 137 824 206 206 825 204 204 826 201 201 827 207 207 828 198 198 829 205 205 830 183 183 831 202 202 832 200 200 833 206 206 834 201 201 835 208 208 836 195 195 837 198 198 838 207 207 839 179 179 840 202 202 841 183 183 842 200 200 843 188 188 844 183 183 845 208 208 846 201 201 847 112 112 848 182 182 849 207 207 850 205 205 851 179 179 852 177 177 853 202 202 854 121 121 855 208 208 856 112 112 857 182 182 858 205 205 859 177 177 860 186 186 861 207 207 862 182 182 863 177 177 864 205 205 865 202 202 866 186 186 867 195 195 868 207 207 869 196 196 870 112 112 871 201 201 872 118 118 873 112 112 874 196 196 875 209 209 876 118 118 877 196 196 878 196 196 879 189 189 880 209 209 881 210 210 882 118 118 883 209 209 884 189 189 885 128 128 886 209 209 887 210 210 888 22 22 889 118 118 890 209 209 891 128 128 892 125 125 893 209 209 894 125 125 895 210 210 896 210 210 897 26 26 898 22 22 899 25 25 900 118 118 901 22 22 902 210 210 903 125 125 904 211 211 905 211 211 906 26 26 907 210 210 908 122 122 909 211 211 910 125 125 911 212 212 912 26 26 913 211 211 914 212 212 915 211 211 916 122 122 917 30 30 918 26 26 919 212 212 920 122 122 921 119 119 922 212 212 923 212 212 924 119 119 925 30 30 926 30 30 927 119 119 928 33 33 929 119 119 930 113 113 931 33 33 932 33 33 933 113 113 934 39 39 935 108 108 936 213 213 937 39 39 938 106 106 939 213 213 940 108 108 941 39 39 942 213 213 943 42 42 944 214 214 945 213 213 946 106 106 947 42 42 948 213 213 949 215 215 950 214 214 951 215 215 952 213 213 953 214 214 954 106 106 955 216 216 956 215 215 957 217 217 958 42 42 959 214 214 960 217 217 961 215 215 962 216 216 963 106 106 964 88 88 965 42 42 966 217 217 967 218 218 968 216 216 969 51 51 970 214 214 971 88 88 972 78 78 973 216 216 974 42 42 975 218 218 976 45 45 977 20 20 978 218 218 979 217 217 980 219 219 981 217 217 982 214 214 983 214 214 984 51 51 985 219 219 986 216 216 987 53 53 988 51 51 989 78 78 990 53 53 991 216 216 992 219 219 993 20 20 994 217 217 995 13 13 996 45 45 997 218 218 998 44 44 999 219 219 1000 51 51 1001 14 14 1002 218 218 1003 20 20 1004 14 14 1005 13 13 1006 218 218 1007 18 18 1008 45 45 1009 13 13 1010 219 219 1011 44 44 1012 29 29 1013 29 29 1014 20 20 1015 219 219 1016 18 18 1017 21 21 1018 45 45 1019 29 29 1020 44 44 1021 35 35 1022 46 46 1023 43 43 1024 58 58 1025 150 150 1026 145 145 1027 220 220 1028 145 145 1029 203 203 1030 220 220 1031 203 203 1032 145 145 1033 137 137 1034 220 220 1035 203 203 1036 221 221 1037 199 199 1038 221 221 1039 203 203 1040 204 204 1041 221 221 1042 199 199 1043 222 222 1044 223 223 1045 224 224 1046 225 225 1047 222 222 1048 224 224 1049 226 226 1050 227 227 1051 228 228 1052 226 226 1053 229 229 1054 227 227 1055 228 228 1056 227 227 1057 230 230 1058 226 226 1059 231 231 1060 229 229 1061 226 226 1062 228 228 1063 232 232 1064 226 226 1065 7 7 1066 231 231 1067 226 226 1068 16 16 1069 7 7 1070 233 233 1071 234 234 1072 235 235 1073 236 236 1074 234 234 1075 233 233 1076 237 237 1077 238 238 1078 239 239 1079 240 240 1080 237 237 1081 239 239 1082 239 239 1083 238 238 1084 241 241 1085 242 242 1086 237 237 1087 240 240 1088 240 240 1089 243 243 1090 242 242 1091 242 242 1092 243 243 1093 244 244 1094 180 180 1095 245 245 1096 246 246 1097 246 246 1098 176 176 1099 180 180 1100 245 245 1101 180 180 1102 153 153 1103 247 247 1104 176 176 1105 246 246 1106 245 245 1107 153 153 1108 158 158 1109 176 176 1110 247 247 1111 172 172 1112 248 248 1113 245 245 1114 158 158 1115 247 247 1116 72 72 1117 172 172 1118 65 65 1119 72 72 1120 247 247 1121 248 248 1122 249 249 1123 245 245 1124 161 161 1125 248 248 1126 158 158 1127 250 250 1128 251 251 1129 165 165 1130 250 250 1131 98 98 1132 251 251 1133 165 165 1134 251 251 1135 160 160 1136 252 252 1137 98 98 1138 250 250 1139 250 250 1140 165 165 1141 69 69 1142 253 253 1143 251 251 1144 98 98 1145 166 166 1146 160 160 1147 251 251 1148 250 250 1149 73 73 1150 252 252 1151 69 69 1152 73 73 1153 250 250 1154 166 166 1155 251 251 1156 253 253 1157 253 253 1158 98 98 1159 96 96 1160 252 252 1161 73 73 1162 84 84 1163 96 96 1164 131 131 1165 253 253 1166 98 98 1167 252 252 1168 93 93 1169 93 93 1170 252 252 1171 84 84 1172 254 254 1173 255 255 1174 256 256 1175 255 255 1176 254 254 1177 257 257 1178 254 254 1179 258 258 1180 257 257 1181 256 256 1182 255 255 1183 259 259 1184 256 256 1185 259 259 1186 260 260 1187 260 260 1188 259 259 1189 261 261 1190 89 89 1191 94 94 1192 262 262 1193 89 89 1194 262 262 1195 82 82 1196 82 82 1197 262 262 1198 263 263 1199 92 92 1200 82 82 1201 263 263 1202 141 141 1203 127 127 1204 163 163 1205 127 127 1206 117 117 1207 163 163 1208 190 190 1209 174 174 1210 264 264 1211 174 174 1212 168 168 1213 264 264 1214 264 264 1215 168 168 1216 164 164 1217 75 75 1218 91 91 1219 71 71 1220 91 91 1221 75 75 1222 99 99 1223 185 185 1224 170 170 1225 181 181 1226 170 170 1227 173 173 1228 181 181 1229</p>
        </triangles>
      </mesh>
    </geometry>
    <geometry id="Mesh_0402_rip-mesh" name="Mesh_0402.rip">
      <mesh>
        <source id="Mesh_0402_rip-mesh-positions">
          <float_array id="Mesh_0402_rip-mesh-positions-array" count="717">0.2402486 3.72816e-5 1.392465 0.2407197 -0.04195392 1.370699 0.3233382 4.95525e-4 1.390761 0.2402572 0.04777544 1.366963 0.3232402 -0.04264277 1.369087 0.3228692 0.04943364 1.364617 0.1577727 3.54513e-4 1.401003 0.4073408 0.001945555 1.407733 0.2409567 0.04904174 1.33106 0.151742 -0.01624381 1.374772 0.2407875 -0.04372286 1.322093 0.4072536 0.01017463 1.374508 0.1525445 0.01395952 1.331171 0.3229536 -0.04286557 1.321252 0.4071356 0.009954333 1.322425 0.1513515 0.01346397 1.37093 0.4071305 -0.005982518 1.318512 0.3226349 0.04960447 1.325662 0.1314142 -0.04328471 1.38619 0.407052 0.001497983 1.285845 0.2422498 -2.77446e-4 1.29938 0.1347798 5.43344e-5 1.42661 0.407268 -0.005646109 1.371996 0.3227695 4.94863e-4 1.299703 0.1359372 0.04879808 1.385487 0.1600685 2.2648e-4 1.29593 0.1532003 -0.01704901 1.327589 0.1389331 0.0522266 1.3158 0.1530205 -4.69596e-4 1.279659 0.1330741 -0.04668772 1.317208 0.4071356 0.009954333 1.322425 0.4765408 0.04238665 1.326767 0.407052 0.001497983 1.285845 0.4774867 0.04205411 1.364193 0.4762549 4.65699e-4 1.30052 0.4072536 0.01017463 1.374508 0.7405777 0.04599517 1.326293 0.4073408 0.001945555 1.407733 0.7401896 -0.002575814 1.29132 0.7409246 0.04604905 1.363198 0.4784955 4.52507e-4 1.38951 0.741196 -0.002581477 1.398405 0.4073408 0.001945555 1.407733 0.4774946 -0.03938233 1.368304 0.4784955 4.52507e-4 1.38951 0.407268 -0.005646109 1.371996 0.7406266 -0.04023635 1.367799 0.4763274 -0.03946006 1.321986 0.741196 -0.002581477 1.398405 0.4071305 -0.005982518 1.318512 0.7401941 -0.04010146 1.321662 0.407052 0.001497983 1.285845 0.4762549 4.65699e-4 1.30052 0.7401896 -0.002575814 1.29132 0.07834887 -0.09345197 1.394386 0.1240136 -0.04896044 1.403626 0.1033738 -0.003810882 1.441305 0.129158 -0.06546658 1.297636 0.1347798 5.43344e-5 1.42661 0.06604272 -0.1146948 1.294085 0.07559216 0.05472987 1.434291 0.1330741 -0.04668772 1.317208 -2.02256e-5 -0.1067057 1.375287 0.1314142 -0.04328471 1.38619 0.1169391 0.06342881 1.402516 0.1530205 -4.69596e-4 1.279659 0.05949002 -0.1024419 1.439839 0.08037978 0.1089147 1.37254 0.1359372 0.04879808 1.385487 -2.02199e-5 -0.1226767 1.29338 0.1033738 -0.003810882 1.441305 -2.022e-5 0.09111827 1.427926 -0.06608313 -0.1146948 1.294085 0.09417772 3.51387e-5 1.464463 -2.022e-5 0.1225973 1.368639 -0.07502132 -0.09345197 1.394386 0.07559216 0.05472987 1.434291 -0.07898336 0.1038288 1.372173 -0.1291984 -0.06546658 1.297636 0.07837599 0.05565583 1.465122 -0.08188605 0.1194425 1.299894 0.08214509 0.1190354 1.299988 -0.1240541 -0.04896044 1.403625 -2.022e-5 0.09194242 1.468655 -0.07563257 0.05472987 1.434291 -0.1034142 -0.003810882 1.441305 -0.1158127 0.06612884 1.392873 -2.022e-5 0.09111827 1.427926 -0.07563257 0.05472987 1.434291 -0.0784164 0.05565583 1.465122 -0.06528961 -0.1020018 1.443639 -0.09421813 3.51287e-5 1.464463 -0.1034142 -0.003810882 1.441305 0.7184516 -0.02866989 1.342584 0.7401941 -0.04010146 1.321662 0.7186619 5.07268e-4 1.312296 0.7406266 -0.04023635 1.367799 0.7401896 -0.002575814 1.29132 0.7186803 -7.75788e-4 1.373361 0.741196 -0.002581477 1.398405 0.7401896 -0.002575814 1.29132 0.7405777 0.04599517 1.326293 0.7186619 5.07268e-4 1.312296 0.7194699 0.03206932 1.347609 0.7409246 0.04604905 1.363198 0.7186803 -7.75788e-4 1.373361 0.741196 -0.002581477 1.398405 0.8951686 -0.02481442 1.357025 0.899907 -0.03973752 1.326511 0.8716828 -0.03947722 1.33244 0.9175275 -0.02624577 1.338692 0.8715566 -0.00947231 1.332211 0.91446 -0.04001736 1.307956 0.8438787 -0.03952366 1.324341 0.905612 -0.00918287 1.326863 0.9297217 -0.02701497 1.310263 0.9162538 -0.0545262 1.338573 0.8691462 -0.05818301 1.349442 0.8950496 0.002606451 1.364198 0.9220795 -0.04042297 1.278207 0.8294224 -0.06048166 1.344071 0.8687713 0.01647955 1.330601 0.9296089 -0.05438894 1.310707 0.8528106 -0.06916004 1.32485 0.909452 0.01855587 1.323781 0.9351478 -0.05244231 1.278526 0.8509753 -0.05012685 1.310113 0.9242601 0.004850208 1.34114 0.9330903 -0.04057121 1.276091 0.8030508 -0.04980415 1.298908 0.9257553 0.006761372 1.314314 0.93468 -0.0297209 1.278973 0.8893493 -0.07296913 1.313417 0.9116522 0.01992481 1.309136 0.8231616 0.003251612 1.314173 0.9260629 0.03206729 1.314648 0.7646479 6.56086e-4 1.314733 0.9171072 0.01033639 1.283078 0.9239089 0.03216058 1.341467 0.8438708 -0.07232969 1.295289 0.9174805 0.03011298 1.283162 0.9071699 0.02047836 1.285665 0.8907161 0.03103506 1.360748 0.8802731 -0.07370108 1.285911 0.9155836 0.02025353 1.281678 0.8937417 -0.06429076 1.296589 0.8887227 0.04758644 1.33658 0.89631 -0.07428205 1.296799 0.9088957 0.03397101 1.335552 0.8557223 0.05662208 1.333579 0.8870474 -0.08574509 1.300161 0.8946327 0.04738581 1.327 0.9015741 0.03576546 1.29712 0.9081302 0.06039756 1.334938 0.8860905 0.05877774 1.351951 0.8906774 0.04703933 1.302564 0.8521415 0.06383746 1.360072 0.7916206 0.04697841 1.320827 0.9014723 0.05758368 1.296888 0.917621 0.0479831 1.340114 0.8099845 0.05829012 1.356909 0.8987962 0.04673838 1.295723 0.9073424 0.04628729 1.29266 0.7640641 0.0383442 1.349967 0.8880631 0.0466454 1.363 0.8987962 0.04673838 1.295723 0.9088957 0.03397101 1.335552 0.7194699 0.03206932 1.347609 0.9015741 0.03576546 1.29712 0.8907161 0.03103506 1.360748 0.7186619 5.07268e-4 1.312296 0.8633016 0.01535505 1.375406 0.7528742 8.30115e-4 1.371634 0.858579 0.03987771 1.37042 0.8949074 0.01802372 1.370473 0.777609 0.004687845 1.371272 0.7186803 -7.75788e-4 1.373361 0.9233697 0.01868599 1.355431 0.7184516 -0.02866989 1.342584 0.9239089 0.03216058 1.341467 0.7633013 -0.03978621 1.34216 0.8184245 0.01062452 1.372216 0.9374118 0.01934152 1.317948 0.8950496 0.002606451 1.364198 0.8168219 -0.02932828 1.366814 0.9260629 0.03206729 1.314648 0.9242601 0.004850208 1.34114 0.7646479 6.56086e-4 1.314733 0.7939325 -0.06920313 1.332255 0.8962728 -0.01008719 1.37459 0.7186619 5.07268e-4 1.312296 0.8294224 -0.06048166 1.344071 0.8630231 -0.02396368 1.373461 0.8030508 -0.04980415 1.298908 0.8951686 -0.02481442 1.357025 0.8450049 -0.0867303 1.311166 0.9300149 -0.009974062 1.351859 0.8939831 -0.04045438 1.366591 0.8438708 -0.07232969 1.295289 0.9254834 0.002858161 1.338728 0.8691462 -0.05818301 1.349442 0.8528106 -0.06916004 1.32485 0.9500275 -0.009908556 1.320599 0.9192988 -0.04046338 1.352274 0.9251835 -0.02320712 1.338055 0.939182 0.002066254 1.318892 0.8939573 -0.05443698 1.353501 0.9385321 -0.02174562 1.318803 0.9449561 0.001374244 1.284549 0.9175275 -0.02624577 1.338692 0.9162538 -0.0545262 1.338573 0.94439 -0.02046859 1.284522 0.9530751 -0.009851276 1.284466 0.9412704 -0.04057967 1.312519 0.9428731 -0.009642004 1.282832 0.9297217 -0.02701497 1.310263 0.9296089 -0.05438894 1.310707 0.93468 -0.0297209 1.278973 0.9426538 -0.04073536 1.279552 0.9351478 -0.05244231 1.278526 0.9330903 -0.04057121 1.276091 0.9257553 0.006761372 1.314314 0.9257257 0.01996338 1.282452 0.9171072 0.01033639 1.283078 0.9174805 0.03011298 1.283162 0.9155836 0.02025353 1.281678 0.9252521 -0.009288728 1.315646 0.9251835 -0.02320712 1.338055 0.9385321 -0.02174562 1.318803 0.9254834 0.002858161 1.338728 0.9341635 -0.009406208 1.284832 0.939182 0.002066254 1.318892 0.94439 -0.02046859 1.284522 0.9449561 0.001374244 1.284549 0.9428731 -0.009642004 1.282832 0.8939573 -0.05443698 1.353501 0.8870474 -0.08574509 1.300161 0.8802731 -0.07370108 1.285911 0.8893493 -0.07296913 1.313417</float_array>
          <technique_common>
            <accessor source="#Mesh_0402_rip-mesh-positions-array" count="239" stride="3">
              <param name="X" type="float"/>
              <param name="Y" type="float"/>
              <param name="Z" type="float"/>
            </accessor>
          </technique_common>
        </source>
        <source id="Mesh_0402_rip-mesh-normals">
          <float_array id="Mesh_0402_rip-mesh-normals-array" count="717">0.06076985 0.008032023 0.9981196 -0.08696675 -0.8368166 0.5405321 -0.09075152 0.010338 0.9958199 -0.1317156 0.8504564 0.5092887 0.1503967 -0.8717487 0.4662996 0.1480508 0.8729959 0.4647143 0.3188558 -0.01067638 0.9477431 0.01599121 0.01654219 0.9997353 -0.1603724 0.8677173 -0.4704757 0.3174787 -0.8937652 0.3168455 -0.120925 -0.8487035 -0.5148587 0.005507051 0.992359 0.1232613 0.4000163 0.9027379 -0.1582757 0.1534954 -0.8736906 -0.461632 0.002956688 0.9936298 -0.1126556 0.3597353 0.8875291 0.2878938 -0.01752561 -0.9938623 -0.1092284 0.1496465 0.8800104 -0.4507636 0.7768664 -0.5855253 0.2316001 0.01067894 0.0167126 -0.9998034 0.01245748 0.03655022 -0.9992542 0.8912155 -0.05481928 0.4502552 -0.01629132 -0.9939811 0.1083329 -0.09044885 0.02016615 -0.9956969 0.8802834 0.4280714 0.2045878 0.370357 -0.01068383 -0.9288281 0.3352592 -0.9203456 -0.2014082 0.9206951 0.3892161 -0.02883577 0.981574 -0.0829994 -0.1721156 0.817345 -0.5710517 -0.07646638 0.002957522 0.9936293 -0.1126595 -0.1533241 0.8914038 -0.426487 0.0107485 0.01674008 -0.9998022 -0.1373191 0.8898775 0.435042 0.09677773 0.01757633 -0.9951508 0.005474984 0.9923583 0.123268 -0.01710057 0.8841063 -0.4669731 0.01595145 0.0165469 0.9997358 -0.02091121 0.002669453 -0.9997779 -0.01578825 0.8812536 0.4723799 0.119403 0.01438313 0.9927417 -0.01854676 8.20515e-4 0.9998278 0.01602846 0.01657164 0.9997343 -0.1535558 -0.8850942 0.4393504 0.1193767 0.01438403 0.9927449 -0.01629638 -0.993981 0.1083344 -0.01146417 -0.8820295 0.4710545 -0.1618397 -0.8838444 -0.438893 -0.01857727 8.15779e-4 0.9998271 -0.01751315 -0.9938632 -0.1092214 -0.01230621 -0.8818603 -0.4713504 0.01064342 0.01673454 -0.9998033 0.09679681 0.01755952 -0.9951493 -0.02086132 0.002684831 -0.9997788 0.4884105 -0.8200455 0.2982963 0.7054008 -0.5461578 0.4517979 0.4066445 -0.2448863 0.8801541 0.8336915 -0.5456265 0.08514899 0.6769302 0.07556414 0.7321583 0.3863698 -0.9166625 0.1022174 0.3694877 0.5681722 0.7352953 0.9236861 -0.3702664 0.09852373 -0.00363332 -0.99932 0.0366941 0.9077152 -0.3785245 0.1810315 0.6583892 0.5975715 0.4576376 0.9972915 -0.03300285 0.06573027 0.6074779 -0.7850239 0.1212772 0.3807355 0.8360128 0.3951239 0.7965727 0.5124011 0.3208072 -6.11252e-4 -0.9932883 0.1156634 0.9756056 -0.01593565 0.2189518 -0.01802539 0.8209084 0.5707753 -0.3830712 -0.9176405 0.1057941 0.9756056 -0.01591348 0.2189534 -0.01633399 0.925087 0.3794039 -0.5004115 -0.8205881 0.276086 0.7318595 0.6811152 0.02153867 -0.4119299 0.8292164 0.3777752 -0.8318377 -0.5480293 0.08780717 0.7318603 0.6811134 0.02156627 -0.4892016 0.866807 0.09658002 0.4710186 0.878009 0.08509814 -0.6997436 -0.5505314 0.4552736 -7.06001e-7 0.9990844 -0.04278469 -0.4084035 0.5948414 0.6923658 -0.4014695 -0.2480859 0.8816324 -0.6265134 0.6503987 0.4294911 -1.18138e-6 0.9990828 -0.04281949 -0.7318631 0.6811114 0.02153754 -0.7318608 0.6811129 0.0215668 -0.6449798 -0.7625218 0.05061364 -0.9874489 0.005585253 0.1578406 -0.987452 0.005583047 0.1578209 0.7113185 0.7028057 0.009498119 0.6147789 0.7344753 0.2873901 0.7797538 -0.003122985 0.6260786 0.6313571 0.725148 -0.274861 0.7797564 -0.003140032 0.6260753 0.7824735 0.01367557 -0.6225337 0.7824936 0.01369059 -0.6225082 0.7797313 -0.00315696 0.6261063 0.6469618 -0.7051312 0.2902248 0.7797638 -0.003125369 0.626066 0.728595 -0.6847313 -0.01709985 0.6520179 -0.6876329 -0.3194271 0.7824686 0.01369643 -0.6225395 0.782465 0.0136705 -0.6225447 0.9616094 -0.2718127 0.03775238 -0.5570473 0.05228197 -0.8288335 0.306845 -0.172596 -0.9359791 0.1426356 0.9844242 0.1027824 0.4311324 0.005116164 -0.9022741 -0.9249014 0.02661484 -0.3792743 0.6997954 0.1380081 -0.7008852 -0.5037271 0.0626766 -0.8615862 0.1376872 0.9902131 -0.02280974 0.07668477 -0.9949828 0.06425511 -0.01806139 -0.9063232 0.4221991 0.8791957 0.2430967 0.4097794 -0.5966822 0.02838617 -0.8019755 0.2131362 -0.7238926 0.6561649 0.4390392 -0.02924329 -0.8979919 0.1086496 -0.9939274 -0.01742482 0.5974773 -0.07073754 0.7987598 -0.7414006 -0.003754734 -0.6710522 0.1059348 -0.6467254 -0.7553305 0.3342487 0.8266917 -0.4526131 0.170234 -0.9764278 0.1326994 0.0816245 0.02939379 -0.9962296 -0.1561186 -0.03398793 -0.9871535 0.1017573 -0.9943737 -0.02943575 0.1135024 0.6788192 -0.7254803 0.7276605 -0.09103995 0.6798691 -0.9993602 0.00728923 0.03501594 0.2351904 0.1185678 -0.9646902 0.108872 0.9936737 0.02755939 -0.3193364 0.1137717 -0.9407871 -0.1216415 -0.6290467 -0.7677913 0.09776788 0.9842529 0.1472673 -0.1969595 -0.1235739 -0.9725927 -0.09482336 0.6490233 -0.7548361 -0.8230934 0.01874643 -0.5675967 0.5903087 0.5934504 0.547131 0.1876182 0.03179955 -0.9817273 -0.1803952 0.00722295 -0.9835678 0.7047476 0.6825253 -0.1936239 0.02424597 0.1988607 -0.9797278 0.9296185 -0.2484316 -0.272197 0.1385492 -0.9873235 0.07743704 0.145874 0.557746 -0.8170925 0.4362869 -0.8955886 -0.08703356 -0.9583958 -0.01107919 -0.2852274 -0.3260439 -0.6566341 -0.6800935 0.02902644 0.9995229 0.01055997 0.1256297 0.9804605 0.151375 -0.8991128 -0.003447055 -0.4377036 0.08906531 0.868344 0.4878999 -0.2577129 0.6745244 -0.69181 -0.3177037 0.644053 -0.695888 0.9430099 0.1215822 0.3097581 -0.2376245 0.6770766 0.6964927 -0.4981946 -0.0110774 -0.8669945 0.4157903 0.001865625 -0.9094587 -0.3758538 0.8781117 0.2960641 0.4067426 0.2970203 0.8639095 -0.4981886 -0.01107805 -0.866998 0.1385113 -0.9873291 0.07743269 -0.05956155 0.9936998 0.09493708 -0.3260489 -0.6566017 -0.6801223 0.5903571 0.5934479 0.5470815 -0.04974526 0.05246829 -0.9973828 0.1625629 0.1444664 0.976065 -0.02773869 -0.04693818 0.9985127 -0.009887516 0.2997835 0.953956 0.3324906 0.1226077 0.9351029 -0.1203264 0.01311147 0.9926479 -0.07793849 -0.0628764 0.9949735 0.8171203 0.05647724 0.5736941 -0.09141641 -0.995644 -0.01833629 0.0977782 0.9842544 0.1472509 -0.3215709 -0.8227464 0.4687012 -0.08415955 0.107859 0.9905976 0.9995403 -5.53448e-4 -0.03031426 0.8792321 0.2430437 0.4097324 -0.131448 -0.4453133 0.8856735 0.1088994 0.9936702 0.02757853 0.1702598 -0.976426 0.1326796 -0.3193641 0.1137393 -0.9407816 -0.409427 -0.8552277 0.3177346 0.418017 -0.07115131 0.9056486 -0.04980254 0.05246347 -0.9973803 0.2131434 -0.7238705 0.6561871 0.07800924 -0.3031502 0.9497445 -0.156109 -0.03399169 -0.9871549 0.9615759 -0.2719262 0.03778839 -0.2160705 -0.9703633 -0.1082068 0.7290591 -0.02772414 0.6838891 0.2908675 -0.2370642 0.9269286 -0.1970106 -0.1235387 -0.9725868 0.1322681 0.9884554 0.07390075 -0.01806336 -0.9063302 0.4221841 0.597461 -0.07075744 0.7987702 0.9425855 -0.01756554 0.3335028 0.7484344 -0.04469972 0.6617007 0.1107538 -0.993799 -0.009865403 0.1337345 0.9906329 -0.02759772 0.022538 -0.9956609 0.09028607 0.09651094 -0.9935162 -0.06009376 0.02438205 0.6451205 -0.7636917 0.1425923 0.9844316 0.1027712 0.07665783 -0.9949814 0.06430983 -0.007337272 -0.6405692 -0.7678654 0.7132369 -0.01738959 -0.7007074 0.9624046 -0.001032829 0.2716183 -0.03252726 1.06618e-4 -0.9994709 0.1376717 0.9902152 -0.02281528 0.1086349 -0.993929 -0.01742601 0.1134681 0.678846 -0.7254607 0.7906292 0.02915525 -0.6116009 0.1059301 -0.6466945 -0.7553576 0.08165591 0.02941566 -0.9962265 0.1017327 -0.9943767 -0.02942281 0.5498667 -0.003486692 -0.8352453 -0.1216749 -0.6290302 -0.7677996 -0.09482443 0.6490408 -0.7548208 -0.1803762 0.007242977 -0.9835711 -0.8643226 0.03509241 -0.5017122 0.1107899 -0.993795 -0.009855687 0.09649699 -0.9935175 -0.06009382 0.1322296 0.9884614 0.07388925 -0.6211454 0.01653772 -0.7835209 0.1337431 0.9906321 -0.02758449 -0.0073089 -0.6405778 -0.7678586 0.02442514 0.6451749 -0.7636445 -0.03252345 9.32254e-5 -0.999471 0.02254343 -0.9956625 0.09026682 0.4362846 -0.895588 -0.08705127 0.1875987 0.03182095 -0.9817303 0.7276512 -0.09105658 0.6798768</float_array>
          <technique_common>
            <accessor source="#Mesh_0402_rip-mesh-normals-array" count="239" stride="3">
              <param name="X" type="float"/>
              <param name="Y" type="float"/>
              <param name="Z" type="float"/>
            </accessor>
          </technique_common>
        </source>
        <source id="Mesh_0402_rip-mesh-map-0">
          <float_array id="Mesh_0402_rip-mesh-map-0-array" count="1824">0.5149084 0.5896357 0.4810054 0.5896357 0.5149084 0.5254876 0.5149084 0.5254876 0.4810054 0.5896357 0.5149084 0.5896357 0.5149084 0.5254876 0.4810054 0.5896357 0.4810054 0.5254876 0.4810054 0.5254876 0.4810054 0.5896357 0.5149084 0.5254876 0.4810054 0.5896357 0.5149084 0.6589117 0.5149084 0.5896357 0.5149084 0.5896357 0.5149084 0.6589117 0.4810054 0.5896357 0.5149084 0.5254876 0.4810054 0.5254876 0.5149084 0.4565446 0.5149084 0.4565446 0.4810054 0.5254876 0.5149084 0.5254876 0.4810054 0.5254876 0.4449254 0.5896357 0.4810054 0.5896357 0.4810054 0.5896357 0.5149084 0.6589117 0.4810054 0.6598166 0.4449254 0.5896357 0.4810054 0.5254876 0.4810054 0.5896357 0.4810054 0.4565446 0.4810054 0.5254876 0.5149084 0.4565446 0.4449254 0.6598166 0.4810054 0.5896357 0.4449254 0.5896357 0.4449254 0.5254876 0.4810054 0.5254876 0.4449254 0.5896357 0.4449254 0.4565446 0.4810054 0.5254876 0.4810054 0.4565446 0.4810054 0.6598166 0.4810054 0.5896357 0.4449254 0.6598166 0.4810054 0.6598166 0.5149084 0.6589117 0.4810054 0.5896357 0.4449254 0.5254876 0.4449254 0.4565446 0.4810054 0.5254876 0.4449254 0.5254876 0.4449254 0.5896357 0.4810054 0.5254876 0.4449254 0.5254876 0.4810054 0.5254876 0.4449254 0.4565446 0.5149084 0.6589117 0.4810054 0.6776826 0.4810054 0.6598166 0.4449254 0.5254876 0.4127123 0.4565446 0.4449254 0.4565446 0.4127123 0.4565446 0.4449254 0.5254876 0.4449254 0.4565446 0.4449254 0.5254876 0.4127123 0.5896357 0.4449254 0.5896357 0.5149084 0.6776826 0.4810054 0.6776826 0.5149084 0.6589117 0.4810054 0.5254876 0.4449254 0.4565446 0.4810054 0.4565446 0.4127123 0.5254876 0.4127123 0.5896357 0.4449254 0.5254876 0.4127123 0.5254876 0.4127123 0.4565446 0.4449254 0.5254876 0.5149084 0.6776826 0.5149084 0.6589117 0.4810054 0.6776826 0.5149084 0.4565446 0.4810054 0.5254876 0.4810054 0.4565446 0.4127123 0.5254876 0.4449254 0.5254876 0.4127123 0.5896357 0.4127123 0.4565446 0.4127123 0.5254876 0.4449254 0.5254876 0.4810054 0.6776826 0.5149084 0.6589117 0.4810054 0.6598166 0.4127123 0.6558406 0.4449254 0.5896357 0.4127123 0.5896357 0.4127123 0.5896357 0.4449254 0.5254876 0.4449254 0.5896357 0.4127123 0.5896357 0.4449254 0.5896357 0.4127123 0.6558406 0.4449254 0.6598166 0.4810054 0.6776826 0.4810054 0.6598166 0.4127123 0.6558406 0.4449254 0.6598166 0.4449254 0.5896357 0.4127123 0.6558406 0.4449254 0.5896357 0.4449254 0.6598166 0.4449254 0.6776826 0.4810054 0.6776826 0.4449254 0.6598166 0.4127123 0.6558406 0.4449254 0.6598166 0.4127123 0.6664656 0.4449254 0.6776826 0.4449254 0.6598166 0.4127123 0.6664656 0.4127123 0.6664656 0.4449254 0.6598166 0.4127123 0.6558406 0.4449254 0.5896357 0.4810054 0.5896357 0.4449254 0.6598166 0.4127123 0.6664656 0.4449254 0.6598166 0.4449254 0.6776826 0.4449254 0.6598166 0.4810054 0.5896357 0.4810054 0.6598166 0.4449254 0.6598166 0.4810054 0.6598166 0.4449254 0.6776826 0.4449254 0.6776826 0.4810054 0.6598166 0.4810054 0.6776826 0.4449254 0.5896357 0.4449254 0.5295876 0.4127123 0.5896357 0.4449254 0.5896357 0.4809864 0.5295876 0.4449254 0.5295876 0.4127123 0.5896357 0.4449254 0.5295876 0.4127123 0.5295876 0.4810054 0.5896357 0.4809864 0.5295876 0.4449254 0.5896357 0.4449254 0.3365487 0.4127123 0.5295876 0.4449254 0.5295876 0.4449254 0.5295876 0.4809864 0.5295876 0.4449254 0.3365487 0.4809864 0.5295876 0.4810054 0.5896357 0.5149084 0.5896357 0.4127123 0.3365487 0.4127123 0.5295876 0.4449254 0.3365487 0.4449254 0.3365487 0.4809864 0.5295876 0.4827584 0.3365487 0.4809864 0.5295876 0.5149084 0.5896357 0.5149084 0.5295876 0.5149084 0.5295876 0.4827584 0.3365487 0.4809864 0.5295876 0.5149084 0.3365487 0.4827584 0.3365487 0.5149084 0.5295876 0.613667 0.271629 0.580734 0.2097799 0.613667 0.2097799 0.580752 0.271629 0.580734 0.2097799 0.613667 0.271629 0.580734 0.2097799 0.582505 0.016864 0.613667 0.2097799 0.580752 0.271629 0.544673 0.2097799 0.580734 0.2097799 0.613667 0.2097799 0.582505 0.016864 0.613667 0.01674097 0.544673 0.271629 0.544673 0.2097799 0.580752 0.271629 0.582505 0.016864 0.580734 0.2097799 0.544673 0.016864 0.544673 0.016864 0.580734 0.2097799 0.544673 0.2097799 0.544673 0.2097799 0.544673 0.271629 0.511471 0.271629 0.511471 0.2097799 0.544673 0.016864 0.544673 0.2097799 0.544673 0.2097799 0.511471 0.271629 0.511471 0.2097799 0.511471 0.01674097 0.544673 0.016864 0.511471 0.2097799 0.714802 0.861944 0.77875 0.859216 0.816151 0.902278 0.77875 0.859216 0.714802 0.861944 0.763524 0.766199 0.816151 0.902278 0.77875 0.859216 0.813559 0.866001 0.763524 0.766199 0.714802 0.861944 0.698372 0.767789 0.813559 0.866001 0.885742 0.897968 0.816151 0.902278 0.763524 0.766199 0.782384 0.782133 0.77875 0.859216 0.642116 0.843829 0.698372 0.767789 0.714802 0.861944 0.813559 0.866001 0.77875 0.859216 0.786962 0.845754 0.885742 0.897968 0.813559 0.866001 0.8619961 0.8522841 0.77875 0.859216 0.782384 0.782133 0.786962 0.845754 0.782384 0.782133 0.763524 0.766199 0.8157 0.747637 0.714802 0.861944 0.712869 0.907146 0.642116 0.843829 0.8619961 0.8522841 0.913256 0.825797 0.885742 0.897968 0.8619961 0.8522841 0.813559 0.866001 0.843658 0.835815 0.642116 0.769918 0.698372 0.767789 0.642116 0.843829 0.714802 0.861944 0.816151 0.902278 0.712869 0.907146 0.885742 0.897968 0.913256 0.825797 0.983725 0.895267 0.642116 0.769918 0.642116 0.843829 0.698372 0.767789 0.712869 0.907146 0.816151 0.902278 0.820537 0.929862 0.983725 0.895267 0.913256 0.825797 0.983725 0.827788 0.698372 0.767789 0.642116 0.843829 0.714802 0.861944 0.885742 0.897968 0.820537 0.929862 0.816151 0.902278 0.914988 0.825371 0.983725 0.895267 0.983725 0.827788 0.714802 0.861944 0.763524 0.766199 0.698372 0.767789 0.879423 0.933163 0.820537 0.929862 0.885742 0.897968 0.983725 0.827788 0.91729 0.764687 0.914988 0.825371 0.913256 0.825797 0.917317 0.764662 0.983725 0.827788 0.77875 0.859216 0.763524 0.766199 0.714802 0.861944 0.879423 0.933163 0.885742 0.897968 0.983725 0.957021 0.885742 0.897968 0.983725 0.895267 0.914988 0.825371 0.816151 0.902278 0.77875 0.859216 0.714802 0.861944 0.885742 0.897968 0.914988 0.825371 0.8672967 0.8465793 0.983725 0.957021 0.885742 0.897968 0.983725 0.895267 0.983725 0.895267 0.885742 0.897968 0.983725 0.957021 0.983725 0.957021 0.885742 0.897968 0.879423 0.933163 0.714802 0.861944 0.642116 0.843829 0.712869 0.907146 0.885742 0.897968 0.820537 0.929862 0.879423 0.933163 0.714802 0.861944 0.712869 0.907146 0.816151 0.902278 0.816151 0.902278 0.820537 0.929862 0.885742 0.897968 0.816151 0.902278 0.712869 0.907146 0.820537 0.929862 0.565725 0.003992974 0.544673 0.016864 0.511471 0.003992974 0.565725 0.003992974 0.582505 0.016864 0.544673 0.016864 0.511471 0.003992974 0.544673 0.016864 0.511471 0.01674097 0.613667 0.003992974 0.582505 0.016864 0.565725 0.003992974 0.613667 0.01674097 0.582505 0.016864 0.613667 0.003992974 0.4127123 0.3365487 0.4449254 0.3365487 0.4127123 0.3238007 0.4127123 0.3238007 0.4449254 0.3365487 0.4655674 0.3238007 0.4449254 0.3365487 0.4827584 0.3365487 0.4655674 0.3238007 0.4827584 0.3365487 0.5149084 0.3238007 0.4655674 0.3238007 0.5149084 0.3365487 0.5149084 0.3238007 0.4827584 0.3365487 0.05157601 0.07616025 0.04780501 0.06426525 0.06874197 0.06865924 0.05157601 0.07616025 0.03764897 0.07296323 0.04780501 0.06426525 0.06874197 0.06865924 0.06831598 0.08663225 0.05157601 0.07616025 0.03764897 0.07296323 0.026771 0.06227624 0.04780501 0.06426525 0.06831598 0.08663225 0.06874197 0.06865924 0.08794701 0.06680625 0.04510098 0.08526027 0.05157601 0.07616025 0.06831598 0.08663225 0.02502101 0.07035726 0.026771 0.06227624 0.03764897 0.07296323 0.026771 0.06227624 0.04106199 0.05268329 0.04780501 0.06426525 0.06647098 0.05411028 0.08794701 0.06680625 0.06874197 0.06865924 0.06831598 0.08663225 0.04961699 0.09434229 0.04510098 0.08526027 0.026771 0.06227624 0.02502101 0.07035726 0.01069998 0.06112629 0.08231002 0.05463528 0.08794701 0.06680625 0.06647098 0.05411028 0.06831598 0.08663225 0.068569 0.1038472 0.04961699 0.09434229 0.01069998 0.06112629 0.02741599 0.05319225 0.026771 0.06227624 0.02741599 0.05319225 0.04106199 0.05268329 0.026771 0.06227624 0.08794701 0.06680625 0.08231002 0.05463528 0.07995301 0.04306626 0.04611802 0.1030962 0.04961699 0.09434229 0.068569 0.1038472 0.01102 0.05380326 0.02741599 0.05319225 0.01069998 0.06112629 0.08794701 0.06680625 0.07995301 0.04306626 0.08811402 0.04292929 0.04611802 0.1030962 0.03821098 0.09528326 0.04961699 0.09434229 0.005984008 0.06071823 0.01102 0.05380326 0.01069998 0.06112629 0.08811402 0.04292929 0.1202949 0.06435126 0.08794701 0.06680625 0.04611802 0.1030962 0.02170401 0.09678423 0.03821098 0.09528326 0.005984008 0.06071823 0.01069998 0.06112629 0.009849011 0.06722527 0.07995301 0.04306626 0.07771003 0.01430726 0.08811402 0.04292929 0.021856 0.1027312 0.02170401 0.09678423 0.04611802 0.1030962 0.08794701 0.06680625 0.1202949 0.06435126 0.104465 0.09841024 0.01069998 0.06112629 0.02502101 0.07035726 0.009849011 0.06722527 0.021856 0.1027312 0.04611802 0.1030962 0.02152299 0.1084482 0.06831598 0.08663225 0.08794701 0.06680625 0.104465 0.09841024 0.1202949 0.06435126 0.154129 0.09953129 0.104465 0.09841024 0.021856 0.1027312 0.006987988 0.09812325 0.02170401 0.09678423 0.02152299 0.1084482 0.04611802 0.1030962 0.03772199 0.1095332 0.101494 0.03884524 0.1202949 0.06435126 0.08811402 0.04292929 0.007081985 0.1074812 0.021856 0.1027312 0.02152299 0.1084482 0.006958007 0.1028002 0.006987988 0.09812325 0.021856 0.1027312 0.05271697 0.1121292 0.03772199 0.1095332 0.04611802 0.1030962 0.101494 0.03884524 0.08811402 0.04292929 0.09485298 0.01226824 0.006958007 0.1028002 0.021856 0.1027312 0.007081985 0.1074812 0.04611802 0.1030962 0.068569 0.1038472 0.05271697 0.1121292 0.006987988 0.09812325 0.006958007 0.1028002 0.00348699 0.1029332 0.09485298 0.01226824 0.08811402 0.04292929 0.08688598 0.01542228 0.007081985 0.1074812 0.00348699 0.1029332 0.006958007 0.1028002 0.05711197 0.1256092 0.05271697 0.1121292 0.068569 0.1038472 0.09485298 0.01226824 0.08688598 0.01542228 0.086645 0.01352727 0.08811402 0.04292929 0.07771003 0.01430726 0.08688598 0.01542228 0.07771003 0.01430726 0.086645 0.01352727 0.08688598 0.01542228 0.05271697 0.1121292 0.05711197 0.1256092 0.03497201 0.1169952 0.05711197 0.1256092 0.068569 0.1038472 0.073116 0.1275672 0.09485298 0.01226824 0.086645 0.01352727 0.08636301 0.01131826 0.07771003 0.01430726 0.08636301 0.01131826 0.086645 0.01352727 0.03497201 0.1169952 0.05711197 0.1256092 0.03579801 0.1255112 0.073116 0.1275672 0.068569 0.1038472 0.104465 0.09841024 0.03497201 0.1169952 0.03579801 0.1255112 0.01416802 0.1190022 0.05711197 0.1256092 0.03569197 0.1378882 0.03579801 0.1255112 0.05711197 0.1256092 0.073116 0.1275672 0.05702501 0.1395592 0.068569 0.1038472 0.06831598 0.08663225 0.104465 0.09841024 0.01416802 0.1190022 0.03579801 0.1255112 0.01415997 0.1262362 0.05702501 0.1395592 0.03569197 0.1378882 0.05711197 0.1256092 0.05702501 0.1395592 0.073116 0.1275672 0.07346898 0.1468932 0.073116 0.1275672 0.104465 0.09841024 0.1012459 0.1292042 0.03569197 0.1378882 0.013565 0.1366602 0.03579801 0.1255112 0.03579801 0.1255112 0.013565 0.1366602 0.01415997 0.1262362 0.05702501 0.1395592 0.03484898 0.1486842 0.03569197 0.1378882 0.07346898 0.1468932 0.073116 0.1275672 0.1038669 0.1456782 0.1038669 0.1456782 0.073116 0.1275672 0.1012459 0.1292042 0.009362995 0.1300912 0.01415997 0.1262362 0.013565 0.1366602 0.009362995 0.1300912 0.01416802 0.1190022 0.01415997 0.1262362 0.03484898 0.1486842 0.01300299 0.1484812 0.03569197 0.1378882 0.1012459 0.1292042 0.154116 0.1415372 0.1038669 0.1456782 0.03569197 0.1378882 0.01300299 0.1484812 0.013565 0.1366602 0.05505198 0.1511122 0.05702501 0.1395592 0.07346898 0.1468932 0.05505198 0.1511122 0.03484898 0.1486842 0.05702501 0.1395592 0.154129 0.09953129 0.154116 0.1415372 0.1012459 0.1292042 0.01300299 0.1484812 0.008928 0.1503912 0.013565 0.1366602 0.05505198 0.1511122 0.03339701 0.1583472 0.03484898 0.1486842 0.154129 0.09953129 0.1852779 0.1395492 0.154116 0.1415372 0.03484898 0.1486842 0.03339701 0.1583472 0.01300299 0.1484812 0.012865 0.1574682 0.008928 0.1503912 0.01300299 0.1484812 0.05197602 0.1634152 0.03339701 0.1583472 0.05505198 0.1511122 0.1841639 0.09637224 0.1852779 0.1395492 0.154129 0.09953129 0.01300299 0.1484812 0.03339701 0.1583472 0.012865 0.1574682 0.154129 0.09953129 0.1012459 0.1292042 0.104465 0.09841024 0.05505198 0.1511122 0.07398599 0.1780542 0.05197602 0.1634152 0.154116 0.1415372 0.1852779 0.1395492 0.1730799 0.1777102 0.07372748 0.1624737 0.07398599 0.1780542 0.05505198 0.1511122 0.05197602 0.1634152 0.07398599 0.1780542 0.05163198 0.1742152 0.1730799 0.1777102 0.1517379 0.1776632 0.154116 0.1415372 0.1730799 0.1777102 0.1852779 0.1395492 0.1961879 0.1770952 0.07346898 0.1468932 0.07372748 0.1624737 0.05505198 0.1511122 0.05163198 0.1742152 0.03718298 0.1743762 0.05197602 0.1634152 0.1961879 0.1770952 0.194172 0.2177572 0.1730799 0.1777102 0.07346898 0.1468932 0.1038669 0.1456782 0.07372748 0.1624737 0.154116 0.1415372 0.1517379 0.1776632 0.1038669 0.1456782 0.05197602 0.1634152 0.03718298 0.1743762 0.03676801 0.1669602 0.1730799 0.1777102 0.194172 0.2177572 0.1632149 0.2213662 0.07372748 0.1624737 0.1089 0.1767712 0.07398599 0.1780542 0.1038669 0.1456782 0.1517379 0.1776632 0.1089 0.1767712 0.03718298 0.1743762 0.02122402 0.1745772 0.03676801 0.1669602 0.1632149 0.2213662 0.1517379 0.1776632 0.1730799 0.1777102 0.07372748 0.1624737 0.1038669 0.1456782 0.1089 0.1767712 0.05163198 0.1742152 0.048424 0.1846982 0.03718298 0.1743762 0.07398599 0.1780542 0.048424 0.1846982 0.05163198 0.1742152 0.1517379 0.1776632 0.1632149 0.2213662 0.1113809 0.2036532 0.03676801 0.1669602 0.02122402 0.1745772 0.02071702 0.1684542 0.1517379 0.1776632 0.1113809 0.2036532 0.1089 0.1767712 0.03718298 0.1743762 0.048424 0.1846982 0.03669202 0.1820932 0.1632149 0.2213662 0.194172 0.2177572 0.1824899 0.2450502 0.03718298 0.1743762 0.03669202 0.1820932 0.02122402 0.1745772 0.1388189 0.2345942 0.1113809 0.2036532 0.1632149 0.2213662 0.05216699 0.1936312 0.048424 0.1846982 0.07398599 0.1780542 0.1824899 0.2450502 0.194172 0.2177572 0.194671 0.2346102 0.1113809 0.2036532 0.1388189 0.2345942 0.1020749 0.2340312 0.05216699 0.1936312 0.07398599 0.1780542 0.07543396 0.2020392 0.07398599 0.1780542 0.1089 0.1767712 0.07543396 0.2020392 0.1428549 0.2575123 0.1632149 0.2213662 0.1824899 0.2450502 0.1388189 0.2345942 0.1632149 0.2213662 0.1428549 0.2575123 0.07543396 0.2020392 0.1089 0.1767712 0.1113809 0.2036532 0.05202102 0.2051962 0.05216699 0.1936312 0.07543396 0.2020392 0.1388189 0.2345942 0.1029859 0.2611903 0.1020749 0.2340312 0.1428549 0.2575123 0.1029859 0.2611903 0.1388189 0.2345942 0.05216699 0.1936312 0.03615701 0.1947572 0.048424 0.1846982 0.05216699 0.1936312 0.05202102 0.2051962 0.03615701 0.1947572 0.07543396 0.2020392 0.05482697 0.2160772 0.05202102 0.2051962 0.1075519 0.2707283 0.1029859 0.2611903 0.1428549 0.2575123 0.048424 0.1846982 0.03615701 0.1947572 0.03492999 0.1873132 0.07358503 0.2305122 0.05482697 0.2160772 0.07543396 0.2020392 0.1020749 0.2340312 0.07358503 0.2305122 0.1113809 0.2036532 0.1020749 0.2340312 0.1029859 0.2611903 0.093427 0.2536852 0.03615701 0.1947572 0.02093899 0.1958382 0.03492999 0.1873132 0.1113809 0.2036532 0.07358503 0.2305122 0.07543396 0.2020392 0.05482697 0.2160772 0.03894901 0.2189312 0.05202102 0.2051962 0.03615701 0.1947572 0.03596198 0.2029222 0.02093899 0.1958382 0.03492999 0.1873132 0.02093899 0.1958382 0.01997101 0.1902262 0.05621099 0.2283662 0.05482697 0.2160772 0.07358503 0.2305122 0.03615701 0.1947572 0.05202102 0.2051962 0.03596198 0.2029222 0.05482697 0.2160772 0.05621099 0.2283662 0.03894901 0.2189312 0.02093899 0.1958382 0.03596198 0.2029222 0.02075499 0.2018102 0.01997101 0.1902262 0.02093899 0.1958382 0.006900012 0.1927722 0.05202102 0.2051962 0.03894901 0.2189312 0.03529298 0.2093382 0.03894901 0.2189312 0.05621099 0.2283662 0.03914797 0.2294442 0.02075499 0.2018102 0.007466018 0.2008392 0.02093899 0.1958382 0.006900012 0.1927722 0.02093899 0.1958382 0.007641017 0.1967832 0.03894901 0.2189312 0.02648997 0.2207042 0.03529298 0.2093382 0.03914797 0.2294442 0.02648997 0.2207042 0.03894901 0.2189312 0.02093899 0.1958382 0.007466018 0.2008392 0.007641017 0.1967832 0.007641017 0.1967832 0.004513978 0.1970362 0.006900012 0.1927722 0.03529298 0.2093382 0.02648997 0.2207042 0.02388101 0.2129952 0.02674597 0.2290482 0.02648997 0.2207042 0.03914797 0.2294442 0.007466018 0.2008392 0.004513978 0.1970362 0.007641017 0.1967832 0.02388101 0.2129952 0.02648997 0.2207042 0.01016998 0.2173882 0.02674597 0.2290482 0.01152199 0.2228353 0.02648997 0.2207042 0.01016998 0.2173882 0.02648997 0.2207042 0.01152199 0.2228353 0.01184397 0.2285732 0.01152199 0.2228353 0.02674597 0.2290482 0.01016998 0.2173882 0.01152199 0.2228353 0.007155001 0.2235962 0.01184397 0.2285732 0.007155001 0.2235962 0.01152199 0.2228353 0.02122402 0.1745772 0.03669202 0.1820932 0.02087497 0.1808352 0.02122402 0.1745772 0.02087497 0.1808352 0.006998002 0.1747572 0.02122402 0.1745772 0.006998002 0.1747572 0.02071702 0.1684542 0.006998002 0.1747572 0.02087497 0.1808352 0.006775975 0.1797142 0.02071702 0.1684542 0.006998002 0.1747572 0.006407976 0.1697852 0.006775975 0.1797142 0.002956986 0.1749682 0.006998002 0.1747572 0.006998002 0.1747572 0.002956986 0.1749682 0.006407976 0.1697852 0.04510098 0.08526027 0.02096801 0.08380526 0.03749001 0.07555526 0.05157601 0.07616025 0.04510098 0.08526027 0.03749001 0.07555526 0.03749001 0.07555526 0.02096801 0.08380526 0.021362 0.07726925 0.04510098 0.08526027 0.03636199 0.09237426 0.02096801 0.08380526 0.02096801 0.08380526 0.006633996 0.08336025 0.021362 0.07726925 0.04961699 0.09434229 0.03636199 0.09237426 0.04510098 0.08526027 0.02096801 0.08380526 0.03636199 0.09237426 0.02045702 0.09009826 0.02096801 0.08380526 0.02045702 0.09009826 0.006633996 0.08336025 0.021362 0.07726925 0.006633996 0.08336025 0.007269978 0.07876729 0.006633996 0.08336025 0.02045702 0.09009826 0.006559014 0.08810925 0.006633996 0.08336025 0.00368601 0.08316528 0.007269978 0.07876729 0.00368601 0.08316528 0.006633996 0.08336025 0.006559014 0.08810925 0.04780501 0.06426525 0.04106199 0.05268329 0.05681097 0.05379027 0.05681097 0.05379027 0.06874197 0.06865924 0.04780501 0.06426525 0.06647098 0.05411028 0.06874197 0.06865924 0.05681097 0.05379027 0.1029859 0.2611903 0.08249902 0.2780293 0.093427 0.2536852 0.1029859 0.2611903 0.08760398 0.2819393 0.08249902 0.2780293 0.093427 0.2536852 0.08249902 0.2780293 0.08052498 0.2726513 0.1075519 0.2707283 0.08760398 0.2819393 0.1029859 0.2611903</float_array>
          <technique_common>
            <accessor source="#Mesh_0402_rip-mesh-map-0-array" count="912" stride="2">
              <param name="S" type="float"/>
              <param name="T" type="float"/>
            </accessor>
          </technique_common>
        </source>
        <vertices id="Mesh_0402_rip-mesh-vertices">
          <input semantic="POSITION" source="#Mesh_0402_rip-mesh-positions"/>
        </vertices>
        <triangles material="mat0_008-material" count="304">
          <input semantic="VERTEX" source="#Mesh_0402_rip-mesh-vertices" offset="0"/>
          <input semantic="NORMAL" source="#Mesh_0402_rip-mesh-normals" offset="1"/>
          <input semantic="TEXCOORD" source="#Mesh_0402_rip-mesh-map-0" offset="2" set="0"/>
          <p>0 0 0 1 1 1 2 2 2 2 2 3 3 3 4 0 0 5 2 2 6 1 1 7 4 4 8 5 5 9 3 3 10 2 2 11 3 3 12 6 6 13 0 0 14 0 0 15 6 6 16 1 1 17 2 2 18 4 4 19 7 7 20 7 7 21 5 5 22 2 2 23 5 5 24 8 8 25 3 3 26 1 1 27 6 6 28 9 9 29 10 10 30 4 4 31 1 1 32 11 11 33 5 5 34 7 7 35 12 12 36 3 3 37 8 8 38 13 13 39 4 4 40 10 10 41 14 14 42 5 5 43 11 11 44 15 15 45 3 3 46 12 12 47 15 15 48 6 6 49 3 3 50 13 13 51 16 16 52 4 4 53 17 17 54 8 8 55 5 5 56 17 17 57 5 5 58 14 14 59 6 6 60 18 18 61 9 9 62 13 13 63 19 19 64 16 16 65 19 19 66 17 17 67 14 14 68 17 17 69 20 20 70 8 8 71 21 21 72 18 18 73 6 6 74 4 4 75 16 16 76 22 22 77 23 23 78 20 20 79 17 17 80 23 23 81 19 19 82 13 13 83 21 21 84 6 6 85 24 24 86 7 7 87 4 4 88 22 22 89 23 23 90 13 13 91 20 20 92 19 19 93 23 23 94 17 17 95 24 24 96 6 6 97 15 15 98 25 25 99 8 8 100 20 20 101 20 20 102 13 13 103 10 10 104 20 20 105 10 10 106 25 25 107 12 12 108 24 24 109 15 15 110 25 25 111 12 12 112 8 8 113 25 25 114 10 10 115 26 26 116 27 27 117 24 24 118 12 12 119 25 25 120 26 26 121 28 28 122 27 27 123 12 12 124 28 28 125 28 28 126 12 12 127 25 25 128 10 10 129 1 1 130 26 26 131 28 28 132 26 26 133 29 29 134 26 26 135 1 1 136 9 9 137 26 26 138 9 9 139 29 29 140 29 29 141 9 9 142 18 18 143 30 30 144 31 31 145 32 32 146 30 30 147 33 33 148 31 31 149 32 32 150 31 31 151 34 34 152 35 35 153 33 33 154 30 30 155 36 36 156 34 34 157 31 31 158 31 31 159 33 33 160 36 36 161 33 33 162 35 35 163 37 37 164 38 38 165 34 34 166 36 36 167 36 36 168 33 33 169 39 39 170 33 33 171 37 37 172 40 40 173 40 40 174 39 39 175 33 33 176 41 41 177 39 39 178 40 40 179 42 42 180 43 43 181 44 44 182 45 45 183 43 43 184 42 42 185 43 43 186 46 46 187 44 44 188 45 45 189 47 47 190 43 43 191 44 44 192 46 46 193 48 48 194 49 49 195 47 47 196 45 45 197 46 46 198 43 43 199 50 50 200 50 50 201 43 43 202 47 47 203 47 47 204 49 49 205 51 51 206 52 52 207 50 50 208 47 47 209 47 47 210 51 51 211 52 52 212 53 53 213 50 50 214 52 52 215 54 54 216 55 55 217 56 56 218 55 55 219 54 54 220 57 57 221 56 56 222 55 55 223 58 58 224 57 57 225 54 54 226 59 59 227 58 58 228 60 60 229 56 56 230 57 57 231 61 61 232 55 55 233 62 62 234 59 59 235 54 54 236 58 58 237 55 55 238 63 63 239 60 60 240 58 58 241 64 64 242 55 55 243 61 61 244 63 63 245 61 61 246 57 57 247 65 65 248 54 54 249 66 66 250 62 62 251 64 64 252 67 67 253 60 60 254 64 64 255 58 58 256 68 68 257 69 69 258 59 59 259 62 62 260 54 54 261 70 70 262 66 66 263 60 60 264 67 67 265 71 71 266 69 69 267 62 62 268 72 72 269 66 66 270 70 70 271 73 73 272 71 71 273 67 67 274 74 74 275 72 72 276 62 62 277 75 75 278 76 76 279 73 73 280 70 70 281 77 77 282 71 71 283 74 74 284 75 75 285 78 78 286 72 72 287 79 79 288 73 73 289 76 76 290 74 74 291 80 80 292 77 77 293 67 67 294 81 81 295 74 74 296 82 82 297 78 78 298 75 75 299 79 79 300 76 76 301 83 83 302 84 84 303 71 71 304 77 77 305 85 85 306 82 82 307 75 75 308 84 84 309 77 77 310 86 86 311 83 83 312 76 76 313 87 87 314 87 87 315 88 88 316 83 83 317 83 83 318 88 88 319 89 89 320 75 75 321 62 62 322 90 90 323 88 88 324 91 91 325 89 89 326 75 75 327 90 90 328 92 92 329 92 92 330 91 91 331 88 88 332 92 92 333 90 90 334 91 91 335 93 93 336 94 94 337 95 95 338 93 93 339 96 96 340 94 94 341 95 95 342 94 94 343 97 97 344 98 98 345 96 96 346 93 93 347 99 99 348 96 96 349 98 98 350 100 100 351 101 101 352 102 102 353 102 102 354 101 101 355 103 103 356 101 101 357 104 104 358 103 103 359 104 104 360 105 105 361 103 103 362 106 106 363 105 105 364 104 104 365 107 107 366 108 108 367 109 109 368 107 107 369 110 110 370 108 108 371 109 109 372 111 111 373 107 107 374 110 110 375 112 112 376 108 108 377 111 111 378 109 109 379 113 113 380 114 114 381 107 107 382 111 111 383 115 115 384 112 112 385 110 110 386 112 112 387 116 116 388 108 108 389 117 117 390 113 113 391 109 109 392 111 111 393 118 118 394 114 114 395 112 112 396 115 115 397 119 119 398 120 120 399 113 113 400 117 117 401 111 111 402 121 121 403 118 118 404 119 119 405 122 122 406 112 112 407 122 122 408 116 116 409 112 112 410 113 113 411 120 120 412 123 123 413 124 124 414 118 118 415 121 121 416 125 125 417 122 122 418 119 119 419 113 113 420 123 123 421 126 126 422 124 124 423 127 127 424 118 118 425 128 128 426 125 125 427 119 119 428 126 126 429 129 129 430 113 113 431 124 124 432 130 130 433 127 127 434 128 128 435 119 119 436 131 131 437 123 123 438 132 132 439 126 126 440 133 133 441 130 130 442 124 124 443 113 113 444 129 129 445 134 134 446 119 119 447 115 115 448 131 131 449 133 133 450 124 124 451 135 135 452 111 111 453 113 113 454 134 134 455 129 129 456 136 136 457 134 134 458 133 133 459 137 137 460 130 130 461 135 135 462 124 124 463 138 138 464 139 139 465 129 129 466 126 126 467 140 140 468 133 133 469 135 135 470 141 141 471 137 137 472 133 133 473 142 142 474 138 138 475 124 124 476 139 139 477 126 126 478 143 143 479 141 141 480 133 133 481 140 140 482 124 124 483 121 121 484 142 142 485 137 137 486 141 141 487 144 144 488 143 143 489 126 126 490 145 145 491 140 140 492 144 144 493 141 141 494 146 146 495 142 142 496 121 121 497 143 143 498 145 145 499 147 147 500 126 126 501 132 132 502 145 145 503 132 132 504 147 147 505 145 145 506 142 142 507 146 146 508 148 148 509 146 146 510 121 121 511 149 149 512 143 143 513 147 147 514 150 150 515 132 132 516 150 150 517 147 147 518 148 148 519 146 146 520 151 151 521 149 149 522 121 121 523 134 134 524 148 148 525 151 151 526 152 152 527 146 146 528 153 153 529 151 151 530 146 146 531 149 149 532 154 154 533 121 121 534 111 111 535 134 134 536 152 152 537 151 151 538 155 155 539 154 154 540 153 153 541 146 146 542 154 154 543 149 149 544 156 156 545 149 149 546 134 134 547 157 157 548 153 153 549 158 158 550 151 151 551 151 151 552 158 158 553 155 155 554 154 154 555 159 159 556 153 153 557 156 156 558 149 149 559 160 160 560 160 160 561 149 149 562 157 157 563 161 161 564 155 155 565 158 158 566 161 161 567 152 152 568 155 155 569 159 159 570 162 162 571 153 153 572 157 157 573 163 163 574 160 160 575 153 153 576 162 162 577 158 158 578 164 164 579 154 154 580 156 156 581 164 164 582 159 159 583 154 154 584 136 136 585 163 163 586 157 157 587 162 162 588 165 165 589 158 158 590 164 164 591 166 166 592 159 159 593 136 136 594 167 167 595 163 163 596 159 159 597 166 166 598 162 162 599 168 168 600 165 165 601 162 162 602 169 169 603 166 166 604 164 164 605 170 170 606 167 167 607 136 136 608 162 162 609 166 166 610 168 168 611 136 136 612 157 157 613 134 134 614 164 164 615 171 171 616 169 169 617 163 163 618 167 167 619 172 172 620 173 173 621 171 171 622 164 164 623 169 169 624 171 171 625 174 174 626 172 172 627 175 175 628 163 163 629 172 172 630 167 167 631 176 176 632 156 156 633 173 173 634 164 164 635 174 174 636 177 177 637 169 169 638 176 176 639 178 178 640 172 172 641 156 156 642 160 160 643 173 173 644 163 163 645 175 175 646 160 160 647 169 169 648 177 177 649 179 179 650 172 172 651 178 178 652 180 180 653 173 173 654 181 181 655 171 171 656 160 160 657 175 175 658 181 181 659 177 177 660 182 182 661 179 179 662 180 180 663 175 175 664 172 172 665 173 173 666 160 160 667 181 181 668 174 174 669 183 183 670 177 177 671 171 171 672 183 183 673 174 174 674 175 175 675 180 180 676 184 184 677 179 179 678 182 182 679 185 185 680 175 175 681 184 184 682 181 181 683 177 177 684 183 183 685 186 186 686 180 180 687 178 178 688 187 187 689 177 177 690 186 186 691 182 182 692 188 188 693 184 184 694 180 180 695 189 189 696 183 183 697 171 171 698 187 187 699 178 178 700 190 190 701 184 184 702 188 188 703 191 191 704 189 189 705 171 171 706 192 192 707 171 171 708 181 181 709 192 192 710 193 193 711 180 180 712 187 187 713 188 188 714 180 180 715 193 193 716 192 192 717 181 181 718 184 184 719 194 194 720 189 189 721 192 192 722 188 188 723 195 195 724 191 191 725 193 193 726 195 195 727 188 188 728 189 189 729 196 196 730 183 183 731 189 189 732 194 194 733 196 196 734 192 192 735 197 197 736 194 194 737 198 198 738 195 195 739 193 193 740 183 183 741 196 196 742 199 199 743 200 200 744 197 197 745 192 192 746 191 191 747 200 200 748 184 184 749 191 191 750 195 195 751 201 201 752 196 196 753 202 202 754 199 199 755 184 184 756 200 200 757 192 192 758 197 197 759 203 203 760 194 194 761 196 196 762 204 204 763 202 202 764 199 199 765 202 202 766 205 205 767 206 206 768 197 197 769 200 200 770 196 196 771 194 194 772 204 204 773 197 197 774 206 206 775 203 203 776 202 202 777 204 204 778 207 207 779 205 205 780 202 202 781 208 208 782 194 194 783 203 203 784 209 209 785 203 203 786 206 206 787 210 210 788 207 207 789 211 211 790 202 202 791 208 208 792 202 202 793 212 212 794 203 203 795 213 213 796 209 209 797 210 210 798 213 213 799 203 203 800 202 202 801 211 211 802 212 212 803 212 212 804 214 214 805 208 208 806 209 209 807 213 213 808 215 215 809 216 216 810 213 213 811 210 210 812 211 211 813 214 214 814 212 212 815 215 215 816 213 213 817 217 217 818 216 216 819 218 218 820 213 213 821 217 217 822 213 213 823 218 218 824 219 219 825 218 218 826 216 216 827 217 217 828 218 218 829 220 220 830 219 219 831 220 220 832 218 218 833 182 182 834 186 186 835 221 221 836 182 182 837 221 221 838 222 222 839 182 182 840 222 222 841 185 185 842 222 222 843 221 221 844 223 223 845 185 185 846 222 222 847 224 224 848 223 223 849 225 225 850 222 222 851 222 222 852 225 225 853 224 224 854 114 114 855 226 226 856 227 227 857 107 107 858 114 114 859 227 227 860 227 227 861 226 226 862 228 228 863 114 114 864 229 229 865 226 226 866 226 226 867 230 230 868 228 228 869 118 118 870 229 229 871 114 114 872 226 226 873 229 229 874 231 231 875 226 226 876 231 231 877 230 230 878 228 228 879 230 230 880 232 232 881 230 230 882 231 231 883 233 233 884 230 230 885 234 234 886 232 232 887 234 234 888 230 230 889 233 233 890 108 108 891 116 116 892 235 235 893 235 235 894 109 109 895 108 108 896 117 117 897 109 109 898 235 235 899 195 195 900 236 236 901 201 201 902 195 195 903 237 237 904 236 236 905 201 201 906 236 236 907 238 238 908 198 198 909 237 237 910 195 195 911</p>
        </triangles>
      </mesh>
    </geometry>
    <geometry id="Mesh_0401_rip-mesh" name="Mesh_0401.rip">
      <mesh>
        <source id="Mesh_0401_rip-mesh-positions">
          <float_array id="Mesh_0401_rip-mesh-positions-array" count="195">0.07155382 -0.1202656 1.101267 0.06604272 -0.1146948 1.294085 -2.022e-5 -0.1306551 1.101163 0.1362051 -0.07414823 1.10138 -2.02199e-5 -0.1226767 1.29338 0.129158 -0.06546658 1.297636 -0.06608313 -0.1146948 1.294085 0.1530205 -4.69596e-4 1.279659 -0.07159429 -0.1202656 1.101267 0.1621598 -9.36976e-4 1.101497 -0.1362456 -0.07414823 1.10138 0.1333903 0.06942296 1.101461 -0.1291984 -0.06546658 1.297636 0.1372699 0.0642451 1.303017 -0.1530609 -4.6958e-4 1.279659 0.1389331 0.0522266 1.3158 0.08214509 0.1190354 1.299988 -0.1331145 -0.04668766 1.317208 -0.1622002 -9.36986e-4 1.101497 0.1359372 0.04879808 1.385487 0.08037978 0.1089147 1.37254 -0.1240541 -0.04896044 1.403625 -0.1334307 0.06942296 1.101461 0.07809615 0.1237269 1.101487 -0.1314547 -0.04328471 1.38619 0.1169391 0.06342881 1.402516 -2.022e-5 0.1340059 1.299964 -0.1348202 5.4334e-5 1.42661 -0.1311349 0.06217002 1.299374 -2.022e-5 0.1225973 1.368639 -0.1034142 -0.003810882 1.441305 -0.08188605 0.1194425 1.299894 -0.1389735 0.0522266 1.3158 -0.07563257 0.05472987 1.434291 -0.07813656 0.1237269 1.101487 -0.1158127 0.06612884 1.392873 -2.022e-5 0.1447815 1.101553 -0.07898336 0.1038288 1.372173 -0.1359776 0.04879808 1.385487 -0.1298674 -0.07175207 1.029859 -0.07159429 -0.1202656 1.101267 -0.1362456 -0.07414823 1.10138 -0.1636726 -0.001840591 1.031259 -0.1622002 -9.36986e-4 1.101497 -0.1334307 0.06942296 1.101461 -0.1334112 0.071536 1.029988 -0.07813656 0.1237269 1.101487 -0.1517597 -0.01624965 1.374772 -0.1314547 -0.04328471 1.38619 -0.1583794 5.93084e-4 1.401685 -0.1331145 -0.04668766 1.317208 -0.1348202 5.4334e-5 1.42661 -0.1532224 -0.01705646 1.32759 -0.1359776 0.04879808 1.385487 -0.1530609 -4.6958e-4 1.279659 -0.2407044 -0.04207068 1.369255 -0.1513991 0.01346081 1.37093 -0.1601135 2.11956e-4 1.295931 -0.2407756 -0.04383963 1.323649 -0.240354 0.04765915 1.365384 -0.1525967 0.01395487 1.331171 -0.2422943 -3.95652e-4 1.300378 -0.1389735 0.0522266 1.3158 -0.241059 0.0489245 1.332937 -0.3229683 0.04921424 1.362964</float_array>
          <technique_common>
            <accessor source="#Mesh_0401_rip-mesh-positions-array" count="65" stride="3">
              <param name="X" type="float"/>
              <param name="Y" type="float"/>
              <param name="Z" type="float"/>
            </accessor>
          </technique_common>
        </source>
        <source id="Mesh_0401_rip-mesh-normals">
          <float_array id="Mesh_0401_rip-mesh-normals-array" count="195">0.3862472 -0.9223359 0.01046764 0.3863495 -0.9166722 0.1022054 6.1703e-7 -0.9998264 0.01862961 0.7983278 -0.6022081 0.004292368 -6.11054e-4 -0.9932872 0.1156733 0.8336997 -0.5456131 0.0851556 -0.3830705 -0.9176393 0.1058072 0.99729 -0.03302425 0.06574237 -0.3862472 -0.9223361 0.0104677 0.999908 -0.007359564 0.01139736 -0.7983275 -0.6022084 0.004292488 0.8392698 0.5435852 0.01188778 -0.8318163 -0.548063 0.08779841 0.8513236 0.5196037 0.07252776 -0.9997501 0.02232706 -0.001144349 0.9051865 0.4129795 0.100425 0.4710075 0.8780137 0.08511161 -0.9236867 -0.3702647 0.09852397 -0.9998615 0.003664731 0.01624006 0.7965541 0.5124242 0.3208164 0.3807544 0.8359993 0.3951347 -0.6997377 -0.5505337 0.4552801 -0.8385139 0.5445187 0.01984822 0.4785823 0.8780401 0.002154529 -0.9077144 -0.3785263 0.1810322 0.6583811 0.5975798 0.4576383 -0.006513357 0.9944635 0.1048805 -0.6653145 0.1117017 0.7381594 -0.8152783 0.57897 0.01073068 -0.01632571 0.925093 0.3793895 -0.4014548 -0.2480951 0.8816366 -0.4891761 0.8668231 0.09656423 -0.818636 0.5705661 -0.06549394 -0.4083781 0.5948662 0.6923595 -0.4865666 0.8736262 0.005488216 -0.6265138 0.6504007 0.4294875 4.97124e-4 0.9999898 -0.004517495 -0.4119224 0.8292268 0.3777604 -0.6896914 0.6338549 0.3500769 -0.735486 -0.6133148 -0.2879329 -0.3862501 -0.922335 0.0104438 -0.7983238 -0.6022135 0.004278481 -0.9594841 -0.01415878 -0.2814072 -0.9998619 0.00366187 0.01621586 -0.8385044 0.5445333 0.01985132 -0.7805562 0.5691685 -0.2584171 -0.4865471 0.8736371 0.005503594 -0.316362 -0.8945966 0.3156138 -0.7736382 -0.5897313 0.2317344 -0.318968 -0.009758234 0.9477154 -0.8174268 -0.5709511 -0.07634502 -0.8892678 -0.05235558 0.4543806 -0.3367269 -0.920055 -0.2002838 -0.8766607 0.4351826 0.2051393 -0.9815644 -0.08305227 -0.1721441 0.08498233 -0.8455417 0.5271027 -0.3573735 0.8898182 0.2837393 -0.3815144 -0.009980976 -0.924309 0.1174567 -0.8514691 -0.5110816 0.1272068 0.8593125 0.4953792 -0.4023687 0.9018083 -0.1576114 -0.01830172 0.03759956 -0.9991254 -0.9206514 0.3893148 -0.02889937 0.155136 0.8712191 -0.4657363 -0.148149 0.876437 0.4581595</float_array>
          <technique_common>
            <accessor source="#Mesh_0401_rip-mesh-normals-array" count="65" stride="3">
              <param name="X" type="float"/>
              <param name="Y" type="float"/>
              <param name="Z" type="float"/>
            </accessor>
          </technique_common>
        </source>
        <source id="Mesh_0401_rip-mesh-map-0">
          <float_array id="Mesh_0401_rip-mesh-map-0-array" count="438">0.698431 0.607281 0.698372 0.767789 0.642116 0.607281 0.758061 0.607281 0.698372 0.767789 0.698431 0.607281 0.642116 0.607281 0.698372 0.767789 0.642116 0.769918 0.763524 0.766199 0.698372 0.767789 0.758061 0.607281 0.698372 0.767789 0.642116 0.607281 0.642116 0.769918 0.758061 0.607281 0.8157 0.747637 0.763524 0.766199 0.698431 0.607281 0.642116 0.607281 0.698372 0.767789 0.8157 0.607281 0.8157 0.747637 0.758061 0.607281 0.698431 0.607281 0.698372 0.767789 0.758061 0.607281 0.8157 0.607281 0.866018 0.607281 0.8157 0.747637 0.758061 0.607281 0.698372 0.767789 0.763524 0.766199 0.8157 0.747637 0.866018 0.607281 0.8529473 0.7663843 0.763524 0.766199 0.8157 0.747637 0.758061 0.607281 0.8157 0.747637 0.8529473 0.7663843 0.843835 0.776389 0.866018 0.607281 0.917317 0.764662 0.8529473 0.7663843 0.782384 0.782133 0.8157 0.747637 0.763524 0.766199 0.758061 0.607281 0.8157 0.747637 0.8157 0.607281 0.843835 0.776389 0.8529473 0.7663843 0.843658 0.835815 0.917317 0.764662 0.913256 0.825797 0.8529473 0.7663843 0.77875 0.859216 0.782384 0.782133 0.763524 0.766199 0.8157 0.607281 0.8157 0.747637 0.866018 0.607281 0.92777 0.607281 0.917317 0.764662 0.866018 0.607281 0.786962 0.845754 0.782384 0.782133 0.77875 0.859216 0.8529473 0.7663843 0.913256 0.825797 0.8619961 0.8522841 0.843658 0.835815 0.8529473 0.7663843 0.8619961 0.8522841 0.917317 0.764662 0.92777 0.607281 0.983725 0.766742 0.813559 0.866001 0.786962 0.845754 0.77875 0.859216 0.866018 0.607281 0.8157 0.747637 0.8549283 0.76354 0.983725 0.827788 0.917317 0.764662 0.983725 0.766742 0.816151 0.902278 0.813559 0.866001 0.77875 0.859216 0.8549283 0.76354 0.91729 0.764687 0.866018 0.607281 0.983725 0.766742 0.91729 0.764687 0.983725 0.827788 0.8549283 0.76354 0.8157 0.747637 0.843835 0.776389 0.813559 0.866001 0.816151 0.902278 0.885742 0.897968 0.983725 0.766742 0.92777 0.607281 0.91729 0.764687 0.866018 0.607281 0.91729 0.764687 0.92777 0.607281 0.8549283 0.76354 0.843835 0.776389 0.8672967 0.8465793 0.885742 0.897968 0.8672967 0.8465793 0.813559 0.866001 0.983725 0.607281 0.92777 0.607281 0.983725 0.766742 0.91729 0.764687 0.8549283 0.76354 0.914988 0.825371 0.8672967 0.8465793 0.843835 0.776389 0.843658 0.835815 0.8672967 0.8465793 0.843658 0.835815 0.813559 0.866001 0.983725 0.766742 0.92777 0.607281 0.983725 0.607281 0.914988 0.825371 0.8549283 0.76354 0.8672967 0.8465793 0.749872 0.550094 0.694578 0.601509 0.749872 0.601509 0.749872 0.550094 0.749872 0.601509 0.812228 0.550093 0.812228 0.550093 0.749872 0.601509 0.812229 0.601508 0.874585 0.601508 0.812228 0.550093 0.812229 0.601508 0.874585 0.550093 0.812228 0.550093 0.874585 0.601508 0.874585 0.601508 0.929879 0.601508 0.874585 0.550093 0.4810054 0.6598166 0.4810054 0.6776826 0.5149084 0.6589117 0.4810054 0.6598166 0.4449254 0.6776826 0.4810054 0.6776826 0.5149084 0.6589117 0.4810054 0.6776826 0.5149084 0.6776826 0.4449254 0.6598166 0.4449254 0.6776826 0.4810054 0.6598166 0.5149084 0.6776826 0.4810054 0.6776826 0.5149084 0.6589117 0.4449254 0.6598166 0.4127123 0.6664656 0.4449254 0.6776826 0.4810054 0.5896357 0.4449254 0.6598166 0.4810054 0.6598166 0.5149084 0.6589117 0.4810054 0.5896357 0.4810054 0.6598166 0.5149084 0.6589117 0.4810054 0.6776826 0.4810054 0.6598166 0.4127123 0.6558406 0.4127123 0.6664656 0.4449254 0.6598166 0.4449254 0.5896357 0.4449254 0.6598166 0.4810054 0.5896357 0.4449254 0.5896357 0.4127123 0.6558406 0.4449254 0.6598166 0.4810054 0.6598166 0.4810054 0.5896357 0.5149084 0.6589117 0.4810054 0.6776826 0.4449254 0.6598166 0.4810054 0.6598166 0.4449254 0.6598166 0.4127123 0.6664656 0.4127123 0.6558406 0.4127123 0.5896357 0.4127123 0.6558406 0.4449254 0.5896357 0.4449254 0.6598166 0.4810054 0.5896357 0.4810054 0.6598166 0.4449254 0.6776826 0.4449254 0.6598166 0.4810054 0.6776826 0.4449254 0.6776826 0.4127123 0.6664656 0.4449254 0.6598166 0.4127123 0.6558406 0.4127123 0.5896357 0.4449254 0.5896357 0.4449254 0.5896357 0.4810054 0.5896357 0.4449254 0.6598166 0.4127123 0.6558406 0.4449254 0.5896357 0.4449254 0.6598166 0.4810054 0.5896357 0.4449254 0.5896357 0.4810054 0.5254876</float_array>
          <technique_common>
            <accessor source="#Mesh_0401_rip-mesh-map-0-array" count="219" stride="2">
              <param name="S" type="float"/>
              <param name="T" type="float"/>
            </accessor>
          </technique_common>
        </source>
        <vertices id="Mesh_0401_rip-mesh-vertices">
          <input semantic="POSITION" source="#Mesh_0401_rip-mesh-positions"/>
        </vertices>
        <triangles material="mat0_007-material" count="73">
          <input semantic="VERTEX" source="#Mesh_0401_rip-mesh-vertices" offset="0"/>
          <input semantic="NORMAL" source="#Mesh_0401_rip-mesh-normals" offset="1"/>
          <input semantic="TEXCOORD" source="#Mesh_0401_rip-mesh-map-0" offset="2" set="0"/>
          <p>0 0 0 1 1 1 2 2 2 3 3 3 1 1 4 0 0 5 2 2 6 1 1 7 4 4 8 5 5 9 1 1 10 3 3 11 6 6 12 2 2 13 4 4 14 3 3 15 7 7 16 5 5 17 8 8 18 2 2 19 6 6 20 9 9 21 7 7 22 3 3 23 8 8 24 6 6 25 10 10 26 9 9 27 11 11 28 7 7 29 10 10 30 6 6 31 12 12 32 7 7 33 11 11 34 13 13 35 12 12 36 14 14 37 10 10 38 7 7 39 13 13 40 15 15 41 11 11 42 16 16 43 13 13 44 17 17 45 14 14 46 12 12 47 10 10 48 14 14 49 18 18 50 15 15 51 13 13 52 19 19 53 16 16 54 20 20 55 13 13 56 21 21 57 17 17 58 12 12 59 18 18 60 14 14 61 22 22 62 23 23 63 16 16 64 11 11 65 24 24 66 17 17 67 21 21 68 13 13 69 20 20 70 25 25 71 19 19 72 13 13 73 25 25 74 16 16 75 23 23 76 26 26 77 27 27 78 24 24 79 21 21 80 22 22 81 14 14 82 28 28 83 29 29 84 16 16 85 26 26 86 30 30 87 27 27 88 21 21 89 28 28 90 31 31 91 22 22 92 26 26 93 31 31 94 29 29 95 28 28 96 14 14 97 32 32 98 27 27 99 30 30 100 33 33 101 26 26 102 34 34 103 31 31 104 22 22 105 31 31 106 34 34 107 28 28 108 32 32 109 35 35 110 33 33 111 35 35 112 27 27 113 36 36 114 34 34 115 26 26 116 31 31 117 28 28 118 37 37 119 35 35 120 32 32 121 38 38 122 35 35 123 38 38 124 27 27 125 26 26 126 23 23 127 36 36 128 37 37 129 28 28 130 35 35 131 39 39 132 40 40 133 41 41 134 39 39 135 41 41 136 42 42 137 42 42 138 41 41 139 43 43 140 44 44 141 42 42 142 43 43 143 45 45 144 42 42 145 44 44 146 44 44 147 46 46 148 45 45 149 47 47 150 48 48 151 49 49 152 47 47 153 50 50 154 48 48 155 49 49 156 48 48 157 51 51 158 52 52 159 50 50 160 47 47 161 51 51 162 53 53 163 49 49 164 52 52 165 54 54 166 50 50 167 55 55 168 52 52 169 47 47 170 49 49 171 55 55 172 47 47 173 49 49 174 53 53 175 56 56 176 57 57 177 54 54 178 52 52 179 58 58 180 52 52 181 55 55 182 58 58 183 57 57 184 52 52 185 56 56 186 59 59 187 49 49 188 53 53 189 60 60 190 56 56 191 60 60 192 54 54 193 57 57 194 61 61 195 57 57 196 58 58 197 60 60 198 59 59 199 56 56 200 62 62 201 60 60 202 53 53 203 62 62 204 54 54 205 60 60 206 57 57 207 61 61 208 63 63 209 63 63 210 59 59 211 60 60 212 57 57 213 63 63 214 60 60 215 59 59 216 63 63 217 64 64 218</p>
        </triangles>
      </mesh>
    </geometry>
    <geometry id="Mesh_0400_rip-mesh" name="Mesh_0400.rip">
      <mesh>
        <source id="Mesh_0400_rip-mesh-positions">
          <float_array id="Mesh_0400_rip-mesh-positions-array" count="384">0.06856298 -0.01915359 0.9353378 0 -3.79155e-4 0.930854 0.05854338 -0.05094885 0.8337517 -0.01672554 -0.01454514 0.08525723 -0.09122622 -0.1039679 0.09787899 -0.03126865 -0.1414082 0.04537445 -0.01473391 -0.1255865 -0.001061141 -0.09148436 -0.1593006 0.06628161 -0.02594411 -0.006642043 0.01931917 -0.09201151 -0.2618955 0.0101003 -0.1504002 -0.1455793 0.04591566 -0.03023213 0.03517413 0.08160263 -0.09478396 -0.2592487 0.04499965 -0.1638175 -0.01312881 0.08606839 -0.03432947 0.04732626 -7.98862e-4 -0.1679258 -0.1298335 -9.29657e-5 -0.09228146 0.07372468 1.79629e-4 -0.02958309 -0.008259057 -8.46815e-4 -0.1610965 -0.004380524 0.03030294 -0.09167116 0.07758027 0.09092158 -0.08986431 -0.08731579 0.2937585 -0.1526569 0.0354889 0.08672994 -0.1469312 0.04721707 0.001027405 -0.151107 -0.008223056 0.001206159 -0.1694583 0.001073479 0.3382177 -0.01774102 -0.00187242 0.3328098 -0.1526569 0.0354889 0.08672994 -0.03023213 0.03517413 0.08160263 -0.09026503 0.08646309 0.2999773 -0.09167116 0.07758027 0.09092158 -0.1310706 5.97871e-4 0.300979 -0.1371707 -0.001290738 0.5020859 -0.09162998 0.05055296 0.3008334 -0.09182298 -0.04652863 0.3013119 -0.0902878 0.05460476 0.5039961 -0.0903809 -0.05582356 0.5039928 -0.03654313 -0.001256287 0.50224 -0.1610236 6.66765e-4 0.5936201 -0.04689484 -0.01110017 0.3009472 -0.08954799 0.01374745 0.5936171 -0.08955794 -0.01074564 0.5936179 -0.02277296 8.12032e-4 0.5936151 -0.1192434 -0.04780042 0.6731944 -0.08963495 0.04990679 0.6731343 -0.05652648 -0.04640817 0.6731734 -0.138026 4.21685e-5 0.672957 -0.03866273 4.01583e-5 0.6729521 -0.05854338 -0.0509482 0.8337516 -0.1369506 -0.001394033 0.8337923 -0.08895337 0.04984241 0.8337823 -0.117545 -0.04816854 0.833754 -0.03748989 -9.23058e-4 0.833792 -0.06858319 -0.01915359 0.9353379 0 -3.79155e-4 0.930854 -0.1359102 -4.5528e-4 0.9649437 -0.07496893 0.02070224 0.9350604 -0.1610965 -0.004380524 0.03030294 -0.02594411 -0.006642043 0.01931917 -0.1679258 -0.1298335 -9.29657e-5 -0.01473391 -0.1255865 -0.001061141 -0.09201151 -0.2618955 0.0101003 -0.02958309 -0.008259057 -8.46815e-4 -0.02594411 -0.006642043 0.01931917 -0.151107 -0.008223056 0.001206159 -0.1610965 -0.004380524 0.03030294 -0.09228146 0.07372468 1.79629e-4 -0.03432947 0.04732626 -7.98862e-4 -0.02958309 -0.008259057 -8.46815e-4 -0.151107 -0.008223056 0.001206159 -0.1469312 0.04721707 0.001027405 -0.1310706 5.97871e-4 0.300979 -0.1787806 0.00547105 0.3739283 -0.09182298 -0.04652863 0.3013119 -0.0901522 0.09334617 0.3222081 -0.1171768 -0.1040529 0.3214856 -0.09162998 0.05055296 0.3008334 -0.06296348 -0.1019447 0.3204118 -0.04689484 -0.01110017 0.3009472 -0.004903554 -0.00425744 0.3760115 -0.08986431 -0.08731579 0.2937585 -0.06296348 -0.1019447 0.3204118 -0.1171768 -0.1040529 0.3214856 -0.1694583 0.001073479 0.3382177 -0.1787806 0.00547105 0.3739283 -0.0901522 0.09334617 0.3222081 -0.09026503 0.08646309 0.2999773 -0.01774102 -0.00187242 0.3328098 -0.06296348 -0.1019447 0.3204118 -0.004903554 -0.00425744 0.3760115 0.07958143 -0.06222444 0.9672168 0.07230597 -0.1188153 1.029042 -2.022e-5 -0.07825356 0.9631599 0.1298269 -0.07175201 1.029859 -2.022e-5 -0.1319988 1.028429 0.06856298 -0.01915359 0.9353378 0.07155382 -0.1202656 1.101267 0 -3.79155e-4 0.930854 0.13589 -4.5528e-4 0.9649437 0.1362051 -0.07414823 1.10138 -2.022e-5 -0.1306551 1.101163 -0.07234638 -0.1188153 1.029042 0.1636322 -0.001840591 1.031259 -0.06858319 -0.01915359 0.9353379 -0.07159429 -0.1202656 1.101267 0.1621598 -9.36976e-4 1.101497 0.1333708 0.071536 1.029988 -0.07962191 -0.06222444 0.9672169 0.1333903 0.06942296 1.101461 0.08442914 0.06551212 0.9692919 -0.1359102 -4.5528e-4 0.9649437 -0.1298674 -0.07175207 1.029859 0.07494866 0.02070224 0.9350603 0.07809615 0.1237269 1.101487 0.07908952 0.1232827 1.029275 -1.00849e-4 0.08310312 0.9647132 -0.1636726 -0.001840591 1.031259 0 -3.79155e-4 0.930854 -2.022e-5 0.1384134 1.028706 -0.07496893 0.02070224 0.9350604 -2.022e-5 0.1447815 1.101553 -0.08446955 0.06551212 0.969292 -0.07813656 0.1237269 1.101487 -0.07912999 0.1232827 1.029276 -0.1359102 -4.5528e-4 0.9649437 -0.1334112 0.071536 1.029988 -0.1636726 -0.001840591 1.031259 -0.07234638 -0.1188153 1.029042 -0.1298674 -0.07175207 1.029859</float_array>
          <technique_common>
            <accessor source="#Mesh_0400_rip-mesh-positions-array" count="128" stride="3">
              <param name="X" type="float"/>
              <param name="Y" type="float"/>
              <param name="Z" type="float"/>
            </accessor>
          </technique_common>
        </source>
        <source id="Mesh_0400_rip-mesh-normals">
          <float_array id="Mesh_0400_rip-mesh-normals-array" count="387">-0.03620696 -0.9484438 0.3148707 -0.9864476 0.1618727 -0.02680426 -0.4860126 -0.8718028 0.06125247 0.97725 -0.1191852 0.1754348 0.005254924 -0.7620754 0.6474671 0.7384324 -0.3397182 0.5825025 0.9763477 -0.1936988 0.09605175 0.007074952 -0.3013181 0.9534974 0.9837372 0.1304779 -0.1234375 -0.0104078 -0.9752109 0.2210328 -0.7391291 -0.3288589 0.5878266 0.8135156 0.5812419 -0.01871407 0.002364218 -0.5479319 0.8365197 -0.9720702 -0.1240164 0.1992474 0.9041953 0.419568 -0.07995986 -0.9720789 -0.2031334 0.117471 -0.005587697 0.9995411 0.02977627 0.979449 0.08379215 -0.1834627 -0.983071 0.1257508 -0.1332599 -0.005604803 0.9995403 0.0297966 0.00316137 -0.9981123 0.06133407 -0.8033397 0.5955212 6.74091e-5 -0.8939539 0.4310751 -0.1225586 -0.9406399 0.06977826 -0.332156 -0.9914637 0.1300696 0.009043157 0.9904209 0.1362019 0.02270525 -0.8621734 0.5065467 -0.008220672 0.8615338 0.5076525 0.006979644 0.01781696 0.9994359 0.02847129 0.01781535 0.9994353 0.0284937 -0.999634 -0.009144663 -0.02546393 -0.9901584 -0.008335411 -0.139703 -0.007384598 0.9989851 -0.04443365 -0.06445646 -0.9973867 -0.0326361 -0.00737822 0.9952107 0.09747552 -0.02508175 -0.9916791 0.1262672 0.9946461 -0.03760266 -0.09625703 -0.995358 0.09457325 0.01784718 0.9967788 -0.06735503 -0.04353797 0.005141496 0.9999867 4.61641e-4 0.009785652 -0.9949761 -0.09963411 0.9944621 0.1016592 0.02665799 -0.4812206 -0.8629255 -0.1542291 -0.005132913 0.9950756 -0.09898656 0.4884588 -0.8552494 -0.1730796 -0.9708226 0.1923143 0.1432431 0.9732757 0.2085003 0.09624081 0.486011 -0.8718038 0.06125003 -0.9830263 0.1833251 0.007153034 0.004012644 0.998351 0.05726522 -0.479863 -0.8649624 0.146873 0.9624574 0.2001565 -0.1833387 0.03620707 -0.9484398 0.3148826 0.9864532 0.1618551 -0.02670341 -0.9415466 0.1447968 0.3041775 0.04844594 0.9616413 0.2699984 -0.0419566 0.202525 -0.9783779 -0.04195964 0.2025291 -0.9783769 -0.02325928 0.06222498 -0.9977912 -0.02329635 0.06223058 -0.9977899 -0.004101574 -0.07929998 -0.9968424 -0.003323316 -0.9939562 0.1097276 -0.003322422 -0.9939582 0.1097097 -0.003322184 -0.9939569 0.1097205 -0.003326416 -0.9939554 0.1097344 -0.01599282 -0.001210153 -0.9998714 -0.01715642 -6.02416e-4 -0.9998527 -0.01699274 -4.77215e-4 -0.9998555 -0.01573532 -0.001229882 -0.9998755 -0.01447671 -0.002133548 -0.999893 0.8153362 0.08494085 0.5727232 0.7567607 0.05018466 0.6517628 0.03146731 0.4497941 0.8925778 -0.02260386 -0.6095256 0.7924441 0.3459379 0.1710595 0.9225322 -0.0226016 -0.6095016 0.7924627 -0.3393934 0.1436524 0.9296108 -0.834231 0.2168786 0.5069738 -0.7739736 0.1112259 0.623373 0.01243895 -0.6902424 -0.7234714 0.4685158 -0.6623846 -0.5845851 -0.443571 -0.6779096 -0.5862451 -0.8854164 0.1690354 -0.4329721 -0.8854344 0.169029 -0.4329378 0.0271371 0.9386814 -0.3437163 0.02713286 0.9386768 -0.3437293 0.8985237 0.1607638 -0.408424 0.01245009 -0.6902579 -0.7234565 0.4685416 -0.6623521 -0.5846012 0.8985119 0.1607736 -0.4084461 0.4066081 -0.5923341 -0.6955648 0.3965911 -0.8572579 -0.3283666 7.37607e-7 -0.6229833 -0.7822351 0.7354829 -0.613334 -0.2879 1.16054e-6 -0.9380754 -0.3464313 0.2579457 -0.4682296 -0.8451184 0.386248 -0.9223356 0.01046639 3.5502e-6 -0.4657662 -0.884908 0.7078654 -0.0125792 -0.7062354 0.7983242 -0.602213 0.004278004 1.60047e-7 -0.9998227 0.01882666 -0.3965844 -0.8572602 -0.3283687 0.9595019 -0.01415687 -0.2813465 -0.2579608 -0.4681376 -0.8451648 -0.3862624 -0.9223297 0.01045638 0.9999079 -0.007376968 0.01139247 0.7805443 0.5691974 -0.2583894 -0.406594 -0.5922895 -0.695611 0.8392729 0.5435804 0.01189619 0.4361282 0.5729775 -0.6938942 -0.7078123 -0.01260572 -0.7062881 -0.7354914 -0.613308 -0.2879338 0.2854188 0.4728028 -0.8336628 0.4785879 0.878037 0.002169251 0.4555622 0.825358 -0.3335376 -5.48805e-5 0.6130073 -0.7900773 -0.9594807 -0.01415663 -0.2814186 -1.87028e-5 0.4665772 -0.8844805 -4.84753e-5 0.92423 -0.3818364 -0.2854468 0.4726855 -0.8337197 5.0261e-4 0.9999897 -0.004519104 -0.4361565 0.5729361 -0.6939105 -0.4865524 0.8736343 0.005486071 -0.4555985 0.8253591 -0.3334855 -0.7078286 -0.01258879 -0.7062721 -0.7805626 0.5691614 -0.2584134 -0.9594691 -0.01414304 -0.281459 -0.3965764 -0.8572587 -0.3283818 -0.7354798 -0.613314 -0.2879502</float_array>
          <technique_common>
            <accessor source="#Mesh_0400_rip-mesh-normals-array" count="129" stride="3">
              <param name="X" type="float"/>
              <param name="Y" type="float"/>
              <param name="Z" type="float"/>
            </accessor>
          </technique_common>
        </source>
        <source id="Mesh_0400_rip-mesh-map-0">
          <float_array id="Mesh_0400_rip-mesh-map-0-array" count="930">0.753979 0.456199 0.700639 0.44647 0.735127 0.362373 0.3314291 0.087022 0.239062 0.108906 0.209517 0.03853297 0.3314291 0.087022 0.209517 0.03853297 0.224387 0.00861901 0.209517 0.03853297 0.239062 0.108906 0.180711 0.06732797 0.3314291 0.02703499 0.3314291 0.087022 0.224387 0.00861901 0.224387 0.00861901 0.209517 0.03853297 0.112677 0.00861901 0.180711 0.06732797 0.239062 0.108906 0.209517 0.03853297 0.3314291 0.02703499 0.3704108 0.08154737 0.3314291 0.087022 0.112677 0.00861901 0.209517 0.03853297 0.118487 0.028629 0.180711 0.06732797 0.209517 0.03853297 0.118487 0.028629 0.209517 0.03853297 0.239062 0.108906 0.3314291 0.087022 0.3794671 0.00861901 0.3704108 0.08154737 0.3314291 0.02703499 0.118487 0.028629 0.209517 0.03853297 0.180711 0.06732797 0.118487 0.028629 0.209517 0.03853297 0.112677 0.00861901 0.3314291 0.087022 0.224388 0.00861901 0.209517 0.03853297 0.3794671 0.00861901 0.4306581 0.00861901 0.3704108 0.08154737 0.3794671 0.00861901 0.3314291 0.02703499 0.3314291 0.00861901 0.112677 0.00861901 0.209517 0.03853297 0.224388 0.00861901 0.3314291 0.087022 0.3314291 0.02703499 0.224388 0.00861901 0.3704108 0.08154737 0.4306581 0.00861901 0.4306581 0.08601599 0.239062 0.108906 0.240388 0.265835 0.3314291 0.087022 0.370148 0.08366322 0.3314291 0.02703499 0.3314291 0.087022 0.4306581 0.00861901 0.3794671 0.00861901 0.4306581 0.08601599 0.3794671 0.00861901 0.3314291 0.02703499 0.370148 0.08366322 0.4306581 0.08601599 0.3794671 0.00861901 0.370148 0.08366322 0.3794671 0.00861901 0.3314291 0.00861901 0.3314291 0.02703499 0.3314291 0.087022 0.240388 0.265835 0.239062 0.108906 0.3314291 0.087022 0.240388 0.265835 0.3428021 0.303875 0.3428021 0.303875 0.240388 0.265835 0.3314291 0.087022 0.370148 0.08366322 0.3314291 0.087022 0.3428021 0.303875 0.3314291 0.087022 0.3704108 0.08154737 0.3428021 0.303875 0.4306581 0.264327 0.370148 0.08366322 0.3428021 0.303875 0.3704108 0.08154737 0.4306581 0.264327 0.3428021 0.303875 0.4306581 0.08601599 0.370148 0.08366322 0.4306581 0.264327 0.4306581 0.08601599 0.4306581 0.264327 0.3704108 0.08154737 0.812291 0.404648 0.812291 0.232051 0.759129 0.404648 0.812291 0.404648 0.759129 0.404648 0.812291 0.232051 0.759129 0.404648 0.812291 0.232051 0.759129 0.232051 0.812291 0.232051 0.759129 0.404648 0.759129 0.232051 0.700562 0.232051 0.759129 0.404648 0.759129 0.232051 0.759129 0.232051 0.812291 0.1789979 0.812291 0.232051 0.759129 0.232051 0.812291 0.232051 0.812291 0.1789979 0.700562 0.404648 0.759129 0.232051 0.759129 0.404648 0.700562 0.232051 0.759129 0.232051 0.700562 0.404648 0.700562 0.404648 0.759129 0.404648 0.700562 0.232051 0.752832 0.1789979 0.759129 0.232051 0.812291 0.1789979 0.759129 0.232051 0.753706 0.1789979 0.812291 0.1789979 0.700562 0.1789979 0.759129 0.232051 0.700562 0.232051 0.752832 0.1789979 0.700562 0.1789979 0.759129 0.232051 0.700562 0.1789979 0.753706 0.1789979 0.759129 0.232051 0.700562 0.1789979 0.700562 0.232051 0.759129 0.232051 0.753706 0.1789979 0.777486 0.232051 0.812291 0.1789979 0.752832 0.1789979 0.812291 0.1789979 0.756306 0.232051 0.752832 0.1789979 0.756306 0.232051 0.700562 0.1789979 0.777486 0.232051 0.753706 0.1789979 0.735127 0.232051 0.753706 0.1789979 0.700562 0.1789979 0.735127 0.232051 0.777486 0.232051 0.812291 0.232051 0.812291 0.1789979 0.812291 0.1789979 0.812291 0.232051 0.756306 0.232051 0.756306 0.232051 0.700562 0.232051 0.700562 0.1789979 0.700562 0.1789979 0.700562 0.232051 0.735127 0.232051 0.735127 0.362373 0.777486 0.232051 0.735127 0.232051 0.812291 0.232051 0.777486 0.232051 0.812291 0.362373 0.812291 0.362373 0.756306 0.232051 0.812291 0.232051 0.756306 0.362373 0.700562 0.232051 0.756306 0.232051 0.756306 0.362373 0.756306 0.232051 0.812291 0.362373 0.777486 0.362373 0.777486 0.232051 0.735127 0.362373 0.735127 0.362373 0.735127 0.232051 0.700562 0.3623721 0.700562 0.3623721 0.700562 0.232051 0.756306 0.362373 0.812291 0.362373 0.777486 0.232051 0.777486 0.362373 0.700562 0.3623721 0.735127 0.232051 0.700562 0.232051 0.777486 0.362373 0.735127 0.362373 0.753979 0.456199 0.700639 0.44647 0.700562 0.3623721 0.756306 0.362373 0.812291 0.362373 0.777486 0.362373 0.812291 0.491398 0.753979 0.456199 0.735127 0.362373 0.700639 0.44647 0.735127 0.362373 0.700562 0.3623721 0.700639 0.44647 0.812291 0.491398 0.756306 0.362373 0.812291 0.362373 0.777486 0.362373 0.753979 0.456199 0.812291 0.491398 0.756306 0.362373 0.753979 0.456199 0.700639 0.44647 0.756306 0.362373 0.812291 0.491398 0.753979 0.456199 0.567524 0.3140824 0.568286 0.3435054 0.594165 0.3137354 0.594165 0.3137354 0.568286 0.3435054 0.59474 0.3433524 0.627172 0.3280124 0.594165 0.3137354 0.59474 0.3433524 0.56355 0.3428884 0.568286 0.3435054 0.562702 0.3155664 0.562702 0.3155664 0.568286 0.3435054 0.567524 0.3140824 0.546172 0.3297534 0.553367 0.3425734 0.56355 0.3428884 0.56355 0.3428884 0.562702 0.3155664 0.546172 0.3297534 0.562702 0.3155664 0.551346 0.3182984 0.546172 0.3297534 0.3424171 0.301954 0.3459251 0.338957 0.271839 0.278552 0.3424171 0.301954 0.4397041 0.294523 0.3459251 0.338957 0.271839 0.278552 0.3459251 0.338957 0.254734 0.305287 0.420369 0.26949 0.4397041 0.294523 0.3424171 0.301954 0.254734 0.305287 0.23738 0.299675 0.271839 0.278552 0.3424171 0.301954 0.4397041 0.294523 0.420369 0.26949 0.3447191 0.338992 0.271839 0.278552 0.23738 0.299675 0.3424171 0.301954 0.271839 0.278552 0.3447191 0.338992 0.3447191 0.338992 0.4397041 0.294523 0.3424171 0.301954 0.240388 0.265835 0.224393 0.3030501 0.248523 0.3030501 0.240388 0.265835 0.248523 0.3030501 0.3428021 0.303875 0.3428021 0.303875 0.248523 0.3030501 0.3462751 0.3384 0.3462751 0.3384 0.4480761 0.290188 0.3428021 0.303875 0.3428021 0.303875 0.4480761 0.290188 0.4306581 0.264327 0.4306581 0.264327 0.4480761 0.290188 0.3428021 0.303875 0.240388 0.265835 0.3428021 0.303875 0.248523 0.3030501 0.3428021 0.303875 0.4480761 0.290188 0.3462751 0.3384 0.248523 0.3030501 0.3428021 0.303875 0.3462751 0.3384 0.737521 0.49725 0.694578 0.550094 0.679018 0.48541 0.737521 0.49725 0.749872 0.550094 0.694578 0.550094 0.679018 0.48541 0.694578 0.550094 0.6414651 0.5500941 0.679018 0.48541 0.753916 0.456199 0.737521 0.49725 0.749872 0.550094 0.694578 0.601509 0.694578 0.550094 0.694578 0.550094 0.694578 0.601509 0.6414651 0.5500941 0.7006389 0.44647 0.753916 0.456199 0.679018 0.48541 0.812228 0.491398 0.749872 0.550094 0.737521 0.49725 0.812228 0.491398 0.737521 0.49725 0.753916 0.456199 0.749872 0.601509 0.694578 0.601509 0.749872 0.550094 0.6414651 0.5500941 0.694578 0.601509 0.641465 0.60151 0.6414651 0.5500941 0.606754 0.5113413 0.679018 0.48541 0.812228 0.550093 0.749872 0.550094 0.812228 0.491398 0.812228 0.550093 0.749872 0.601509 0.749872 0.550094 0.7006389 0.44647 0.679018 0.48541 0.6361176 0.4042192 0.694578 0.601509 0.6414651 0.5500941 0.641465 0.60151 0.812229 0.601508 0.749872 0.601509 0.812228 0.550093 0.812228 0.491398 0.874585 0.550093 0.812228 0.550093 0.6361176 0.4042192 0.679018 0.48541 0.6188029 0.4483082 0.679018 0.48541 0.606754 0.5113413 0.6188029 0.4483082 0.812228 0.550093 0.874585 0.601508 0.812229 0.601508 0.887596 0.49725 0.874585 0.550093 0.812228 0.491398 0.5708116 0.3848704 0.6361176 0.4042192 0.6188029 0.4483082 0.874585 0.550093 0.874585 0.601508 0.812228 0.550093 0.6188029 0.4483082 0.606754 0.5113413 0.5694839 0.4704954 0.887596 0.49725 0.812228 0.491398 0.87054 0.456199 0.5694839 0.4704954 0.5708116 0.3848704 0.6188029 0.4483082 0.874585 0.550093 0.929879 0.601508 0.874585 0.601508 0.887596 0.49725 0.929879 0.550093 0.874585 0.550093 0.887596 0.49725 0.87054 0.456199 0.953151 0.486409 0.5274537 0.4244336 0.5708116 0.3848704 0.5694839 0.4704954 0.929879 0.550093 0.929879 0.601508 0.874585 0.550093 0.887596 0.49725 0.953151 0.486409 0.929879 0.550093 0.953151 0.486409 0.87054 0.456199 0.929927 0.444627 0.983973 0.550093 0.929879 0.601508 0.929879 0.550093 0.929879 0.550093 0.953151 0.486409 0.983973 0.550093 0.929927 0.444627 0.87054 0.456199 0.953151 0.486409 0.983973 0.601508 0.929879 0.601508 0.983973 0.550093 0.953151 0.486409 0.87054 0.456199 0.887596 0.49725 0.983973 0.601508 0.983973 0.550093 0.929879 0.601508 0.983973 0.550093 0.953151 0.486409 0.929879 0.550093 0.929879 0.550093 0.953151 0.486409 0.887596 0.49725 0.929879 0.601508 0.983973 0.550093 0.929879 0.550093 0.887596 0.49725 0.87054 0.456199 0.812228 0.491398 0.874585 0.550093 0.929879 0.601508 0.929879 0.550093 0.887596 0.49725 0.874585 0.550093 0.929879 0.550093 0.887596 0.49725 0.812228 0.491398 0.874585 0.550093 0.874585 0.550093 0.812228 0.491398 0.812228 0.550093 0.694578 0.550094 0.694578 0.601509 0.749872 0.550094 0.694578 0.550094 0.6414651 0.5500941 0.694578 0.601509</float_array>
          <technique_common>
            <accessor source="#Mesh_0400_rip-mesh-map-0-array" count="465" stride="2">
              <param name="S" type="float"/>
              <param name="T" type="float"/>
            </accessor>
          </technique_common>
        </source>
        <vertices id="Mesh_0400_rip-mesh-vertices">
          <input semantic="POSITION" source="#Mesh_0400_rip-mesh-positions"/>
        </vertices>
        <triangles material="mat0_006-material" count="155">
          <input semantic="VERTEX" source="#Mesh_0400_rip-mesh-vertices" offset="0"/>
          <input semantic="NORMAL" source="#Mesh_0400_rip-mesh-normals" offset="1"/>
          <input semantic="TEXCOORD" source="#Mesh_0400_rip-mesh-map-0" offset="2" set="0"/>
          <p>0 0 0 1 1 1 2 2 2 3 3 3 4 4 4 5 5 5 3 3 6 5 5 7 6 6 8 5 5 9 4 4 10 7 7 11 8 8 12 3 3 13 6 6 14 6 6 15 5 5 16 9 9 17 7 7 18 4 4 19 10 10 20 8 8 21 11 11 22 3 3 23 9 9 24 5 5 25 12 12 26 7 7 27 10 10 28 12 12 29 10 10 30 4 4 31 13 13 32 14 14 33 11 11 34 8 8 35 12 12 36 5 5 37 7 7 38 12 12 39 10 10 40 9 9 41 13 13 42 15 15 43 10 10 44 14 14 45 16 16 46 11 11 47 14 14 48 8 8 49 17 17 50 9 9 51 10 10 52 15 15 53 13 13 54 18 18 55 15 15 56 11 11 57 16 16 58 19 19 59 4 4 60 20 20 61 13 13 62 21 21 63 18 18 64 13 13 65 16 16 66 22 22 67 19 19 68 22 22 69 18 18 70 21 21 71 19 19 72 22 22 73 21 21 74 22 22 75 23 23 76 18 18 77 3 3 78 20 20 79 4 4 80 13 13 81 20 20 82 24 24 83 25 25 84 20 20 85 3 3 86 26 26 87 13 13 88 24 24 89 3 3 90 27 27 91 25 25 92 28 28 93 26 26 94 24 24 95 27 27 96 28 28 97 25 25 98 29 29 99 26 26 100 28 28 101 29 29 102 28 28 103 27 27 104 30 30 105 31 31 106 32 32 107 30 30 108 33 33 109 31 31 110 32 32 111 31 31 112 34 34 113 31 31 114 33 33 115 35 35 116 36 36 117 32 32 118 34 34 119 35 35 120 37 37 121 31 31 122 34 34 123 31 31 124 37 37 125 38 38 126 35 35 127 33 33 128 36 36 129 35 35 130 38 38 131 38 38 132 32 32 133 36 36 134 39 39 135 34 34 136 37 37 137 35 35 138 40 40 139 37 37 140 41 41 141 35 35 142 36 36 143 39 39 144 41 41 145 34 34 146 41 41 147 40 40 148 35 35 149 41 41 150 36 36 151 34 34 152 40 40 153 42 42 154 37 37 155 39 39 156 37 37 157 43 43 158 39 39 159 43 43 160 41 41 161 42 42 162 40 40 163 44 44 164 40 40 165 41 41 166 44 44 167 42 42 168 45 45 169 37 37 170 37 37 171 45 45 172 43 43 173 43 43 174 46 46 175 41 41 176 41 41 177 46 46 178 44 44 179 47 47 180 42 42 181 44 44 182 45 45 183 42 42 184 48 48 185 48 48 186 43 43 187 45 45 188 49 49 189 46 46 190 43 43 191 49 49 192 43 43 193 48 48 194 50 50 195 42 42 196 47 47 197 47 47 198 44 44 199 51 51 200 51 51 201 46 46 202 49 49 203 48 48 204 42 42 205 50 50 206 51 51 207 44 44 208 46 46 209 50 50 210 47 47 211 52 52 212 53 53 213 51 51 214 49 49 215 48 48 216 50 50 217 54 54 218 52 52 219 47 47 220 53 53 221 47 47 222 51 51 223 53 53 224 54 54 225 49 49 226 48 48 227 50 50 228 52 52 229 54 54 230 49 49 231 55 55 232 53 53 233 49 49 234 54 54 235 55 55 236 56 56 237 57 57 238 58 58 239 58 58 240 57 57 241 59 59 242 60 60 243 58 58 244 59 59 245 61 61 246 62 62 247 63 63 248 63 63 249 62 62 250 64 64 251 65 65 252 66 66 253 67 67 254 67 67 255 68 68 256 65 65 257 68 68 258 69 69 259 65 65 260 70 70 261 71 71 262 72 72 263 70 70 264 73 73 265 71 71 266 72 72 267 71 71 268 74 74 269 75 75 270 73 73 271 70 70 272 74 74 273 76 76 274 72 72 275 77 77 276 73 73 277 75 75 278 78 78 279 72 72 280 76 76 281 77 77 282 72 72 283 78 78 284 78 78 285 73 73 286 77 77 287 79 79 288 80 80 289 81 81 290 79 79 291 81 81 292 82 82 293 82 82 294 81 81 295 83 83 296 83 83 297 84 84 298 82 82 299 82 82 300 84 84 301 85 85 302 85 85 303 84 84 304 86 86 305 79 87 306 86 86 307 87 88 308 86 86 309 84 84 310 88 89 311 87 88 312 86 86 313 88 89 314 89 90 315 90 91 316 91 92 317 89 90 318 92 93 319 90 91 320 91 92 321 90 91 322 93 94 323 91 92 324 94 95 325 89 90 326 92 93 327 95 96 328 90 91 329 90 91 330 95 96 331 93 94 332 96 97 333 94 95 334 91 92 335 97 98 336 92 93 337 89 90 338 97 98 339 89 90 340 94 95 341 98 99 342 95 96 343 92 93 344 93 94 345 95 96 346 99 100 347 93 94 348 100 101 349 91 92 350 101 102 351 92 93 352 97 98 353 101 102 354 98 99 355 92 93 356 96 97 357 91 92 358 102 103 359 103 104 360 93 94 361 99 100 362 104 105 363 98 99 364 101 102 365 97 98 366 105 106 367 101 102 368 102 103 369 91 92 370 106 107 371 91 92 372 100 101 373 106 107 374 101 102 375 107 108 376 104 105 377 108 109 378 105 106 379 97 98 380 109 110 381 102 103 382 106 107 383 105 106 384 107 108 385 101 102 386 106 107 387 100 101 388 110 111 389 108 109 390 97 98 391 111 112 392 110 111 393 109 110 394 106 107 395 105 106 396 112 113 397 107 108 398 108 109 399 113 114 400 105 106 401 108 109 402 111 112 403 114 115 404 115 116 405 109 110 406 110 111 407 113 114 408 112 113 409 105 106 410 108 109 411 114 115 412 113 114 413 114 115 414 111 112 415 116 117 416 117 118 417 112 113 418 113 114 419 113 114 420 114 115 421 117 118 422 116 117 423 118 119 424 114 115 425 119 120 426 112 113 427 117 118 428 114 115 429 118 119 430 120 121 431 119 120 432 117 118 433 121 122 434 117 118 435 114 115 436 122 123 437 122 123 438 114 115 439 120 121 440 121 122 441 117 118 442 122 123 443 120 121 444 118 119 445 123 124 446 124 125 447 121 122 448 122 123 449 120 121 450 124 125 451 122 123 452 120 121 453 123 124 454 124 125 455 124 125 456 123 124 457 125 126 458 126 127 459 103 104 460 127 128 461 126 127 462 93 94 463 103 104 464</p>
        </triangles>
      </mesh>
    </geometry>
    <geometry id="Mesh_0399_rip-mesh" name="Mesh_0399.rip">
      <mesh>
        <source id="Mesh_0399_rip-mesh-positions">
          <float_array id="Mesh_0399_rip-mesh-positions-array" count="567">-0.3232242 -0.04286265 1.367594 -0.2407044 -0.04207068 1.369255 -0.3233735 2.7513e-4 1.389798 -0.407377 0.001621127 1.407762 -0.2402831 -7.849e-5 1.393741 -0.4072998 -0.005970478 1.372025 -0.240354 0.04765915 1.365384 -0.2407756 -0.04383963 1.323649 -0.3229683 0.04921424 1.362964 -0.407167 -0.006306707 1.318542 -0.3229428 -0.04308533 1.322787 -0.4073019 0.009850263 1.374537 -0.1583794 5.93084e-4 1.401685 -0.4071887 0.009630084 1.322454 -0.4070995 0.001173853 1.285874 -0.2422943 -3.95652e-4 1.300378 -0.3227385 0.04938519 1.327355 -0.322815 2.75035e-4 1.300722 -0.241059 0.0489245 1.332937 -0.4071887 0.009630084 1.322454 -0.4070995 0.001173853 1.285874 -0.4766209 0.04200047 1.326802 -0.4775634 0.0416671 1.364228 -0.4762997 7.96639e-5 1.300555 -0.4073019 0.009850263 1.374537 -0.7406606 0.04537588 1.326349 -0.407377 0.001621127 1.407762 -0.7402323 -0.003194749 1.291376 -0.7410045 0.0454294 1.363254 -0.4785332 6.45306e-5 1.389545 -0.7412301 -0.003201305 1.39846 -0.407377 0.001621127 1.407762 -0.4785332 6.45306e-5 1.389545 -0.4774984 -0.03976923 1.368339 -0.4072998 -0.005970478 1.372025 -0.7406297 -0.04085564 1.367855 -0.4763349 -0.03984582 1.322021 -0.7412301 -0.003201305 1.39846 -0.7402012 -0.04072034 1.321718 -0.407167 -0.006306707 1.318542 -0.4762997 7.96639e-5 1.300555 -0.4070995 0.001173853 1.285874 -0.7402323 -0.003194749 1.291376 -0.718419 -0.02926152 1.342637 -0.7187074 -8.93268e-5 1.31235 -0.7402012 -0.04072034 1.321718 -0.7406297 -0.04085564 1.367855 -0.7402323 -0.003194749 1.291376 -0.7187157 -0.001373529 1.373415 -0.7412301 -0.003201305 1.39846 -0.7195918 0.03147482 1.347662 -0.7406606 0.04537588 1.326349 -0.7187074 -8.93268e-5 1.31235 -0.7410045 0.0454294 1.363254 -0.7402323 -0.003194749 1.291376 -0.7187157 -0.001373529 1.373415 -0.7412301 -0.003201305 1.39846 -0.8951686 -0.02481442 1.357025 -0.8716829 -0.03947722 1.33244 -0.899907 -0.03973752 1.326511 -0.9175276 -0.02624577 1.338692 -0.8715565 -0.00947231 1.332211 -0.9144601 -0.04001736 1.307956 -0.8939574 -0.05443698 1.353501 -0.9056119 -0.00918287 1.326863 -0.9162536 -0.0545262 1.338573 -0.9297217 -0.02701497 1.310263 -0.8950498 0.002606451 1.364199 -0.9220795 -0.04042297 1.278207 -0.9251835 -0.02320712 1.338055 -0.929609 -0.05438894 1.310707 -0.9254834 0.002858161 1.338728 -0.93468 -0.0297209 1.278974 -0.9252521 -0.009288728 1.315646 -0.9351478 -0.05244231 1.278526 -0.9330903 -0.04057121 1.276091 -0.9385321 -0.02174562 1.318803 -0.939182 0.002066254 1.318892 -0.9094521 0.01855587 1.323781 -0.8687713 0.01647955 1.3306 -0.9341635 -0.009406208 1.284832 -0.9242601 0.004850208 1.34114 -0.8907161 0.03103506 1.360748 -0.94439 -0.02046859 1.284522 -0.944956 0.001374244 1.284549 -0.9257554 0.006761372 1.314314 -0.8887228 0.04758644 1.33658 -0.9428731 -0.009642004 1.282832 -0.9116522 0.01992481 1.309136 -0.8557223 0.05662208 1.333579 -0.9088956 0.03397101 1.335552 -0.9260629 0.03206729 1.314648 -0.923909 0.03216058 1.341467 -0.8946326 0.04738581 1.327 -0.8231616 0.003251612 1.314173 -0.9015741 0.03576546 1.29712 -0.8860904 0.05877774 1.351951 -0.9174805 0.03011298 1.283162 -0.8906773 0.04703927 1.302564 -0.9081301 0.06039756 1.334938 -0.8521415 0.06383746 1.360072 -0.9071699 0.02047836 1.285665 -0.8099845 0.05829012 1.356909 -0.9155836 0.02025353 1.281678 -0.9014722 0.05758368 1.296887 -0.7916206 0.04697841 1.320827 -0.9171072 0.01033639 1.283078 -0.8987962 0.04673838 1.295723 -0.858579 0.03987771 1.37042 -0.7640641 0.0383442 1.349967 -0.7646479 6.56086e-4 1.314733 -0.8184245 0.01062452 1.372216 -0.8880631 0.0466454 1.363001 -0.9073424 0.04628729 1.29266 -0.8987962 0.04673838 1.295723 -0.7195918 0.03147482 1.347662 -0.8633016 0.01535505 1.375406 -0.7187074 -8.93268e-5 1.31235 -0.8630231 -0.02396368 1.373461 -0.9176209 0.0479831 1.340114 -0.8168219 -0.02932828 1.366814 -0.8962728 -0.01008719 1.37459 -0.9088956 0.03397101 1.335552 -0.777609 0.004687845 1.371272 -0.8951686 -0.02481442 1.357025 -0.8907161 0.03103506 1.360748 -0.893983 -0.04045438 1.366591 -0.8949074 0.01802372 1.370473 -0.8691462 -0.05818301 1.349442 -0.7528742 8.30115e-4 1.371634 -0.9233696 0.01868599 1.355431 -0.8939574 -0.05443698 1.353501 -0.923909 0.03216058 1.341467 -0.8294224 -0.06048166 1.344071 -0.7187157 -0.001373529 1.373415 -0.9374118 0.01934152 1.317948 -0.7939325 -0.06920313 1.332255 -0.718419 -0.02926152 1.342637 -0.8950498 0.002606451 1.364199 -0.7633014 -0.03978621 1.34216 -0.8450048 -0.0867303 1.311166 -0.9242601 0.004850208 1.34114 -0.8030508 -0.04980415 1.298908 -0.9257554 0.006761372 1.314314 -0.8528106 -0.06916004 1.32485 -0.9257257 0.01996338 1.282452 -0.8870474 -0.08574509 1.300161 -0.9260629 0.03206729 1.314648 -0.8893493 -0.07296913 1.313417 -0.9300149 -0.009974062 1.351859 -0.9171072 0.01033639 1.283078 -0.9254834 0.002858161 1.338728 -0.9174805 0.03011298 1.283162 -0.9155836 0.02025353 1.281678 -0.9500275 -0.009908556 1.320599 -0.9251835 -0.02320712 1.338055 -0.939182 0.002066254 1.318892 -0.9175276 -0.02624577 1.338692 -0.9192987 -0.04046338 1.352274 -0.9385321 -0.02174562 1.318803 -0.944956 0.001374244 1.284549 -0.9412704 -0.04057967 1.312519 -0.94439 -0.02046859 1.284522 -0.9530751 -0.009851276 1.284466 -0.9297217 -0.02701497 1.310263 -0.93468 -0.0297209 1.278974 -0.9428731 -0.009642004 1.282832 -0.9162536 -0.0545262 1.338573 -0.9426538 -0.04073536 1.279553 -0.9330903 -0.04057121 1.276091 -0.929609 -0.05438894 1.310707 -0.9351478 -0.05244231 1.278526 -0.8893493 -0.07296913 1.313417 -0.8937417 -0.06429076 1.296589 -0.89631 -0.07428205 1.296799 -0.8509753 -0.05012685 1.310113 -0.8802731 -0.07370108 1.285911 -0.8528106 -0.06916004 1.32485 -0.8870474 -0.08574509 1.300161 -0.8438788 -0.03952366 1.324341 -0.8438708 -0.07232969 1.295289 -0.8030508 -0.04980415 1.298908 -0.8294224 -0.06048166 1.344071 -0.8691462 -0.05818301 1.349442 -0.7646479 6.56086e-4 1.314733 -0.7187074 -8.93268e-5 1.31235 -0.8438708 -0.07232969 1.295289 -0.8802731 -0.07370108 1.285911 -0.9015741 0.03576546 1.29712</float_array>
          <technique_common>
            <accessor source="#Mesh_0399_rip-mesh-positions-array" count="189" stride="3">
              <param name="X" type="float"/>
              <param name="Y" type="float"/>
              <param name="Z" type="float"/>
            </accessor>
          </technique_common>
        </source>
        <source id="Mesh_0399_rip-mesh-normals">
          <float_array id="Mesh_0399_rip-mesh-normals-array" count="567">-0.1484469 -0.8756176 0.4596273 0.08494341 -0.8455332 0.5271226 0.09029209 0.0102936 0.9958621 -0.01018416 0.0168479 0.9998063 -0.0641607 0.006400585 0.9979192 0.0181486 -0.9939404 0.1084123 0.1272003 0.8593142 0.495378 0.1174693 -0.8514685 -0.5110798 -0.1481032 0.8764242 0.4581988 0.01940989 -0.9938264 -0.109236 -0.149183 -0.8763017 -0.458083 -0.005493402 0.992357 0.1232784 -0.3189664 -0.009748756 0.9477159 -0.003089427 0.9936194 -0.112743 -0.004896163 0.01695984 -0.9998442 -0.01827245 0.03759461 -0.999126 -0.1473259 0.8825462 -0.4465507 0.09643638 0.02100145 -0.9951176 0.1551243 0.8712136 -0.4657503 -0.003095328 0.9936187 -0.1127495 -0.004852235 0.01693212 -0.999845 0.1525027 0.8915396 -0.4264975 0.136569 0.8899994 0.4350287 -0.0968728 0.01749122 -0.9951431 -0.005535066 0.9923551 0.1232913 0.01628381 0.8841205 -0.4669751 -0.01017975 0.0167967 0.9998071 0.02082884 0.002685964 -0.9997795 0.01504868 0.8812668 0.4723798 -0.1193361 0.01427674 0.9927513 0.01862406 8.3527e-4 0.9998263 -0.01012581 0.01684111 0.9998069 -0.1193088 0.0142765 0.9927546 0.1543717 -0.8849589 0.4393374 0.01817297 -0.9939426 0.1083871 0.01228028 -0.8820194 0.471053 0.1625843 -0.8836982 -0.4389122 0.01847279 8.26668e-4 0.9998291 0.01304405 -0.8818486 -0.4713522 0.01943272 -0.993826 -0.1092349 -0.09689587 0.01746898 -0.9951413 -0.004848539 0.01698714 -0.999844 0.02077943 0.002704858 -0.9997804 -0.7117156 0.7024022 0.009596943 -0.779718 -0.003907144 0.6261188 -0.6150594 0.734111 0.2877202 -0.6316691 0.7247999 -0.2750623 -0.7797006 -0.003935158 0.6261402 -0.7825554 0.01290768 -0.6224473 -0.7825453 0.01291584 -0.6224597 -0.7283186 -0.6850272 -0.01702195 -0.646809 -0.7053641 0.2899997 -0.7797091 -0.003899753 0.6261299 -0.6524485 -0.6875628 -0.3186979 -0.7797063 -0.003927588 0.626133 -0.7825681 0.01288866 -0.6224316 -0.7825762 0.01291322 -0.6224209 -0.9616093 -0.2718133 0.03775244 -0.3068424 -0.1725944 -0.9359802 0.5570454 0.05228 -0.8288349 -0.1426354 0.9844244 0.1027809 -0.4310936 0.00509566 -0.9022929 0.924902 0.02661365 -0.3792732 -0.02254539 -0.9956623 0.09026771 0.5037276 0.06267929 -0.8615857 -0.07668185 -0.9949831 0.06425446 -0.1376836 0.9902136 -0.02281117 -0.8791963 0.2430958 0.4097785 0.5966868 0.02840334 -0.8019715 -0.1107883 -0.9937952 -0.009855389 -0.108644 -0.993928 -0.01742446 -0.1322351 0.9884604 0.0738905 -0.1134951 0.6788249 -0.7254762 0.8643226 0.03509783 -0.5017118 -0.1059326 -0.6467263 -0.75533 -0.08166271 0.02939909 -0.9962264 -0.09649598 -0.9935178 -0.06009256 -0.1337478 0.9906314 -0.02758574 0.7414007 -0.003758668 -0.6710522 -0.4390431 -0.02924281 -0.8979901 0.6211465 0.01653152 -0.7835202 -0.1702343 -0.9764279 0.1326991 -0.5903076 0.593449 0.5471337 0.007318556 -0.6405779 -0.7678583 -0.02437549 0.6451871 -0.7636357 -0.1017628 -0.9943733 -0.02943432 -0.02424174 0.1988462 -0.9797309 0.03252381 9.31155e-5 -0.999471 0.9993602 0.007290005 0.03501647 -0.1459062 0.5577502 -0.8170839 -0.1385427 -0.9873246 0.07743537 -0.1088658 0.9936744 0.02756023 -0.09779638 0.984247 0.147288 0.9583982 -0.0110718 -0.2852201 -0.2351892 0.1185671 -0.9646906 0.3260447 -0.6566327 -0.6800944 -0.1256305 0.9804617 0.1513669 0.09482109 0.6490228 -0.7548367 0.8991139 -0.003474175 -0.437701 -0.02902603 0.9995231 0.01054054 -0.08905988 0.8683396 0.4879087 0.8230911 0.01875042 -0.5675998 0.2376239 0.6770766 0.6964928 0.1803886 0.00722295 -0.9835689 0.3177068 0.6440424 -0.6958964 0.2577142 0.6745254 -0.6918084 0.1216403 -0.629046 -0.7677922 0.4981977 -0.01108193 -0.8669927 0.009887516 0.2997825 0.9539564 0.379535 0.8767598 0.2953736 0.3198746 0.1136244 -0.9406221 0.08416008 0.1078593 0.9905976 -0.4067404 0.2970221 0.8639098 -0.4157947 0.001881599 -0.9094566 0.4981882 -0.0110895 -0.8669981 0.07337671 0.9928579 0.09406954 -0.1625183 0.144434 0.9760771 0.05173146 0.05214488 -0.9972988 -0.07801043 -0.3031513 0.9497441 -0.9430102 0.1215838 0.3097567 0.1314424 -0.4453121 0.8856749 -0.4180149 -0.07109153 0.9056543 -0.138509 -0.9873296 0.07743173 0.1203259 0.0131123 0.992648 -0.9615752 -0.2719293 0.03778678 -0.5903574 0.5934453 0.5470839 -0.2908661 -0.2370632 0.9269294 -0.3324868 0.1226063 0.9351044 0.01806437 -0.9063293 0.4221858 0.02667355 -0.04658234 0.9985584 -0.817119 0.05648064 0.5736957 -0.02253913 -0.9956603 0.09029215 -0.09777903 0.9842537 0.1472551 -0.2131424 -0.723871 0.6561868 0.07575577 -0.06213712 0.9951885 -0.9995403 -5.53463e-4 -0.03031349 0.4093932 -0.855224 0.3177878 0.07737976 -0.9968468 -0.01757431 -0.8792319 0.2430464 0.4097312 0.3174408 -0.8238233 0.4696239 0.216094 -0.97036 -0.1081895 -0.1702632 -0.9764248 0.132684 0.1561098 -0.03399085 -0.9871547 -0.1017362 -0.9943762 -0.02942287 -0.5974593 -0.07075929 0.7987714 -0.5498653 -0.003492772 -0.8352462 -0.4362843 -0.8955883 -0.08705115 -0.1088993 0.9936702 0.02757823 -0.7276514 -0.09105658 0.6798767 -0.7290993 -0.02774286 0.6838455 0.1216217 -0.6290362 -0.7678031 -0.1322649 0.988456 0.07389706 0.09482586 0.6490415 -0.75482 0.1803767 0.007215857 -0.9835712 -0.9425861 -0.01756244 0.3335013 -0.1107505 -0.9937993 -0.009868562 -0.1337349 0.9906329 -0.02759778 -0.1425974 0.9844303 0.1027768 -0.7484347 -0.04470127 0.6617004 -0.09651029 -0.9935163 -0.06009453 -0.02442634 0.645134 -0.763679 -0.9624041 -0.0010342 0.2716197 0.007334649 -0.6405689 -0.7678658 -0.713235 -0.01738113 -0.7007096 -0.1376649 0.990216 -0.02281701 -0.1134813 0.6788464 -0.7254583 0.03253388 8.69892e-5 -0.9994707 -0.07666176 -0.9949807 0.0643149 -0.7906436 0.0291562 -0.6115822 -0.0816515 0.02942013 -0.9962266 -0.1086414 -0.9939283 -0.01742571 -0.1059367 -0.6466922 -0.7553587 -0.7276598 -0.09103947 0.67987 -0.7047501 0.6825226 -0.193624 -0.9296186 -0.2484317 -0.2721967 -0.3342486 0.8266913 -0.4526142 -0.1876197 0.03179955 -0.981727 -0.5974754 -0.07073903 0.7987611 -0.4362869 -0.8955885 -0.08703362 -0.699828 0.1380184 -0.7008507 0.1969603 -0.1235738 -0.9725925 0.1561196 -0.03399187 -0.9871532 -0.2131314 -0.7238919 0.6561673 0.01806187 -0.9063226 0.4222005 0.3198571 0.1136409 -0.940626 0.05167728 0.05212843 -0.9973024 0.1970077 -0.1235409 -0.9725871 -0.1875984 0.03182005 -0.9817303 0.3260623 -0.6566023 -0.6801154</float_array>
          <technique_common>
            <accessor source="#Mesh_0399_rip-mesh-normals-array" count="189" stride="3">
              <param name="X" type="float"/>
              <param name="Y" type="float"/>
              <param name="Z" type="float"/>
            </accessor>
          </technique_common>
        </source>
        <source id="Mesh_0399_rip-mesh-map-0">
          <float_array id="Mesh_0399_rip-mesh-map-0-array" count="1446">0.4810054 0.5254876 0.4810054 0.5896357 0.5149084 0.5254876 0.5149084 0.5254876 0.5149084 0.4565446 0.4810054 0.5254876 0.5149084 0.5254876 0.4810054 0.5896357 0.5149084 0.5896357 0.5149084 0.4565446 0.4810054 0.4565446 0.4810054 0.5254876 0.4810054 0.5896357 0.5149084 0.5254876 0.5149084 0.5896357 0.4810054 0.5254876 0.4449254 0.5896357 0.4810054 0.5896357 0.5149084 0.4565446 0.5149084 0.5254876 0.4810054 0.5254876 0.4810054 0.4565446 0.4449254 0.4565446 0.4810054 0.5254876 0.4810054 0.5254876 0.5149084 0.5254876 0.4810054 0.5896357 0.4449254 0.5254876 0.4449254 0.5896357 0.4810054 0.5254876 0.4810054 0.4565446 0.5149084 0.4565446 0.4810054 0.5254876 0.4810054 0.5254876 0.4449254 0.4565446 0.4449254 0.5254876 0.5149084 0.5896357 0.4810054 0.5896357 0.5149084 0.6589117 0.5149084 0.6589117 0.4810054 0.5896357 0.5149084 0.5896357 0.4810054 0.5254876 0.4449254 0.4565446 0.4810054 0.4565446 0.4449254 0.5254876 0.4449254 0.4565446 0.4127123 0.4565446 0.4449254 0.5254876 0.4127123 0.5896357 0.4449254 0.5896357 0.4449254 0.5254876 0.4449254 0.4565446 0.4810054 0.5254876 0.4127123 0.4565446 0.4449254 0.4565446 0.4449254 0.5254876 0.4127123 0.5254876 0.4127123 0.5896357 0.4449254 0.5254876 0.4127123 0.5254876 0.4449254 0.5254876 0.4127123 0.4565446 0.4127123 0.5254876 0.4449254 0.5254876 0.4127123 0.5896357 0.4127123 0.4565446 0.4449254 0.5254876 0.4127123 0.5254876 0.4810054 0.5254876 0.4449254 0.5896357 0.4449254 0.5254876 0.4127123 0.5896357 0.4449254 0.5254876 0.4449254 0.5896357 0.4449254 0.5896357 0.4127123 0.5896357 0.4449254 0.5295876 0.4449254 0.5295876 0.4809864 0.5295876 0.4449254 0.5896357 0.4127123 0.5896357 0.4127123 0.5295876 0.4449254 0.5295876 0.4449254 0.5896357 0.4809864 0.5295876 0.4810054 0.5896357 0.4127123 0.5295876 0.4449254 0.3365487 0.4449254 0.5295876 0.4449254 0.3365487 0.4809864 0.5295876 0.4449254 0.5295876 0.4809864 0.5295876 0.5149084 0.5896357 0.4810054 0.5896357 0.4127123 0.3365487 0.4449254 0.3365487 0.4127123 0.5295876 0.4827584 0.3365487 0.4809864 0.5295876 0.4449254 0.3365487 0.4809864 0.5295876 0.5149084 0.5295876 0.5149084 0.5896357 0.4809864 0.5295876 0.4827584 0.3365487 0.5149084 0.5295876 0.5149084 0.5295876 0.4827584 0.3365487 0.5149084 0.3365487 0.613667 0.271629 0.613667 0.2097799 0.580734 0.2097799 0.580752 0.271629 0.613667 0.271629 0.580734 0.2097799 0.613667 0.2097799 0.582505 0.016864 0.580734 0.2097799 0.580734 0.2097799 0.544673 0.2097799 0.580752 0.271629 0.613667 0.01674097 0.582505 0.016864 0.613667 0.2097799 0.544673 0.2097799 0.580734 0.2097799 0.544673 0.016864 0.544673 0.016864 0.580734 0.2097799 0.582505 0.016864 0.580752 0.271629 0.544673 0.2097799 0.544673 0.271629 0.544673 0.2097799 0.544673 0.016864 0.511471 0.2097799 0.544673 0.2097799 0.511471 0.271629 0.544673 0.271629 0.544673 0.2097799 0.511471 0.2097799 0.511471 0.271629 0.511471 0.2097799 0.544673 0.016864 0.511471 0.01674097 0.565725 0.003992974 0.511471 0.003992974 0.544673 0.016864 0.565725 0.003992974 0.544673 0.016864 0.582505 0.016864 0.544673 0.016864 0.511471 0.003992974 0.511471 0.01674097 0.582505 0.016864 0.613667 0.003992974 0.565725 0.003992974 0.613667 0.01674097 0.613667 0.003992974 0.582505 0.016864 0.4655674 0.3238007 0.4449254 0.3365487 0.4127123 0.3238007 0.4449254 0.3365487 0.4655674 0.3238007 0.4827584 0.3365487 0.4127123 0.3238007 0.4449254 0.3365487 0.4127123 0.3365487 0.5149084 0.3238007 0.4827584 0.3365487 0.4655674 0.3238007 0.5149084 0.3365487 0.4827584 0.3365487 0.5149084 0.3238007 0.05157601 0.07616025 0.06874197 0.06865924 0.04780501 0.06426525 0.05157601 0.07616025 0.04780501 0.06426525 0.03764897 0.07296323 0.06874197 0.06865924 0.05157601 0.07616025 0.06831598 0.08663225 0.026771 0.06227624 0.03764897 0.07296323 0.04780501 0.06426525 0.06874197 0.06865924 0.05681097 0.05379027 0.04780501 0.06426525 0.04510098 0.08526027 0.06831598 0.08663225 0.05157601 0.07616025 0.04106199 0.05268329 0.026771 0.06227624 0.04780501 0.06426525 0.02502101 0.07035726 0.03764897 0.07296323 0.026771 0.06227624 0.04780501 0.06426525 0.05681097 0.05379027 0.04106199 0.05268329 0.06831598 0.08663225 0.04510098 0.08526027 0.04961699 0.09434229 0.01069998 0.06112629 0.02502101 0.07035726 0.026771 0.06227624 0.05157601 0.07616025 0.03749001 0.07555526 0.04510098 0.08526027 0.02741599 0.05319225 0.026771 0.06227624 0.04106199 0.05268329 0.04961699 0.09434229 0.04510098 0.08526027 0.03636199 0.09237426 0.02741599 0.05319225 0.01069998 0.06112629 0.026771 0.06227624 0.009849011 0.06722527 0.02502101 0.07035726 0.01069998 0.06112629 0.03749001 0.07555526 0.02096801 0.08380526 0.04510098 0.08526027 0.04510098 0.08526027 0.02096801 0.08380526 0.03636199 0.09237426 0.01102 0.05380326 0.01069998 0.06112629 0.02741599 0.05319225 0.005984008 0.06071823 0.009849011 0.06722527 0.01069998 0.06112629 0.021362 0.07726925 0.02096801 0.08380526 0.03749001 0.07555526 0.03636199 0.09237426 0.02096801 0.08380526 0.02045702 0.09009826 0.005984008 0.06071823 0.01069998 0.06112629 0.01102 0.05380326 0.04611802 0.1030962 0.068569 0.1038472 0.04961699 0.09434229 0.021362 0.07726925 0.006633996 0.08336025 0.02096801 0.08380526 0.02096801 0.08380526 0.006633996 0.08336025 0.02045702 0.09009826 0.04611802 0.1030962 0.04961699 0.09434229 0.03821098 0.09528326 0.04611802 0.1030962 0.05271697 0.1121292 0.068569 0.1038472 0.007269978 0.07876729 0.006633996 0.08336025 0.021362 0.07726925 0.02045702 0.09009826 0.006633996 0.08336025 0.006559014 0.08810925 0.02170401 0.09678423 0.04611802 0.1030962 0.03821098 0.09528326 0.05711197 0.1256092 0.068569 0.1038472 0.05271697 0.1121292 0.006633996 0.08336025 0.007269978 0.07876729 0.00368601 0.08316528 0.00368601 0.08316528 0.006559014 0.08810925 0.006633996 0.08336025 0.021856 0.1027312 0.04611802 0.1030962 0.02170401 0.09678423 0.05711197 0.1256092 0.073116 0.1275672 0.068569 0.1038472 0.05271697 0.1121292 0.03497201 0.1169952 0.05711197 0.1256092 0.06831598 0.08663225 0.04961699 0.09434229 0.068569 0.1038472 0.02152299 0.1084482 0.04611802 0.1030962 0.021856 0.1027312 0.05271697 0.1121292 0.04611802 0.1030962 0.03772199 0.1095332 0.05711197 0.1256092 0.03497201 0.1169952 0.03579801 0.1255112 0.073116 0.1275672 0.104465 0.09841024 0.068569 0.1038472 0.03772199 0.1095332 0.04611802 0.1030962 0.02152299 0.1084482 0.068569 0.1038472 0.104465 0.09841024 0.06831598 0.08663225 0.01416802 0.1190022 0.03579801 0.1255112 0.03497201 0.1169952 0.05702501 0.1395592 0.073116 0.1275672 0.05711197 0.1256092 0.02152299 0.1084482 0.021856 0.1027312 0.007081985 0.1074812 0.01415997 0.1262362 0.03579801 0.1255112 0.01416802 0.1190022 0.05711197 0.1256092 0.03569197 0.1378882 0.05702501 0.1395592 0.07346898 0.1468932 0.073116 0.1275672 0.05702501 0.1395592 0.007081985 0.1074812 0.021856 0.1027312 0.006958007 0.1028002 0.03579801 0.1255112 0.03569197 0.1378882 0.05711197 0.1256092 0.07346898 0.1468932 0.1038669 0.1456782 0.073116 0.1275672 0.007081985 0.1074812 0.006958007 0.1028002 0.00348699 0.1029332 0.01415997 0.1262362 0.013565 0.1366602 0.03579801 0.1255112 0.03579801 0.1255112 0.013565 0.1366602 0.03569197 0.1378882 0.073116 0.1275672 0.1038669 0.1456782 0.1012459 0.1292042 0.006987988 0.09812325 0.00348699 0.1029332 0.006958007 0.1028002 0.006958007 0.1028002 0.021856 0.1027312 0.006987988 0.09812325 0.009362995 0.1300912 0.013565 0.1366602 0.01415997 0.1262362 0.073686 0.1599892 0.1038669 0.1456782 0.07346898 0.1468932 0.1012459 0.1292042 0.1038669 0.1456782 0.154116 0.1415372 0.006987988 0.09812325 0.021856 0.1027312 0.02170401 0.09678423 0.009362995 0.1300912 0.01415997 0.1262362 0.01416802 0.1190022 0.154129 0.09953129 0.1012459 0.1292042 0.154116 0.1415372 0.073686 0.1599892 0.1089 0.1767712 0.1038669 0.1456782 0.073686 0.1599892 0.07346898 0.1468932 0.05505198 0.1511122 0.01300299 0.1484812 0.013565 0.1366602 0.008928 0.1503912 0.1852779 0.1395492 0.154129 0.09953129 0.154116 0.1415372 0.05505198 0.1511122 0.07398599 0.1780542 0.073686 0.1599892 0.07398599 0.1780542 0.1089 0.1767712 0.073686 0.1599892 0.013565 0.1366602 0.01300299 0.1484812 0.03569197 0.1378882 0.1841639 0.09637224 0.154129 0.09953129 0.1852779 0.1395492 0.07543396 0.2020392 0.1089 0.1767712 0.07398599 0.1780542 0.05505198 0.1511122 0.07346898 0.1468932 0.05702501 0.1395592 0.03484898 0.1486842 0.05702501 0.1395592 0.03569197 0.1378882 0.03569197 0.1378882 0.01300299 0.1484812 0.03484898 0.1486842 0.1113809 0.2036532 0.1089 0.1767712 0.07543396 0.2020392 0.05505198 0.1511122 0.05702501 0.1395592 0.03484898 0.1486842 0.05216699 0.1936312 0.07543396 0.2020392 0.07398599 0.1780542 0.03484898 0.1486842 0.01300299 0.1484812 0.03339701 0.1583472 0.1517379 0.1776632 0.1089 0.1767712 0.1113809 0.2036532 0.03339701 0.1583472 0.05505198 0.1511122 0.03484898 0.1486842 0.05202102 0.2051962 0.07543396 0.2020392 0.05216699 0.1936312 0.1517379 0.1776632 0.1038669 0.1456782 0.1089 0.1767712 0.05197602 0.1634152 0.05505198 0.1511122 0.03339701 0.1583472 0.05197602 0.1634152 0.07398599 0.1780542 0.05505198 0.1511122 0.07543396 0.2020392 0.05202102 0.2051962 0.05482697 0.2160772 0.154116 0.1415372 0.1038669 0.1456782 0.1517379 0.1776632 0.05197602 0.1634152 0.05163198 0.1742152 0.07398599 0.1780542 0.07543396 0.2020392 0.05482697 0.2160772 0.07358503 0.2305122 0.07358503 0.2305122 0.1113809 0.2036532 0.07543396 0.2020392 0.1730799 0.1777102 0.154116 0.1415372 0.1517379 0.1776632 0.05197602 0.1634152 0.03718298 0.1743762 0.05163198 0.1742152 0.07358503 0.2305122 0.05482697 0.2160772 0.05621099 0.2283662 0.1730799 0.1777102 0.1852779 0.1395492 0.154116 0.1415372 0.03676801 0.1669602 0.03718298 0.1743762 0.05197602 0.1634152 0.1020749 0.2340312 0.1113809 0.2036532 0.07358503 0.2305122 0.1961879 0.1770952 0.1852779 0.1395492 0.1730799 0.1777102 0.03718298 0.1743762 0.03676801 0.1669602 0.02122402 0.1745772 0.1113809 0.2036532 0.1020749 0.2340312 0.1388189 0.2345942 0.1961879 0.1770952 0.1730799 0.1777102 0.194172 0.2177572 0.05163198 0.1742152 0.03718298 0.1743762 0.048424 0.1846982 0.1388189 0.2345942 0.1632149 0.2213662 0.1113809 0.2036532 0.1020749 0.2340312 0.1029859 0.2611903 0.1388189 0.2345942 0.194172 0.2177572 0.1730799 0.1777102 0.1632149 0.2213662 0.048424 0.1846982 0.03718298 0.1743762 0.03669202 0.1820932 0.03718298 0.1743762 0.02122402 0.1745772 0.03669202 0.1820932 0.1029859 0.2611903 0.1428549 0.2575123 0.1388189 0.2345942 0.1632149 0.2213662 0.1730799 0.1777102 0.1517379 0.1776632 0.1517379 0.1776632 0.1113809 0.2036532 0.1632149 0.2213662 0.03669202 0.1820932 0.02122402 0.1745772 0.02087497 0.1808352 0.1388189 0.2345942 0.1428549 0.2575123 0.1632149 0.2213662 0.093427 0.2536852 0.1029859 0.2611903 0.1020749 0.2340312 0.07398599 0.1780542 0.05163198 0.1742152 0.048424 0.1846982 0.02122402 0.1745772 0.006998002 0.1747572 0.02087497 0.1808352 0.093427 0.2536852 0.08249902 0.2780293 0.1029859 0.2611903 0.05216699 0.1936312 0.07398599 0.1780542 0.048424 0.1846982 0.02071702 0.1684542 0.006998002 0.1747572 0.02122402 0.1745772 0.08052498 0.2726513 0.08249902 0.2780293 0.093427 0.2536852 0.048424 0.1846982 0.03615701 0.1947572 0.05216699 0.1936312 0.02122402 0.1745772 0.03676801 0.1669602 0.02071702 0.1684542 0.02087497 0.1808352 0.006998002 0.1747572 0.006775975 0.1797142 0.03492999 0.1873132 0.03615701 0.1947572 0.048424 0.1846982 0.05216699 0.1936312 0.03615701 0.1947572 0.05202102 0.2051962 0.006407976 0.1697852 0.006998002 0.1747572 0.02071702 0.1684542 0.006775975 0.1797142 0.006998002 0.1747572 0.002956986 0.1749682 0.03492999 0.1873132 0.02093899 0.1958382 0.03615701 0.1947572 0.05202102 0.2051962 0.03615701 0.1947572 0.03596198 0.2029222 0.006998002 0.1747572 0.006407976 0.1697852 0.002956986 0.1749682 0.03615701 0.1947572 0.02093899 0.1958382 0.03596198 0.2029222 0.01997101 0.1902262 0.02093899 0.1958382 0.03492999 0.1873132 0.03529298 0.2093382 0.03894901 0.2189312 0.05202102 0.2051962 0.03596198 0.2029222 0.02093899 0.1958382 0.02075499 0.2018102 0.01997101 0.1902262 0.006900012 0.1927722 0.02093899 0.1958382 0.03529298 0.2093382 0.02648997 0.2207042 0.03894901 0.2189312 0.05202102 0.2051962 0.03894901 0.2189312 0.05482697 0.2160772 0.02093899 0.1958382 0.007466018 0.2008392 0.02075499 0.2018102 0.02093899 0.1958382 0.006900012 0.1927722 0.007641017 0.1967832 0.02388101 0.2129952 0.02648997 0.2207042 0.03529298 0.2093382 0.05482697 0.2160772 0.03894901 0.2189312 0.05621099 0.2283662 0.007641017 0.1967832 0.007466018 0.2008392 0.02093899 0.1958382 0.02388101 0.2129952 0.01016998 0.2173882 0.02648997 0.2207042 0.007641017 0.1967832 0.006900012 0.1927722 0.004513978 0.1970362 0.05621099 0.2283662 0.03894901 0.2189312 0.03914797 0.2294442 0.007466018 0.2008392 0.007641017 0.1967832 0.004513978 0.1970362 0.02648997 0.2207042 0.01016998 0.2173882 0.01152199 0.2228353 0.02648997 0.2207042 0.03914797 0.2294442 0.03894901 0.2189312 0.01016998 0.2173882 0.007155001 0.2235962 0.01152199 0.2228353 0.01152199 0.2228353 0.02674597 0.2290482 0.02648997 0.2207042 0.02674597 0.2290482 0.03914797 0.2294442 0.02648997 0.2207042 0.01184397 0.2285732 0.01152199 0.2228353 0.007155001 0.2235962 0.01184397 0.2285732 0.02674597 0.2290482 0.01152199 0.2228353 0.07771003 0.01430726 0.08688598 0.01542228 0.086645 0.01352727 0.08688598 0.01542228 0.07771003 0.01430726 0.08811402 0.04292929 0.09485298 0.01226824 0.086645 0.01352727 0.08688598 0.01542228 0.08811402 0.04292929 0.09485298 0.01226824 0.08688598 0.01542228 0.08811402 0.04292929 0.07771003 0.01430726 0.07995301 0.04306626 0.07771003 0.01430726 0.086645 0.01352727 0.08636301 0.01131826 0.09485298 0.01226824 0.08636301 0.01131826 0.086645 0.01352727 0.08794701 0.06680625 0.08811402 0.04292929 0.07995301 0.04306626 0.101494 0.03884524 0.09485298 0.01226824 0.08811402 0.04292929 0.1202949 0.06435126 0.08811402 0.04292929 0.08794701 0.06680625 0.101494 0.03884524 0.08811402 0.04292929 0.1202949 0.06435126 0.08794701 0.06680625 0.07995301 0.04306626 0.08231002 0.05463528 0.08794701 0.06680625 0.104465 0.09841024 0.1202949 0.06435126 0.08231002 0.05463528 0.06647098 0.05411028 0.08794701 0.06680625 0.1202949 0.06435126 0.104465 0.09841024 0.154129 0.09953129 0.08794701 0.06680625 0.06647098 0.05411028 0.06874197 0.06865924 0.06831598 0.08663225 0.104465 0.09841024 0.08794701 0.06680625 0.06831598 0.08663225 0.08794701 0.06680625 0.06874197 0.06865924 0.06647098 0.05411028 0.05681097 0.05379027 0.06874197 0.06865924 0.154129 0.09953129 0.104465 0.09841024 0.1012459 0.1292042 0.073116 0.1275672 0.1012459 0.1292042 0.104465 0.09841024 0.1632149 0.2213662 0.1824899 0.2450502 0.194172 0.2177572 0.1632149 0.2213662 0.1428549 0.2575123 0.1824899 0.2450502 0.194172 0.2177572 0.1824899 0.2450502 0.194671 0.2346102 0.1075519 0.2707283 0.1428549 0.2575123 0.1029859 0.2611903 0.1075519 0.2707283 0.1029859 0.2611903 0.08760398 0.2819393 0.08760398 0.2819393 0.1029859 0.2611903 0.08249902 0.2780293 0.012865 0.1574682 0.01300299 0.1484812 0.008928 0.1503912 0.03339701 0.1583472 0.01300299 0.1484812 0.012865 0.1574682</float_array>
          <technique_common>
            <accessor source="#Mesh_0399_rip-mesh-map-0-array" count="723" stride="2">
              <param name="S" type="float"/>
              <param name="T" type="float"/>
            </accessor>
          </technique_common>
        </source>
        <vertices id="Mesh_0399_rip-mesh-vertices">
          <input semantic="POSITION" source="#Mesh_0399_rip-mesh-positions"/>
        </vertices>
        <triangles material="mat0_005-material" count="241">
          <input semantic="VERTEX" source="#Mesh_0399_rip-mesh-vertices" offset="0"/>
          <input semantic="NORMAL" source="#Mesh_0399_rip-mesh-normals" offset="1"/>
          <input semantic="TEXCOORD" source="#Mesh_0399_rip-mesh-map-0" offset="2" set="0"/>
          <p>0 0 0 1 1 1 2 2 2 2 2 3 3 3 4 0 0 5 2 2 6 1 1 7 4 4 8 3 3 9 5 5 10 0 0 11 6 6 12 2 2 13 4 4 14 0 0 15 7 7 16 1 1 17 3 3 18 2 2 19 8 8 20 5 5 21 9 9 22 0 0 23 8 8 24 2 2 25 6 6 26 10 10 27 7 7 28 0 0 29 11 11 30 3 3 31 8 8 32 0 0 33 9 9 34 10 10 35 4 4 36 1 1 37 12 12 38 12 12 39 6 6 40 4 4 41 8 8 42 13 13 43 11 11 44 10 10 45 9 9 46 14 14 47 10 10 48 15 15 49 7 7 50 16 16 51 13 13 52 8 8 53 14 14 54 13 13 55 16 16 56 17 17 57 15 15 58 10 10 59 17 17 60 10 10 61 14 14 62 17 17 63 16 16 64 15 15 65 14 14 66 16 16 67 17 17 68 8 8 69 18 18 70 16 16 71 15 15 72 16 16 73 18 18 74 19 19 75 20 20 76 21 21 77 21 21 78 22 22 79 19 19 80 20 20 81 23 23 82 21 21 83 19 19 84 22 22 85 24 24 86 23 23 87 25 25 88 21 21 89 25 25 90 22 22 91 21 21 92 22 22 93 26 26 94 24 24 95 27 27 96 25 25 97 23 23 98 28 28 99 22 22 100 25 25 101 22 22 102 29 29 103 26 26 104 22 22 105 28 28 106 29 29 107 29 29 108 28 28 109 30 30 110 31 31 111 32 32 112 33 33 113 34 34 114 31 31 115 33 33 116 32 32 117 35 35 118 33 33 119 33 33 120 36 36 121 34 34 122 37 37 123 35 35 124 32 32 125 36 36 126 33 33 127 38 38 128 38 38 129 33 33 130 35 35 131 34 34 132 36 36 133 39 39 134 36 36 135 38 38 136 40 40 137 36 36 138 41 41 139 39 39 140 36 36 141 40 40 142 41 41 143 40 40 144 38 38 145 42 42 146 43 43 147 44 44 148 45 45 149 43 43 150 45 45 151 46 46 152 45 45 153 44 44 154 47 47 155 46 46 156 48 48 157 43 43 158 49 49 159 48 48 160 46 46 161 50 50 162 51 51 163 52 52 164 51 51 165 50 50 166 53 53 167 52 52 168 51 51 169 54 54 170 55 55 171 53 53 172 50 50 173 56 56 174 53 53 175 55 55 176 57 57 177 58 58 178 59 59 179 57 57 180 59 59 181 60 60 182 58 58 183 57 57 184 61 61 185 62 62 186 60 60 187 59 59 188 58 58 189 63 63 190 59 59 191 64 64 192 61 61 193 57 57 194 65 65 195 62 62 196 59 59 197 66 66 198 60 60 199 62 62 200 59 59 201 63 63 202 65 65 203 61 61 204 64 64 205 67 67 206 68 68 207 66 66 208 62 62 209 57 57 210 69 69 211 64 64 212 70 70 213 62 62 214 65 65 215 67 67 216 64 64 217 71 71 218 70 70 219 68 68 220 62 62 221 72 72 222 66 66 223 68 68 224 69 69 225 73 73 226 64 64 227 64 64 228 73 73 229 71 71 230 74 74 231 68 68 232 70 70 233 75 75 234 72 72 235 68 68 236 76 76 237 73 73 238 69 69 239 71 71 240 73 73 241 77 77 242 75 75 243 68 68 244 74 74 245 78 78 246 79 79 247 67 67 248 76 76 249 80 80 250 73 73 251 73 73 252 80 80 253 77 77 254 78 78 255 67 67 256 81 81 257 78 78 258 82 82 259 79 79 260 83 83 261 80 80 262 76 76 263 77 77 264 80 80 265 84 84 266 85 85 267 78 78 268 81 81 269 86 86 270 79 79 271 82 82 272 80 80 273 83 83 274 87 87 275 87 87 276 84 84 277 80 80 278 88 88 279 78 78 280 85 85 281 86 86 282 89 89 283 79 79 284 82 82 285 90 90 286 86 86 287 61 61 288 67 67 289 79 79 290 91 91 291 78 78 292 88 88 293 82 82 294 78 78 295 92 92 296 86 86 297 90 90 298 93 93 299 89 89 300 94 94 301 79 79 302 92 92 303 78 78 304 91 91 305 79 79 306 94 94 307 61 61 308 95 95 309 93 93 310 90 90 311 96 96 312 89 89 313 86 86 314 91 91 315 88 88 316 97 97 317 98 98 318 93 93 319 95 95 320 86 86 321 99 99 322 96 96 323 100 100 324 89 89 325 96 96 326 97 97 327 88 88 328 101 101 329 93 93 330 99 99 331 86 86 332 100 100 333 102 102 334 89 89 335 97 97 336 101 101 337 103 103 338 98 98 339 104 104 340 93 93 341 93 93 342 104 104 343 99 99 344 89 89 345 102 102 346 105 105 347 106 106 348 103 103 349 101 101 350 101 101 351 88 88 352 106 106 353 107 107 354 104 104 355 98 98 356 108 108 357 102 102 358 100 100 359 105 105 360 102 102 361 109 109 362 106 106 363 88 88 364 85 85 365 107 107 366 98 98 367 95 95 368 110 110 369 105 105 370 109 109 371 108 108 372 111 111 373 102 102 374 108 108 375 100 100 376 112 112 377 113 113 378 104 104 379 114 114 380 115 115 381 110 110 382 109 109 383 112 112 384 116 116 385 108 108 386 116 116 387 111 111 388 108 108 389 104 104 390 113 113 391 99 99 392 117 117 393 110 110 394 115 115 395 118 118 396 111 111 397 116 116 398 112 112 399 100 100 400 96 96 401 119 119 402 96 96 403 99 99 404 99 99 405 113 113 406 119 119 407 120 120 408 111 111 409 118 118 410 112 112 411 96 96 412 119 119 413 121 121 414 118 118 415 116 116 416 119 119 417 113 113 418 122 122 419 123 123 420 111 111 421 120 120 422 122 122 423 112 112 424 119 119 425 124 124 426 118 118 427 121 121 428 123 123 429 102 102 430 111 111 431 125 125 432 112 112 433 122 122 434 125 125 435 116 116 436 112 112 437 118 118 438 124 124 439 126 126 440 109 109 441 102 102 442 123 123 443 125 125 444 127 127 445 116 116 446 118 118 447 126 126 448 128 128 449 128 128 450 120 120 451 118 118 452 129 129 453 109 109 454 123 123 455 125 125 456 130 130 457 127 127 458 128 128 459 126 126 460 131 131 461 129 129 462 115 115 463 109 109 464 132 132 465 130 130 466 125 125 467 133 133 468 120 120 469 128 128 470 134 134 471 115 115 472 129 129 473 130 130 474 132 132 475 135 135 476 120 120 477 133 133 478 136 136 479 134 134 480 129 129 481 137 137 482 127 127 483 130 130 484 138 138 485 136 136 486 139 139 487 120 120 488 133 133 489 140 140 490 136 136 491 137 137 492 129 129 493 139 139 494 138 138 495 130 130 496 141 141 497 130 130 498 135 135 499 141 141 500 140 140 501 142 142 502 136 136 503 139 139 504 129 129 505 123 123 506 123 123 507 120 120 508 139 139 509 141 141 510 135 135 511 143 143 512 136 136 513 142 142 514 139 139 515 144 144 516 140 140 517 133 133 518 116 116 519 127 127 520 138 138 521 135 135 522 145 145 523 143 143 524 144 144 525 146 146 526 140 140 527 121 121 528 116 116 529 138 138 530 147 147 531 145 145 532 135 135 533 148 148 534 146 146 535 144 144 536 138 138 537 149 149 538 121 121 539 135 135 540 132 132 541 147 147 542 143 143 543 145 145 544 150 150 545 151 151 546 149 149 547 138 138 548 121 121 549 149 149 550 124 124 551 152 152 552 145 145 553 147 147 554 150 150 555 145 145 556 153 153 557 151 151 558 154 154 559 149 149 560 124 124 561 149 149 562 155 155 563 145 145 564 152 152 565 153 153 566 149 149 567 154 154 568 155 155 569 156 156 570 154 154 571 151 151 572 157 157 573 158 158 574 124 124 575 155 155 576 154 154 577 159 159 578 156 156 579 160 160 580 154 154 581 157 157 582 161 161 583 158 158 584 124 124 585 158 158 586 126 126 587 154 154 588 162 162 589 159 159 590 154 154 591 160 160 592 163 163 593 164 164 594 161 161 595 157 157 596 126 126 597 158 158 598 131 131 599 163 163 600 162 162 601 154 154 602 164 164 603 165 165 604 161 161 605 163 163 606 160 160 607 166 166 608 131 131 609 158 158 610 167 167 611 162 162 612 163 163 613 166 166 614 161 161 615 165 165 616 168 168 617 161 161 618 167 167 619 158 158 620 165 165 621 169 169 622 168 168 623 168 168 624 170 170 625 161 161 626 170 170 627 167 167 628 161 161 629 171 171 630 168 168 631 169 169 632 171 171 633 170 170 634 168 168 635 172 172 636 173 173 637 174 174 638 173 173 639 172 172 640 175 175 641 176 176 642 174 174 643 173 173 644 175 175 645 176 176 646 173 173 647 175 175 648 172 172 649 177 177 650 172 172 651 174 174 652 178 178 653 176 176 654 178 178 655 174 174 656 179 179 657 175 175 658 177 177 659 180 180 660 176 176 661 175 175 662 181 181 663 175 175 664 179 179 665 180 180 666 175 175 667 181 181 668 179 179 669 177 177 670 182 182 671 179 179 672 94 94 673 181 181 674 182 182 675 183 183 676 179 179 677 181 181 678 94 94 679 110 110 680 179 179 681 183 183 682 58 58 683 61 61 684 94 94 685 179 179 686 61 61 687 179 179 688 58 58 689 183 183 690 63 63 691 58 58 692 110 110 693 94 94 694 105 105 695 89 89 696 105 105 697 94 94 698 139 139 699 184 184 700 137 137 701 139 139 702 142 142 703 184 184 704 137 137 705 184 184 706 185 185 707 186 186 708 142 142 709 140 140 710 186 186 711 140 140 712 187 187 713 187 187 714 140 140 715 146 146 716 188 188 717 113 113 718 114 114 719 122 122 720 113 113 721 188 188 722</p>
        </triangles>
      </mesh>
    </geometry>
    <geometry id="Mesh_0398_rip-mesh" name="Mesh_0398.rip">
      <mesh>
        <source id="Mesh_0398_rip-mesh-positions">
          <float_array id="Mesh_0398_rip-mesh-positions-array" count="876">-0.1260449 -0.02531778 1.72477 -0.1268392 -0.02725154 1.786032 -0.128517 0.006933152 1.72789 -0.1317378 0.008826673 1.784561 0.1317176 0.008826673 1.784561 0.126819 -0.02725154 1.786032 0.128517 0.006933152 1.72789 0.1260449 -0.02531778 1.72477 -0.08142209 -0.08942586 1.837328 -0.09073036 -0.08322125 1.823888 -0.08988398 -0.08829563 1.82346 -0.0840612 -0.09914767 1.82056 -0.09309625 -0.08829563 1.80401 -0.07627958 -0.09914767 1.83459 -0.09448844 -0.08058416 1.80401 -0.06517428 -0.09671419 1.845532 -0.06933826 -0.1077594 1.82623 -0.09059077 -0.08405798 1.784209 -0.06463348 -0.09914767 1.84396 -0.074992 -0.1077594 1.81603 -0.08988398 -0.08829557 1.78456 -0.05089604 -0.1007842 1.845001 -0.06087696 -0.1077594 1.83304 -0.0840612 -0.09914761 1.78746 -0.08550828 -0.08829557 1.776671 -0.05614334 -0.1132894 1.81927 -0.05089604 -0.1007842 1.845001 -0.08679366 -0.09914761 1.80401 -0.07839369 -0.09399956 1.770889 -0.05089604 -0.1132894 1.82053 -0.07627958 -0.09914755 1.77343 -0.05089604 -0.1151944 1.80401 -0.05089604 -0.1077594 1.83543 -0.06933826 -0.1077594 1.7818 -0.06059175 -0.1132894 1.81569 -0.03855878 -0.1023572 1.83989 -0.0641241 -0.1003158 1.76554 -0.04564887 -0.1132894 1.81927 -0.06087696 -0.1077594 1.77498 -0.04091525 -0.1077594 1.83304 -0.05614334 -0.1132894 1.78875 -0.06356406 -0.1132894 1.81033 -0.02888906 -0.1033368 1.830522 -0.05089604 -0.1132894 1.78749 -0.07697725 -0.1077594 1.80401 -0.03245395 -0.1077594 1.82623 -0.04564887 -0.1132894 1.78875 -0.02224808 -0.1034369 1.818302 -0.05089604 -0.1077594 1.77259 -0.06460779 -0.1132894 1.80401 -0.02680027 -0.1077594 1.81603 -0.04091525 -0.1077594 1.77498 -0.074992 -0.1077594 1.79199 -0.04120045 -0.1132894 1.81569 -0.05089604 -0.1023169 1.76512 -0.03851509 -0.102257 1.768001 -0.03822815 -0.1132894 1.81033 -0.06059175 -0.1132894 1.79233 -0.0279054 -0.1021161 1.776317 -0.06356406 -0.1132894 1.79769 -0.03245395 -0.1077594 1.7818 -0.02214229 -0.1033362 1.789662 -0.03718447 -0.1132894 1.80401 -0.04120045 -0.1132894 1.79233 -0.03822815 -0.1132894 1.79769 -0.02481496 -0.1077594 1.80401 -0.02680027 -0.1077594 1.79199 -0.02009737 -0.1036209 1.80401 0.08142209 -0.08942586 1.837328 0.08988398 -0.08829563 1.82346 0.09073036 -0.08322125 1.823888 0.0840612 -0.09914767 1.82056 0.09309625 -0.08829563 1.80401 0.07627958 -0.09914767 1.83459 0.09448844 -0.08058416 1.80401 0.06517428 -0.09671419 1.845532 0.06933826 -0.1077594 1.82623 0.09059077 -0.08405798 1.784209 0.06463348 -0.09914767 1.84396 0.06087696 -0.1077594 1.83304 0.074992 -0.1077594 1.81603 0.08988398 -0.08829557 1.78456 0.08679366 -0.09914761 1.80401 0.08550828 -0.08829557 1.776671 0.05614334 -0.1132894 1.81927 0.07697725 -0.1077594 1.80401 0.0840612 -0.09914761 1.78746 0.06059175 -0.1132894 1.81569 0.07839369 -0.09399956 1.770889 0.05089604 -0.1151944 1.80401 0.06356406 -0.1132894 1.81033 0.07627958 -0.09914755 1.77343 0.05089604 -0.1132894 1.82053 0.0641241 -0.1003158 1.76554 0.05089604 -0.1077594 1.83543 0.06933826 -0.1077594 1.7818 0.06087696 -0.1077594 1.77498 0.06460779 -0.1132894 1.80401 0.074992 -0.1077594 1.79199 0.04564887 -0.1132894 1.81927 0.06356406 -0.1132894 1.79769 0.05089604 -0.1023169 1.76512 0.04091525 -0.1077594 1.83304 0.06059175 -0.1132894 1.79233 0.05614334 -0.1132894 1.78875 0.03855878 -0.1023572 1.83989 0.04120045 -0.1132894 1.81569 0.03245395 -0.1077594 1.82623 0.05089604 -0.1007842 1.845001 0.05089604 -0.1132894 1.78749 0.02680027 -0.1077594 1.81603 0.05089604 -0.1077594 1.77259 0.02224808 -0.1034369 1.818302 0.04564887 -0.1132894 1.78875 0.03822815 -0.1132894 1.81033 0.03851509 -0.102257 1.768001 0.04091525 -0.1077594 1.77498 0.02481496 -0.1077594 1.80401 0.03245395 -0.1077594 1.7818 0.03718447 -0.1132894 1.80401 0.0279054 -0.1021161 1.776317 0.04120045 -0.1132894 1.79233 0.03822815 -0.1132894 1.79769 0.02009737 -0.1036209 1.80401 0.02214229 -0.1033362 1.789662 0.02680027 -0.1077594 1.79199 0.02888906 -0.1033368 1.830522 0.05089604 -0.1007842 1.845001 -0.04515457 -0.05425608 1.970495 -0.01507598 -0.05364847 1.982478 -0.03725624 -0.02549958 1.984772 -0.06113994 -0.0388323 1.969802 -0.01154494 -0.03782749 1.987949 -0.0674808 -0.06417566 1.963149 -2.022e-5 -0.00679028 1.973934 -0.002767086 -0.05878746 1.964589 -0.0808686 -0.04186487 1.929598 -0.03564959 0.001254558 1.968451 -0.0522952 -0.07116723 1.954931 -0.06944793 -0.01156985 1.950939 -0.03067302 -0.1086738 1.956375 -0.07727414 -0.0917195 1.919098 -0.06083893 -0.08653318 1.957003 0.002054274 -0.1155012 1.954005 0.01208889 -0.03051948 1.973509 0.07562226 0.006989955 1.967564 -0.03938043 -0.1214594 1.910104 0.03598856 -0.1018775 1.950942 -0.07578486 -0.05051326 1.912938 0.001687884 -0.1294972 1.911513 -0.06789225 -0.0872516 1.905632 0.04313129 -0.1093338 1.928129 0.07846838 -0.06134676 1.94222 -1.0105e-5 -0.1147849 1.889239 0.06787204 -0.0872516 1.905632 0.1012362 -0.0378803 1.930238 0.03490597 -0.1048278 1.899688 -0.03492617 -0.1048278 1.899688 0.09578061 -0.04601615 1.904241 0.115645 0.04681402 1.941689 0.09002345 0.1554763 1.902835 0.07349044 0.1203289 1.94108 0.1503694 0.05937004 1.903894 -2.022e-5 0.1497795 1.941799 0.115645 0.04681402 1.941689 -2.021e-5 0.1786727 1.896306 0.159151 0.05883598 1.840847 0.07012546 0.07378691 1.962746 0.09997606 0.1620132 1.82325 0.1424163 -0.0388081 1.895028 -2.022e-5 0.08339858 1.971588 -2.022e-5 0.1900098 1.811622 0.07562226 0.006989955 1.967564 0.09204119 0.1544871 1.733785 -2.022e-5 0.1497795 1.941799 0.1012362 -0.0378803 1.930238 0.1442847 -0.03389388 1.832484 0.129224 0.05350095 1.744549 -2.022e-5 -0.00679028 1.973934 0.09578061 -0.04601615 1.904241 -2.022e-5 0.1809742 1.728177 0.138095 0.03634446 1.797679 0.1128665 -0.05141448 1.879728 0.06415688 0.1254326 1.657544 0.1317176 0.008826673 1.784561 -2.02172e-5 0.1507592 1.657575 0.1167678 -0.04082089 1.829282 0.0883069 0.07603377 1.660677 0.126819 -0.02725154 1.786032 0.04506379 0.08642941 1.601248 0.07686507 0.05658048 1.651679 -2.021e-5 0.1002492 1.579409 0.03266245 0.06383138 1.602089 -1.0105e-5 0.07296752 1.582759 -0.09006386 0.1554763 1.902835 -0.1404942 0.05936998 1.903894 -0.07353085 0.1203289 1.94108 -2.022e-5 0.1497795 1.941799 -0.1115558 0.04681408 1.938664 -2.021e-5 0.1786727 1.896306 -0.07016587 0.07378691 1.962746 -0.1588397 0.05883598 1.840846 -0.1000165 0.1620132 1.821159 -2.022e-5 0.08339858 1.971588 -0.1325411 -0.0388081 1.895029 -2.022e-5 0.1900098 1.811622 -2.022e-5 0.1497795 1.941799 -0.0912044 0.1538107 1.727339 -0.1012766 -0.0378803 1.920559 -0.03564959 0.001254558 1.968451 -2.022e-5 0.1809742 1.728177 -0.1128867 -0.05141448 1.879728 -0.1292442 0.053501 1.744549 -2.022e-5 -0.00679028 1.973934 -0.1439734 -0.03389388 1.832484 -0.06658858 0.1303174 1.658442 -0.07578486 -0.05051326 1.912938 -0.1381152 0.03634446 1.797679 -2.02172e-5 0.1507592 1.657575 -0.116788 -0.04082089 1.829282 -0.0451042 0.08642941 1.601248 -0.1317378 0.008826673 1.784561 -0.08834737 0.07603377 1.660677 -0.1268392 -0.02725154 1.786032 -2.021e-5 0.1002492 1.579409 -0.07688528 0.05658048 1.651679 -1.0105e-5 0.07296752 1.582759 -0.03268265 0.06383138 1.602089 -0.0808686 -0.04186487 1.929598 -0.1012766 -0.0378803 1.920559 -0.07578486 -0.05051326 1.912938 -0.06944793 -0.01156985 1.950939 -0.1115558 0.04681408 1.938664 -0.03564959 0.001254558 1.968451 0.07327473 0.1547571 1.511653 0.10267 0.2196915 1.479536 0.05823403 0.1790134 1.483595 0.03158694 0.1118761 1.484816 0.08089733 0.1872904 1.456055 0.04089111 0.1093832 1.472956 0.03639394 0.1087791 1.492766 0.05214142 0.1091427 1.479015 0.04622942 0.1123594 1.465519 0.09842044 0.1417476 1.463098 0.07978194 0.1580935 1.482451 0.092305 0.1610591 1.428237 0.04553359 0.11219 1.489376 0.1101687 0.1875753 1.430819 0.01358252 0.07604289 1.476875 0.02585273 0.1230229 1.488508 0.02839517 0.07775503 1.464789 0.04360127 0.1094079 1.513651 0.0489338 0.1124774 1.454171 0.02282679 0.06322342 1.486088 0.03624004 0.06363391 1.47746 0.06591904 0.1037187 1.484621 0.02839517 0.07775503 1.464789 0.0489338 0.1124774 1.454171 0.04360127 0.1094079 1.513651 0.06591904 0.1037187 1.484621 0.02585273 0.1230229 1.488508 0.0489338 0.1124774 1.454171 0.01968419 -0.1314997 1.368583 0.14208 -0.07701873 1.320896 0.09576106 -0.08797472 1.395944 0.0265116 -0.1457058 1.281667 0.1006376 -0.1108521 1.2528 0.05949002 -0.1024419 1.439839 0.09417772 3.51387e-5 1.464463 0.04055106 -0.09169042 1.4373 -2.02256e-5 -0.1067057 1.375287 0.09417772 3.51387e-5 1.464463 0.06864959 0.003455579 1.482338 0.05101025 -0.05212408 1.46848 0.05430203 0.04990041 1.491239 0.04055106 -0.09169042 1.4373 0.07837599 0.05565583 1.465122 0.002251029 -0.1030818 1.450522 -2.022e-5 0.09194242 1.468655 -2.02256e-5 -0.1067057 1.375287 -1.01109e-5 -0.06579756 1.469261 -4.55908e-5 0.07350599 1.495962 -0.04059153 -0.09169042 1.4373 -0.05103045 -0.05212408 1.46848 -0.05338776 0.04990041 1.491239 -0.09421813 3.51287e-5 1.464463 -0.0784164 0.05565583 1.465122 -0.06866979 0.003455579 1.482338 -0.06528961 -0.1020018 1.443639 -2.02256e-5 -0.1067057 1.375287 -0.04059153 -0.09169042 1.4373 -0.09421813 3.51287e-5 1.464463</float_array>
          <technique_common>
            <accessor source="#Mesh_0398_rip-mesh-positions-array" count="292" stride="3">
              <param name="X" type="float"/>
              <param name="Y" type="float"/>
              <param name="Z" type="float"/>
            </accessor>
          </technique_common>
        </source>
        <source id="Mesh_0398_rip-mesh-normals">
          <float_array id="Mesh_0398_rip-mesh-normals-array" count="876">-0.9937479 -0.1063863 -0.03387165 -0.85254 -0.4619165 -0.2445586 -0.9937492 -0.1063756 -0.03386753 -0.9601411 -0.1169108 -0.2538918 0.9591613 -0.1164889 -0.2577598 0.8513865 -0.4625872 -0.247294 0.9937586 -0.1063928 -0.03353178 0.9937609 -0.1063762 -0.0335201 -0.7342618 -0.4078506 0.5426946 -0.9239066 -0.1824136 0.3363361 -0.8815268 -0.3527085 0.3138587 -0.722849 -0.6440432 0.2503951 -0.9384752 -0.3453468 -9.59588e-6 -0.5796058 -0.6558166 0.483696 -0.9840872 -0.1776865 -5.52461e-5 -0.3494085 -0.5410559 0.7649656 -0.3907228 -0.8609529 0.3257237 -0.9287147 -0.1816976 -0.3232263 -0.3127267 -0.6819708 0.6611489 -0.5019907 -0.8473374 0.1732768 -0.8840644 -0.352126 -0.3073068 -0.1286198 -0.5581282 0.8197256 -0.2151198 -0.8752369 0.4332252 -0.7228196 -0.6440528 -0.2504554 -0.8178762 -0.353919 -0.4536739 -0.106874 -0.970856 0.2145148 4.16907e-6 -0.8081891 0.5889231 -0.7720313 -0.6355847 -1.54956e-7 -0.6331744 -0.535837 -0.5585419 7.18981e-7 -0.9725376 0.232746 -0.5645878 -0.6668186 -0.486409 8.56902e-7 -1 -1.67944e-6 5.76116e-6 -0.8813621 0.4724414 -0.3907341 -0.8609614 -0.3256874 -0.1963307 -0.9668583 0.1632154 0.2669972 -0.7992269 0.5384693 -0.3487117 -0.7235248 -0.595745 0.1068736 -0.9708556 0.2145168 -0.2152051 -0.8752576 -0.4331407 0.2151494 -0.8752241 0.4332361 -0.1069093 -0.9708585 -0.214486 -0.2551292 -0.9629088 0.08783888 0.4817541 -0.7786008 0.402112 5.28991e-7 -0.9725364 -0.232751 -0.5396239 -0.8419063 -1.07568e-6 0.3907575 -0.8609383 0.3257206 0.106911 -0.9708584 -0.2144855 0.6150115 -0.7593323 0.2125449 -1.3013e-5 -0.8813638 -0.4724384 -0.2754967 -0.9613021 -1.81845e-6 0.5019911 -0.8473383 0.1732712 0.2152388 -0.8752555 -0.4331282 -0.5019484 -0.8473541 -0.173318 0.1963331 -0.9668574 0.1632179 2.64306e-6 -0.8082531 -0.5888352 0.2670882 -0.799322 -0.5382828 0.2551348 -0.9629072 0.08784109 -0.1963773 -0.9668441 -0.1632441 0.4816709 -0.7786886 -0.4020416 -0.2551201 -0.9629083 -0.08787161 0.3907868 -0.8609302 -0.3257067 0.6148938 -0.7594097 -0.2126093 0.2755041 -0.9613 -2.97837e-6 0.1963775 -0.9668434 -0.1632477 0.2551249 -0.9629071 -0.08787053 0.5396161 -0.8419112 1.26008e-6 0.5019076 -0.8473761 -0.1733281 0.6594557 -0.7517434 3.23356e-4 0.7342773 -0.4078028 0.5427098 0.8815269 -0.3527086 0.3138585 0.9239066 -0.1824135 0.336336 0.7228492 -0.6440426 0.2503961 0.938475 -0.3453471 -9.56235e-6 0.5796067 -0.6558161 0.4836955 0.9840872 -0.1776866 -5.52464e-5 0.3493698 -0.5410351 0.764998 0.3907242 -0.8609516 0.3257254 0.9287142 -0.1817004 -0.3232257 0.3127288 -0.6819699 0.6611489 0.2151206 -0.8752365 0.4332256 0.5019925 -0.8473367 0.1732751 0.8840643 -0.3521258 -0.3073073 0.7720303 -0.6355859 0 0.8178761 -0.353919 -0.4536741 0.1068739 -0.9708557 0.2145165 0.5396223 -0.8419073 -2.871e-6 0.7228202 -0.6440528 -0.2504538 0.1963298 -0.9668583 0.1632167 0.6331724 -0.5358418 -0.5585395 -8.56601e-7 -1 -1.68185e-6 0.2551293 -0.9629089 0.08783847 0.5645898 -0.6668182 -0.4864072 1.36368e-6 -0.9725375 0.2327463 0.3487117 -0.7235249 -0.5957449 1.13032e-5 -0.8813375 0.4724873 0.3907339 -0.8609607 -0.3256897 0.2152043 -0.8752574 -0.4331417 0.2754979 -0.9613018 -1.70874e-6 0.5019483 -0.8473539 -0.1733186 -0.1068737 -0.9708559 0.2145155 0.2551206 -0.9629082 -0.08787238 -2.64798e-6 -0.8082525 -0.5888362 -0.2151488 -0.8752242 0.4332365 0.1963757 -0.966844 -0.1632466 0.1069115 -0.9708586 -0.2144844 -0.2670003 -0.7992275 0.5384665 -0.1963329 -0.9668574 0.1632182 -0.3907591 -0.8609378 0.3257201 -9.51183e-6 -0.8081904 0.5889215 8.6613e-7 -0.9725364 -0.232751 -0.5019924 -0.847338 0.1732689 3.83705e-6 -0.8813638 -0.4724383 -0.6150124 -0.7593318 0.212544 -0.1069126 -0.9708585 -0.2144844 -0.2551349 -0.9629073 0.08783954 -0.2670411 -0.7993254 -0.5383011 -0.2152357 -0.8752556 -0.4331298 -0.5396152 -0.8419118 1.10688e-6 -0.3907865 -0.8609303 -0.3257068 -0.2755014 -0.9613007 -7.04696e-7 -0.481706 -0.7786845 -0.4020074 -0.1963788 -0.9668435 -0.1632454 -0.2551235 -0.9629074 -0.08787137 -0.6594583 -0.7517413 2.22513e-4 -0.6148931 -0.7594107 -0.2126073 -0.5019515 -0.8473476 -0.1733406 -0.4817543 -0.7786023 0.4021086 0.1286198 -0.5581282 0.8197256 -0.178137 -0.5028643 0.8458102 0.1071252 -0.6084984 0.7862913 -0.3406199 0.05612891 0.9385242 -0.5702733 -0.01846402 0.8212475 0.2316027 -0.03043645 0.9723343 -0.4010889 -0.2968118 0.8666201 0.1106576 0.1598105 0.9809259 0.1566855 -0.3503313 0.9234272 -0.8745316 -0.3206224 0.3638624 -0.3286051 0.1328462 0.9350779 0.08883917 -0.3635608 0.9273247 -0.6506542 0.0204271 0.7590994 -0.1907065 -0.4530958 0.8708245 -0.8737099 -0.4628882 -0.1495516 -0.3267689 -0.3487436 0.8784077 0.1008836 -0.6396434 0.7620229 0.3546196 -0.1609003 0.9210625 0.331283 -0.07812416 0.9402916 -0.4369642 -0.8690338 -0.2320402 0.4198812 -0.5399189 0.7295117 -0.6457282 -0.7529085 0.1271381 0.1081218 -0.9851668 -0.1332526 -0.7387866 -0.2818484 -0.6121731 0.5388344 -0.842365 -0.008863806 0.6013515 -0.4402627 0.6667422 0.1136408 -0.8059066 -0.581034 0.6990383 -0.7130417 0.05401027 0.6633206 -0.5402559 0.5178123 0.4734278 -0.8153927 -0.333168 -0.3686158 -0.6007623 -0.7093709 0.5320336 -0.8168223 0.2230286 0.6234732 0.08835518 0.7768363 0.5386308 0.7262639 0.4271039 0.409213 0.4865568 0.7718855 0.8730734 0.1802762 0.4530381 2.95267e-5 0.6063501 0.795198 0.6234861 0.08836847 0.7768245 -3.85046e-4 0.9184329 0.3955768 0.9888656 0.09326821 -0.1159566 0.3323155 0.2261977 0.9156424 0.6098517 0.7924717 0.008342206 0.7900013 -0.557605 0.2549014 -0.008284986 0.2262246 0.97404 -3.67343e-4 0.9999755 0.007008731 0.3312695 -0.07808554 0.9402996 0.7125798 0.6352734 -0.2977547 -8.88109e-6 0.6063539 0.7951949 0.663311 -0.5402778 0.5178016 0.810007 -0.5315322 -0.2477141 0.9239123 0.07702052 -0.3747721 0.110656 0.1598115 0.9809259 0.5320483 -0.8168142 0.2230231 0.009010255 0.9642693 -0.2647706 0.922434 -0.2227978 -0.3153993 0.2849331 -0.9537354 0.0959264 0.6807193 0.5625172 -0.4692501 0.9591596 -0.1164734 -0.2577731 0.01765006 0.8603515 -0.5093958 0.3090569 -0.9354383 -0.1715782 0.8556264 0.05201965 -0.5149735 0.8513959 -0.4625764 -0.2472819 0.6557481 0.179181 -0.7334089 0.7826859 -0.2801585 -0.5558004 0.01036268 0.3629284 -0.9317595 0.5839412 -0.2389833 -0.775822 7.26879e-5 -0.1970357 -0.9803964 -0.555086 0.7078384 0.4368575 -0.8621507 0.1512479 0.4835495 -0.442713 0.4733798 0.7615227 -3.0309e-5 0.6063494 0.7951985 -0.5905077 -0.008174002 0.8069906 -3.93406e-4 0.9184338 0.3955748 -0.3551022 0.1536298 0.9221174 -0.9943823 0.08487355 -0.06324779 -0.616742 0.7868962 0.02058285 -0.008292675 0.2262222 0.9740404 -0.7840078 -0.5228542 0.3345973 -3.84182e-4 0.9999755 0.007005691 6.46338e-6 0.6063537 0.7951951 -0.7125405 0.637735 -0.2925408 -0.5173234 -0.6030404 0.6072223 -0.3286073 0.1328498 0.9350767 0.009056568 0.9642722 -0.2647589 -0.3630945 -0.9183834 0.1572716 -0.9257607 0.06083321 -0.3731844 0.1106622 0.1598078 0.9809258 -0.8228644 -0.5313363 -0.2014349 -0.6845499 0.5466415 -0.4822598 -0.6457173 -0.75292 0.127125 -0.9244896 -0.2198061 -0.311455 0.01765429 0.8603518 -0.5093948 -0.3385081 -0.9286605 -0.1516646 -0.6484678 0.1626325 -0.7436667 -0.960141 -0.11691 -0.2538925 -0.8536053 0.02016669 -0.5205299 -0.8525518 -0.461895 -0.2445578 0.0103237 0.3629345 -0.9317576 -0.7824862 -0.2808599 -0.5557277 5.30109e-5 -0.1970362 -0.9803963 -0.5837955 -0.239441 -0.7757905 -0.8745133 -0.3206645 0.3638695 -0.5173354 -0.603043 0.6072095 -0.6457381 -0.7528993 0.1271414 -0.6506577 0.02043026 0.7590964 -0.5905047 -0.008176982 0.8069928 -0.328573 0.1328552 0.9350879 -0.5885887 0.435396 0.6811709 -0.6469044 0.728992 0.2237977 -0.8100566 0.5709304 0.1335919 -0.9299969 0.3663897 0.02940124 -0.7309254 0.4943782 -0.4704662 -0.7653042 0.2792326 -0.5799472 -0.7170727 0.3048261 0.6268077 0.6413356 -0.7480635 0.1705574 0.4173215 -0.7795905 -0.466992 0.8627275 -0.4832288 0.1489675 0.7165508 -0.08763003 0.6920086 0.6139863 -0.6498075 -0.4480749 0.571844 -0.3741387 0.7300786 0.9786996 -0.1726111 0.1111428 -0.9793196 0.2021431 -0.008450329 -0.9793221 0.2021309 -0.008450329 -0.05547064 -0.1309486 -0.9898361 -0.164813 -0.4051405 0.8992763 -0.055458 -0.1309891 -0.9898315 -0.1647904 -0.4051401 0.8992807 0.7586403 -0.6514949 -0.004408776 0.7586281 -0.651509 -0.004411518 -0.05547577 -0.1309998 -0.989829 -0.05548125 -0.1310038 -0.9898282 0.4391862 0.8943146 0.08553844 0.4391837 0.8943182 0.08551341 0.439184 0.8943165 0.08553016 0.4391827 0.8943192 0.0855093 0.4555516 -0.8760504 0.1581413 0.4556513 -0.8759948 0.1581611 0.4500473 -0.8804471 0.1492331 0.4612479 -0.8714214 0.1669586 0.4612055 -0.87142 0.1670832 -0.3793646 -0.4816583 0.7899923 -0.2185069 -0.157444 0.9630504 -0.3793464 -0.4816249 0.7900214 -0.4791515 -0.7283359 0.4898376 0.6586289 -0.1831633 0.729835 0.5495591 -0.1706821 0.8178341 0.4561187 -0.5129325 0.7272249 0.5926998 0.3507884 0.7250202 0.5041143 -0.7594345 0.4112519 0.5737314 0.5095177 0.6412674 0.01126718 -0.7860267 0.6180898 -6.95054e-4 0.8267197 0.5626136 0.01269155 -0.9987798 0.04772597 -0.001620948 -0.4491595 0.8934502 -7.11931e-4 0.8267365 0.562589 -0.4832996 -0.7652353 0.4252488 -0.4469157 -0.5170803 0.7299962 -0.5873064 0.3512718 0.7291635 -0.6553697 -0.1809406 0.7333152 -0.5674777 0.5049086 0.6504126 -0.5505053 -0.1648443 0.818395 0.4006817 -0.4799126 0.7804729 0.4400724 -0.7634316 0.472767 0.4006791 -0.4798932 0.7804862 0.2904996 -0.1115917 0.9503459</float_array>
          <technique_common>
            <accessor source="#Mesh_0398_rip-mesh-normals-array" count="292" stride="3">
              <param name="X" type="float"/>
              <param name="Y" type="float"/>
              <param name="Z" type="float"/>
            </accessor>
          </technique_common>
        </source>
        <source id="Mesh_0398_rip-mesh-map-0">
          <float_array id="Mesh_0398_rip-mesh-map-0-array" count="2322">0.5462892 0.5595199 0.5457079 0.6639103 0.5941649 0.5673984 0.5941649 0.5673984 0.5457079 0.6639103 0.6087862 0.647337 0.6087862 0.647337 0.545708 0.6639104 0.5941649 0.5673984 0.5941649 0.5673984 0.545708 0.6639104 0.5462892 0.55952 0.2046542 0.557158 0.2488684 0.5135354 0.231514 0.5122648 0.231514 0.5122648 0.2118464 0.5027661 0.2046542 0.557158 0.2488684 0.5135354 0.2464383 0.4473301 0.231514 0.5122648 0.231514 0.5122648 0.2464383 0.4473301 0.2118464 0.5027661 0.2046542 0.557158 0.2118464 0.5027661 0.1841136 0.5505506 0.2673306 0.4473304 0.2464383 0.4473301 0.2488684 0.5135354 0.2046542 0.557158 0.1841136 0.5505506 0.1542543 0.5829784 0.1841136 0.5505506 0.2118464 0.5027661 0.163484 0.5214713 0.2673306 0.4473304 0.2457638 0.3839234 0.2464383 0.4473301 0.1542543 0.5829784 0.1841136 0.5505506 0.1501802 0.5778537 0.163484 0.5214713 0.2118464 0.5027661 0.1820026 0.4880591 0.2464383 0.4473301 0.2457638 0.3839234 0.2313323 0.3850229 0.1501802 0.5778537 0.1030774 0.5829612 0.1542543 0.5829784 0.1357694 0.5437785 0.1841136 0.5505506 0.163484 0.5214713 0.2313323 0.3850229 0.2123923 0.3947054 0.2464383 0.4473301 0.1501802 0.5778537 0.1841136 0.5505506 0.1357694 0.5437785 0.2457638 0.3839234 0.2170706 0.3593649 0.2313323 0.3850229 0.1357694 0.5437785 0.163484 0.5214713 0.1202647 0.4986727 0.2313323 0.3850229 0.2170706 0.3593649 0.2123923 0.3947054 0.1501802 0.5778537 0.1357694 0.5437785 0.1030774 0.5829612 0.2464383 0.4473301 0.2123923 0.3947054 0.2212337 0.4480081 0.2118464 0.5027661 0.2212337 0.4480081 0.1820026 0.4880591 0.1931447 0.3401918 0.2123923 0.3947054 0.2170706 0.3593649 0.1030774 0.5027998 0.1357694 0.5437785 0.1202647 0.4986727 0.2118464 0.5027661 0.2464383 0.4473301 0.2212337 0.4480081 0.1862201 0.3485159 0.2123923 0.3947054 0.1931447 0.3401918 0.1030774 0.5027998 0.1202647 0.4986727 0.1030774 0.448686 0.1030774 0.5516073 0.1357694 0.5437785 0.1030774 0.5027998 0.1030774 0.5829612 0.1357694 0.5437785 0.1030774 0.5516073 0.1862201 0.3485159 0.1634841 0.3759328 0.2123923 0.3947054 0.1202647 0.4986727 0.1348353 0.4869458 0.1030774 0.448686 0.1030774 0.5829612 0.1030774 0.5516073 0.06266725 0.5662167 0.1862201 0.3485159 0.1931447 0.3401918 0.1464052 0.322673 0.1202647 0.4986727 0.163484 0.5214713 0.1348353 0.4869458 0.08589047 0.4986727 0.1030774 0.5027998 0.1030774 0.448686 0.1464052 0.322673 0.1357694 0.3535943 0.1862201 0.3485159 0.1862201 0.3485159 0.1357694 0.3535943 0.1634841 0.3759328 0.163484 0.5214713 0.1820026 0.4880591 0.1348353 0.4869458 0.1030774 0.5516073 0.1030774 0.5027998 0.07038575 0.5437785 0.07038575 0.5437785 0.1030774 0.5027998 0.08589047 0.4986727 0.06266725 0.5662167 0.1030774 0.5516073 0.07038575 0.5437785 0.1357694 0.3535943 0.1202647 0.3987001 0.1634841 0.3759328 0.1348353 0.4869458 0.144571 0.4693883 0.1030774 0.448686 0.1348353 0.4869458 0.1820026 0.4880591 0.144571 0.4693883 0.06266725 0.5662167 0.07038575 0.5437785 0.03099441 0.53553 0.1357694 0.3535943 0.1030774 0.3945716 0.1202647 0.3987001 0.1202647 0.3987001 0.1030774 0.3945716 0.1030774 0.448686 0.1820026 0.4880591 0.1885053 0.448686 0.144571 0.4693883 0.07038575 0.5437785 0.08589047 0.4986727 0.04267108 0.5214713 0.03099441 0.53553 0.07038575 0.5437785 0.04267108 0.5214713 0.1030774 0.3945716 0.08589047 0.3987001 0.1030774 0.448686 0.1820026 0.4880591 0.2212337 0.4480081 0.1885053 0.448686 0.03099441 0.53553 0.04267108 0.5214713 0.009242057 0.4955014 0.1030774 0.3457644 0.1030774 0.3945716 0.1357694 0.3535943 0.144571 0.4693883 0.1479895 0.448686 0.1030774 0.448686 0.144571 0.4693883 0.1885053 0.448686 0.1479895 0.448686 0.009242057 0.4955014 0.04267108 0.5214713 0.02415263 0.4880588 0.1030774 0.3457644 0.07038575 0.3535943 0.1030774 0.3945716 0.1030774 0.3945716 0.07038575 0.3535943 0.08589047 0.3987001 0.2212337 0.4480081 0.1820026 0.4093117 0.1885053 0.448686 0.04267108 0.5214713 0.07131987 0.4869458 0.02415263 0.4880588 0.1357694 0.3535943 0.1030774 0.3212954 0.1030774 0.3457644 0.2123923 0.3947054 0.1820026 0.4093117 0.2212337 0.4480081 0.04267108 0.5214713 0.08589047 0.4986727 0.07131987 0.4869458 0.1464052 0.322673 0.1030774 0.3212954 0.1357694 0.3535943 0.2123923 0.3947054 0.1634841 0.3759328 0.1820026 0.4093117 0.1030774 0.3212954 0.06252396 0.330734 0.1030774 0.3457644 0.1030774 0.3457644 0.06252396 0.330734 0.07038575 0.3535943 0.02415263 0.4880588 0.07131987 0.4869458 0.06158423 0.4693883 0.1634841 0.3759328 0.1348353 0.4104259 0.1820026 0.4093117 0.07131987 0.4869458 0.08589047 0.4986727 0.1030774 0.448686 0.06252396 0.330734 0.02777236 0.3579744 0.07038575 0.3535943 0.06158423 0.4693883 0.07131987 0.4869458 0.1030774 0.448686 0.144571 0.4279834 0.1348353 0.4104259 0.1030774 0.448686 0.1820026 0.4093117 0.1348353 0.4104259 0.144571 0.4279834 0.1634841 0.3759328 0.1202647 0.3987001 0.1348353 0.4104259 0.07038575 0.3535943 0.02777236 0.3579744 0.04267108 0.3759328 0.1348353 0.4104259 0.1202647 0.3987001 0.1030774 0.448686 0.1820026 0.4093117 0.144571 0.4279834 0.1885053 0.448686 0.07038575 0.3535943 0.04267108 0.3759328 0.08589047 0.3987001 0.02777236 0.3579744 0.008895516 0.4016855 0.04267108 0.3759328 0.05816566 0.448686 0.06158423 0.4693883 0.1030774 0.448686 0.1885053 0.448686 0.144571 0.4279834 0.1479895 0.448686 0.08589047 0.3987001 0.04267108 0.3759328 0.07131987 0.4104259 0.06158423 0.427983 0.05816566 0.448686 0.1030774 0.448686 0.01764988 0.448686 0.06158423 0.4693883 0.05816566 0.448686 0.1479895 0.448686 0.144571 0.4279834 0.1030774 0.448686 0.08589047 0.3987001 0.07131987 0.4104259 0.1030774 0.448686 0.06158423 0.427983 0.01764988 0.448686 0.05816566 0.448686 0.02415263 0.4880588 0.06158423 0.4693883 0.01764988 0.448686 0.04267108 0.3759328 0.008895516 0.4016855 0.02415263 0.4093126 0.07131987 0.4104259 0.06158423 0.427983 0.1030774 0.448686 0.002197623 0.4486864 0.02415263 0.4880588 0.01764988 0.448686 0.04267108 0.3759328 0.02415263 0.4093126 0.07131987 0.4104259 0.008895516 0.4016855 0.002197623 0.4486864 0.02415263 0.4093126 0.02415263 0.4093126 0.01764988 0.448686 0.06158423 0.427983 0.07131987 0.4104259 0.02415263 0.4093126 0.06158423 0.427983 0.02415263 0.4093126 0.002197623 0.4486864 0.01764988 0.448686 0.009242057 0.4955014 0.02415263 0.4880588 0.002197623 0.4486864 0.2046542 0.557158 0.231514 0.5122648 0.2488684 0.5135354 0.2046542 0.557158 0.2118464 0.5027661 0.231514 0.5122648 0.231514 0.5122648 0.2464383 0.4473301 0.2488684 0.5135354 0.231514 0.5122648 0.2118464 0.5027661 0.2464383 0.4473301 0.1841136 0.5505506 0.2118464 0.5027661 0.2046542 0.557158 0.2488684 0.5135354 0.2464383 0.4473301 0.2673306 0.4473304 0.1542543 0.5829784 0.1841136 0.5505506 0.2046542 0.557158 0.1841136 0.5505506 0.163484 0.5214713 0.2118464 0.5027661 0.2673306 0.4473304 0.2464383 0.4473301 0.2457638 0.3839234 0.1501802 0.5778537 0.1841136 0.5505506 0.1542543 0.5829784 0.1841136 0.5505506 0.1357694 0.5437785 0.163484 0.5214713 0.2118464 0.5027661 0.163484 0.5214713 0.1820026 0.4880591 0.2457638 0.3839234 0.2464383 0.4473301 0.2313323 0.3850229 0.1501802 0.5778537 0.1357694 0.5437785 0.1841136 0.5505506 0.2118464 0.5027661 0.1820026 0.4880591 0.2212337 0.4480081 0.2457638 0.3839234 0.2313323 0.3850229 0.2170706 0.3593649 0.2464383 0.4473301 0.2118464 0.5027661 0.2212337 0.4480081 0.1357694 0.5437785 0.1202647 0.4986727 0.163484 0.5214713 0.2212337 0.4480081 0.1820026 0.4880591 0.1885053 0.448686 0.2313323 0.3850229 0.2123923 0.3947054 0.2170706 0.3593649 0.2212337 0.4480081 0.2123923 0.3947054 0.2464383 0.4473301 0.163484 0.5214713 0.1202647 0.4986727 0.1348353 0.4869458 0.163484 0.5214713 0.1348353 0.4869458 0.1820026 0.4880591 0.2464383 0.4473301 0.2123923 0.3947054 0.2313323 0.3850229 0.1931447 0.3401919 0.2170706 0.3593649 0.2123923 0.3947054 0.1202647 0.4986727 0.1030774 0.448686 0.1348353 0.4869458 0.1820026 0.4880591 0.144571 0.4693883 0.1885053 0.448686 0.1862201 0.3485159 0.1931447 0.3401919 0.2123923 0.3947054 0.1030774 0.5027998 0.1030774 0.448686 0.1202647 0.4986727 0.1820026 0.4880591 0.1348353 0.4869458 0.144571 0.4693883 0.1357694 0.5437785 0.1030774 0.5027998 0.1202647 0.4986727 0.1862201 0.3485159 0.1464052 0.322673 0.1931447 0.3401919 0.1348353 0.4869458 0.1030774 0.448686 0.144571 0.4693883 0.1030774 0.5516073 0.1030774 0.5027998 0.1357694 0.5437785 0.2123923 0.3947054 0.163484 0.3759328 0.1862201 0.3485159 0.1862201 0.3485159 0.1357694 0.3535943 0.1464052 0.322673 0.144571 0.4693883 0.1030774 0.448686 0.1479895 0.448686 0.1885053 0.448686 0.144571 0.4693883 0.1479895 0.448686 0.1820026 0.4093117 0.163484 0.3759328 0.2123923 0.3947054 0.163484 0.3759328 0.1357694 0.3535943 0.1862201 0.3485159 0.08589047 0.4986727 0.1030774 0.448686 0.1030774 0.5027998 0.1479895 0.448686 0.1030774 0.448686 0.144571 0.4279834 0.1885053 0.448686 0.144571 0.4279834 0.1820026 0.4093117 0.1464052 0.322673 0.1357694 0.3535943 0.1030774 0.3212954 0.08589047 0.4986727 0.1030774 0.5027998 0.07038575 0.5437785 0.1479895 0.448686 0.144571 0.4279834 0.1885053 0.448686 0.144571 0.4279834 0.1348353 0.4104259 0.1820026 0.4093117 0.144571 0.4279834 0.1030774 0.448686 0.1348353 0.4104259 0.1820026 0.4093117 0.1348353 0.4104259 0.163484 0.3759328 0.07038575 0.5437785 0.1030774 0.5027998 0.1030774 0.5516073 0.1885053 0.448686 0.1820026 0.4093117 0.2212337 0.4480081 0.1348353 0.4104259 0.1030774 0.448686 0.1202647 0.3987001 0.1348353 0.4104259 0.1202647 0.3987001 0.163484 0.3759328 0.163484 0.3759328 0.1202647 0.3987001 0.1357694 0.3535943 0.07038575 0.5437785 0.1030774 0.5516073 0.06266725 0.5662168 0.2212337 0.4480081 0.1820026 0.4093117 0.2123923 0.3947054 0.07131987 0.4869458 0.1030774 0.448686 0.08589047 0.4986727 0.04267108 0.5214713 0.08589047 0.4986727 0.07038575 0.5437785 0.06266725 0.5662168 0.1030774 0.5516073 0.1030774 0.5829612 0.1202647 0.3987001 0.1030774 0.3945716 0.1357694 0.3535943 0.07131987 0.4869458 0.08589047 0.4986727 0.04267108 0.5214713 0.1202647 0.3987001 0.1030774 0.448686 0.1030774 0.3945716 0.1357694 0.5437785 0.1030774 0.5829612 0.1030774 0.5516073 0.02415263 0.4880588 0.07131987 0.4869458 0.04267108 0.5214713 0.1357694 0.3535943 0.1030774 0.3945716 0.1030774 0.3457644 0.1501802 0.5778537 0.1030774 0.5829612 0.1357694 0.5437785 0.02415263 0.4880588 0.04267108 0.5214713 0.009242057 0.4955014 0.1030774 0.3212954 0.1357694 0.3535943 0.1030774 0.3457644 0.1030774 0.3945716 0.1030774 0.448686 0.08589047 0.3987001 0.06158423 0.4693883 0.07131987 0.4869458 0.02415263 0.4880588 0.1030774 0.3212954 0.1030774 0.3457644 0.06252396 0.330734 0.1030774 0.3457644 0.1030774 0.3945716 0.07038575 0.3535943 0.07038575 0.3535943 0.1030774 0.3945716 0.08589047 0.3987001 0.06158423 0.4693883 0.1030774 0.448686 0.07131987 0.4869458 0.01764988 0.448686 0.06158423 0.4693883 0.02415263 0.4880588 0.06252396 0.330734 0.1030774 0.3457644 0.07038575 0.3535943 0.07038575 0.3535943 0.08589047 0.3987001 0.04267108 0.3759328 0.05816566 0.448686 0.1030774 0.448686 0.06158423 0.4693883 0.05816566 0.448686 0.06158423 0.4693883 0.01764988 0.448686 0.06252396 0.330734 0.07038575 0.3535943 0.02777236 0.3579744 0.04267108 0.3759328 0.08589047 0.3987001 0.07131987 0.4104259 0.08589047 0.3987001 0.1030774 0.448686 0.07131987 0.4104259 0.06158423 0.427983 0.1030774 0.448686 0.05816566 0.448686 0.01764988 0.448686 0.06158423 0.427983 0.05816566 0.448686 0.02777236 0.3579744 0.07038575 0.3535943 0.04267108 0.3759328 0.01764988 0.448686 0.02415263 0.4880588 0.002197623 0.4486864 0.07131987 0.4104259 0.1030774 0.448686 0.06158423 0.427983 0.02777236 0.3579744 0.04267108 0.3759328 0.008895516 0.4016855 0.002197623 0.4486864 0.02415263 0.4093126 0.01764988 0.448686 0.04267108 0.3759328 0.07131987 0.4104259 0.02415263 0.4093126 0.002197623 0.4486864 0.02415263 0.4880588 0.009242057 0.4955014 0.02415263 0.4093126 0.06158423 0.427983 0.01764988 0.448686 0.008895516 0.4016855 0.02415263 0.4093126 0.002197623 0.4486864 0.008895516 0.4016855 0.04267108 0.3759328 0.02415263 0.4093126 0.02415263 0.4093126 0.07131987 0.4104259 0.06158423 0.427983 0.009242057 0.4955014 0.04267108 0.5214713 0.03099441 0.53553 0.04267108 0.5214713 0.07038575 0.5437785 0.03099441 0.53553 0.03099441 0.53553 0.07038575 0.5437785 0.06266725 0.5662168 0.1501802 0.5778537 0.1542543 0.5829784 0.1030774 0.5829612 0.05804598 0.934554 0.082708 0.94686 0.05710202 0.96528 0.05804598 0.934554 0.05710202 0.96528 0.03818202 0.941098 0.05710202 0.96528 0.082708 0.94686 0.08323097 0.960312 0.05804598 0.934554 0.03818202 0.941098 0.04468601 0.916192 0.09585797 0.997749 0.05710202 0.96528 0.08323097 0.960312 0.05804598 0.934554 0.09714102 0.9366 0.082708 0.94686 0.09714102 0.9366 0.08323097 0.960312 0.082708 0.94686 0.03818202 0.941098 0.001644015 0.90924 0.04468601 0.916192 0.03844398 0.997749 0.05710202 0.96528 0.09585797 0.997749 0.05818301 0.912822 0.09714102 0.9366 0.05804598 0.934554 0.05710202 0.96528 0.03844398 0.997749 0.03818202 0.941098 0.001644015 0.952386 0.001644015 0.90924 0.03818202 0.941098 0.05804598 0.934554 0.04468601 0.916192 0.05818301 0.912822 0.05818301 0.912822 0.08215397 0.891532 0.09714102 0.9366 0.03818202 0.941098 0.03844398 0.997749 0.001644015 0.952386 0.03812402 0.86999 0.04468601 0.916192 0.001644015 0.90924 0.05818301 0.912822 0.04468601 0.916192 0.05515301 0.902942 0.03812402 0.86999 0.08215397 0.891532 0.05515301 0.902942 0.08215397 0.891532 0.10627 0.889517 0.09714102 0.9366 0.09585797 0.997749 0.08323097 0.960312 0.109225 0.968488 0.05515301 0.902942 0.04468601 0.916192 0.03812402 0.86999 0.08215397 0.891532 0.05818301 0.912822 0.05515301 0.902942 0.109225 0.968488 0.08323097 0.960312 0.09714102 0.9366 0.09585797 0.997749 0.109225 0.968488 0.1821359 0.997749 0.07638001 0.853839 0.08215397 0.891532 0.03812402 0.86999 0.10627 0.889517 0.132393 0.896636 0.09714102 0.9366 0.001644015 0.90924 0.009635984 0.88654 0.03812402 0.86999 0.09714102 0.9366 0.132393 0.896636 0.109225 0.968488 0.07638001 0.853839 0.1096109 0.855461 0.08215397 0.891532 0.08215397 0.891532 0.1096109 0.855461 0.10627 0.889517 0.03812402 0.86999 0.009635984 0.88654 0.03415501 0.856067 0.132393 0.896636 0.10627 0.889517 0.1432809 0.87829 0.03415501 0.856067 0.07638001 0.853839 0.03812402 0.86999 0.109225 0.968488 0.132393 0.896636 0.1766009 0.927475 0.1432809 0.87829 0.10627 0.889517 0.1096109 0.855461 0.1766009 0.927475 0.1821359 0.997749 0.109225 0.968488 0.1096109 0.855461 0.07638001 0.853839 0.111648 0.832057 0.1432809 0.87829 0.1823819 0.876358 0.132393 0.896636 0.132393 0.896636 0.1823819 0.876358 0.1766009 0.927475 0.212844 0.939483 0.1821359 0.997749 0.1766009 0.927475 0.111648 0.832057 0.148557 0.850369 0.1096109 0.855461 0.1096109 0.855461 0.148557 0.850369 0.1432809 0.87829 0.111648 0.832057 0.07638001 0.853839 0.07143497 0.837931 0.07143497 0.837931 0.07638001 0.853839 0.03415501 0.856067 0.1432809 0.87829 0.148557 0.850369 0.1823819 0.876358 0.1823819 0.876358 0.2240679 0.910767 0.1766009 0.927475 0.1766009 0.927475 0.2240679 0.910767 0.212844 0.939483 0.251906 0.997749 0.1821359 0.997749 0.212844 0.939483 0.325229 0.778212 0.317727 0.83647 0.2421029 0.786851 0.325229 0.778212 0.400949 0.836471 0.317727 0.83647 0.2421029 0.786851 0.317727 0.83647 0.2385119 0.836471 0.400949 0.764482 0.400949 0.836471 0.325229 0.778212 0.236384 0.722977 0.325229 0.778212 0.2421029 0.786851 0.281501 0.868602 0.2385119 0.836471 0.317727 0.83647 0.3216545 0.7036526 0.400949 0.764482 0.325229 0.778212 0.3216545 0.7036526 0.325229 0.778212 0.236384 0.722977 0.2385119 0.836471 0.1571649 0.784708 0.2421029 0.786851 0.281501 0.868602 0.317727 0.83647 0.324861 0.922997 0.4010185 0.6767345 0.400949 0.764482 0.3216545 0.7036526 0.236384 0.722977 0.2421029 0.786851 0.1571649 0.784708 0.222279 0.896601 0.2385119 0.836471 0.281501 0.868602 0.3216545 0.7036526 0.322888 0.6229647 0.4010185 0.6767345 0.236384 0.722977 0.322888 0.6229647 0.3216545 0.7036526 0.324861 0.922997 0.317727 0.83647 0.38373 0.881773 0.1523309 0.836471 0.1571649 0.784708 0.2385119 0.836471 0.236384 0.722977 0.1571649 0.784708 0.1639335 0.7230436 0.249337 0.620718 0.322888 0.6229647 0.236384 0.722977 0.248237 0.96795 0.281501 0.868602 0.324861 0.922997 0.222279 0.896601 0.281501 0.868602 0.248237 0.96795 0.1523309 0.836471 0.1192328 0.8111445 0.1571649 0.784708 0.4010185 0.6767345 0.322888 0.6229647 0.3999192 0.5993095 0.1639335 0.7230436 0.225295 0.661844 0.236384 0.722977 0.225295 0.661844 0.249337 0.620718 0.236384 0.722977 0.1571649 0.784708 0.1192328 0.8111445 0.1312013 0.772397 0.322888 0.6229647 0.3206189 0.5476018 0.3999192 0.5993095 0.1571649 0.784708 0.1312013 0.772397 0.1639335 0.7230436 0.3206189 0.5476018 0.322888 0.6229647 0.249337 0.620718 0.2041389 0.656905 0.225295 0.661844 0.1639335 0.7230436 0.3999192 0.5993095 0.3206189 0.5476018 0.3823651 0.5279801 0.1639335 0.7230436 0.1312013 0.772397 0.1463497 0.7190986 0.3206189 0.5476018 0.249337 0.620718 0.271007 0.550887 0.1639335 0.7230436 0.1659106 0.6678965 0.2041389 0.656905 0.3022961 0.484824 0.3823651 0.5279801 0.3206189 0.5476018 0.1639335 0.7230436 0.1463497 0.7190986 0.1659106 0.6678965 0.249337 0.620718 0.254934 0.534105 0.271007 0.550887 0.254934 0.534105 0.3022961 0.484824 0.271007 0.550887 0.335347 0.445734 0.3823651 0.5279801 0.3022961 0.484824 0.3206189 0.5476018 0.271007 0.550887 0.3022961 0.484824 0.28326 0.466536 0.3022961 0.484824 0.254934 0.534105 0.3022961 0.484824 0.316108 0.434786 0.335347 0.445734 0.28326 0.466536 0.316108 0.434786 0.3022961 0.484824 0.3269606 0.7769595 0.2438752 0.7859816 0.3198943 0.8352507 0.4029484 0.8348689 0.3269606 0.7769595 0.3198943 0.8352507 0.3198943 0.8352507 0.2438752 0.7859816 0.240346 0.8356184 0.4026165 0.7628807 0.3269606 0.7769595 0.4029484 0.8348689 0.2825222 0.8672273 0.3198943 0.8352507 0.240346 0.8356184 0.3269606 0.7769595 0.2378619 0.7221347 0.2438752 0.7859816 0.4026165 0.7628807 0.3231119 0.7023935 0.3269606 0.7769595 0.3231119 0.7023935 0.2378619 0.7221347 0.3269606 0.7769595 0.3243604 0.9244351 0.3198943 0.8352507 0.2825222 0.8672273 0.2438752 0.7859816 0.1589282 0.7842301 0.240346 0.8356184 0.4022123 0.6751576 0.3231119 0.7023935 0.4026165 0.7628807 0.2378619 0.7221347 0.1589282 0.7842301 0.2438752 0.7859816 0.3863489 0.8840469 0.3198943 0.8352507 0.3243604 0.9244351 0.4022123 0.6751576 0.3264245 0.6151119 0.3231119 0.7023935 0.3231119 0.7023935 0.3264245 0.6151119 0.2378619 0.7221347 0.240346 0.8356184 0.1589282 0.7842301 0.1543329 0.8360149 0.2825222 0.8672273 0.240346 0.8356184 0.2336053 0.9307215 0.2825222 0.8672273 0.2336053 0.9307215 0.3243604 0.9244351 0.4018427 0.5950153 0.3264245 0.6151119 0.4022123 0.6751576 0.1589282 0.7842301 0.131133 0.7795414 0.1543329 0.8360149 0.2378619 0.7221347 0.3264245 0.6151119 0.2503435 0.619817 0.3243604 0.9244351 0.2336053 0.9307215 0.2432255 0.9669706 0.1654126 0.7225352 0.131133 0.7795414 0.1589282 0.7842301 0.2378619 0.7221347 0.1654126 0.7225352 0.1589282 0.7842301 0.3264245 0.6151119 0.4018427 0.5950153 0.3236186 0.5542247 0.3236186 0.5542247 0.2503435 0.619817 0.3264245 0.6151119 0.1543329 0.8360149 0.131133 0.7795414 0.1208155 0.8099817 0.2378619 0.7221347 0.2264912 0.6610534 0.1654126 0.7225352 0.3236186 0.5542247 0.4018427 0.5950153 0.3829427 0.526467 0.2264912 0.6610534 0.2378619 0.7221347 0.2503435 0.619817 0.1473925 0.7201954 0.131133 0.7795414 0.1654126 0.7225352 0.3829427 0.526467 0.3026755 0.4836804 0.3236186 0.5542247 0.1654126 0.7225352 0.2264912 0.6610534 0.2053127 0.656212 0.2716913 0.5498869 0.2503435 0.619817 0.3236186 0.5542247 0.1654126 0.7225352 0.1669853 0.6675416 0.1473925 0.7201954 0.3236186 0.5542247 0.3026755 0.4836804 0.2716913 0.5498869 0.335546 0.4444385 0.3026755 0.4836804 0.3829427 0.526467 0.1654126 0.7225352 0.2053127 0.656212 0.1669853 0.6675416 0.2503435 0.619817 0.2716913 0.5498869 0.2555411 0.5331792 0.3162567 0.4335793 0.3026755 0.4836804 0.335546 0.4444385 0.2716913 0.5498869 0.3026755 0.4836804 0.2555411 0.5331792 0.2835554 0.4654803 0.3026755 0.4836804 0.3162567 0.4335793 0.2555411 0.5331792 0.3026755 0.4836804 0.2835554 0.4654803 0.245499 0.906841 0.23679 0.884101 0.224963 0.913914 0.278552 0.910277 0.23679 0.884101 0.245499 0.906841 0.319166 0.844078 0.23679 0.884101 0.278552 0.910277 0.311988 0.939149 0.319166 0.844078 0.278552 0.910277 0.733438 0.924145 0.662801 0.973888 0.713481 0.959511 0.812619 0.957809 0.733438 0.924145 0.713481 0.959511 0.713481 0.959511 0.662801 0.973888 0.695756 0.995713 0.713481 0.959511 0.812923 0.977627 0.812619 0.957809 0.695756 0.995713 0.812923 0.977627 0.713481 0.959511 0.816264 0.942335 0.733438 0.924145 0.812619 0.957809 0.812619 0.957809 0.812923 0.977627 0.724845 0.955246 0.733438 0.924145 0.812619 0.957809 0.724845 0.955246 0.724845 0.955246 0.812923 0.977627 0.694367 0.994405 0.816264 0.942335 0.812619 0.957809 0.733438 0.924145 0.694367 0.994405 0.663088 0.974039 0.724845 0.955246 0.663088 0.974039 0.733438 0.924145 0.724845 0.955246 0.741591 0.968569 0.739283 0.927274 0.764674 0.969836 0.739283 0.927274 0.741591 0.968569 0.706334 0.932733 0.764674 0.969836 0.739283 0.927274 0.780755 0.931681 0.706334 0.932733 0.741591 0.968569 0.723094 0.971229 0.709874 0.984088 0.706334 0.932733 0.723094 0.971229 0.677698 0.956196 0.706334 0.932733 0.709874 0.984088 0.709874 0.984088 0.693633 1.000893 0.677698 0.956196 0.677698 0.956196 0.693633 1.000893 0.655497 0.984768 0.706334 0.932733 0.677698 0.956196 0.683725 0.908151 0.683725 0.908151 0.677698 0.956196 0.650089 0.932808 0.82103 0.35814 0.984519 0.361858 0.899523 0.424072 0.86117 0.266737 0.984519 0.361858 0.82103 0.35814 0.958402 0.267165 0.984519 0.361858 0.86117 0.266737 0.712869 0.907146 0.820537 0.929862 0.70954 0.921292 0.712869 0.907146 0.70954 0.921292 0.642116 0.843829 0.820537 0.929862 0.823653 0.959161 0.74743 0.96302 0.820537 0.929862 0.887624 0.974179 0.823653 0.959161 0.820537 0.929862 0.74743 0.96302 0.70954 0.921292 0.820537 0.929862 0.879423 0.933163 0.887624 0.974179 0.647493 0.956134 0.70954 0.921292 0.74743 0.96302 0.879423 0.933163 0.983725 0.957021 0.887624 0.974179 0.70954 0.921292 0.647493 0.956134 0.642116 0.843829 0.68892 0.992447 0.647493 0.956134 0.74743 0.96302 0.887624 0.974179 0.983725 0.957021 0.96992 0.990449 0.70954 0.921292 0.642116 0.843829 0.647493 0.956134 0.68892 0.992447 0.74743 0.96302 0.647493 0.956134 0.647493 0.956134 0.74743 0.96302 0.70954 0.921292 0.96992 0.990449 0.983725 0.957021 0.887624 0.974179 0.820537 0.929862 0.70954 0.921292 0.74743 0.96302 0.887624 0.974179 0.983725 0.957021 0.879423 0.933163 0.820537 0.929862 0.887624 0.974179 0.879423 0.933163 0.820537 0.929862 0.74743 0.96302 0.823653 0.959161 0.820537 0.929862 0.823653 0.959161 0.887624 0.974179 0.712869 0.907146 0.642116 0.843829 0.70954 0.921292 0.712869 0.907146 0.70954 0.921292 0.820537 0.929862</float_array>
          <technique_common>
            <accessor source="#Mesh_0398_rip-mesh-map-0-array" count="1161" stride="2">
              <param name="S" type="float"/>
              <param name="T" type="float"/>
            </accessor>
          </technique_common>
        </source>
        <vertices id="Mesh_0398_rip-mesh-vertices">
          <input semantic="POSITION" source="#Mesh_0398_rip-mesh-positions"/>
        </vertices>
        <triangles material="mat0_004-material" count="387">
          <input semantic="VERTEX" source="#Mesh_0398_rip-mesh-vertices" offset="0"/>
          <input semantic="NORMAL" source="#Mesh_0398_rip-mesh-normals" offset="1"/>
          <input semantic="TEXCOORD" source="#Mesh_0398_rip-mesh-map-0" offset="2" set="0"/>
          <p>0 0 0 1 1 1 2 2 2 2 2 3 1 1 4 3 3 5 4 4 6 5 5 7 6 6 8 6 6 9 5 5 10 7 7 11 8 8 12 9 9 13 10 10 14 10 10 15 11 11 16 8 8 17 9 9 18 12 12 19 10 10 20 10 10 21 12 12 22 11 11 23 8 8 24 11 11 25 13 13 26 14 14 27 12 12 28 9 9 29 8 8 30 13 13 31 15 15 32 13 13 33 11 11 34 16 16 35 14 14 36 17 17 37 12 12 38 15 15 39 13 13 40 18 18 41 16 16 42 11 11 43 19 19 44 12 12 45 17 17 46 20 20 47 18 18 48 21 21 49 15 15 50 22 22 51 13 13 52 16 16 53 20 20 54 23 23 55 12 12 56 18 18 57 13 13 58 22 22 59 17 17 60 24 24 61 20 20 62 22 22 63 16 16 64 25 25 65 20 20 66 24 24 67 23 23 68 18 18 69 22 22 70 26 26 71 12 12 72 23 23 73 27 27 74 11 11 75 27 27 76 19 19 77 28 28 78 23 23 79 24 24 80 29 29 81 22 22 82 25 25 83 11 11 84 12 12 85 27 27 86 30 30 87 23 23 88 28 28 89 29 29 90 25 25 91 31 31 92 32 32 93 22 22 94 29 29 95 26 26 96 22 22 97 32 32 98 30 30 99 33 33 100 23 23 101 25 25 102 34 34 103 31 31 104 26 26 105 32 32 106 35 35 107 30 30 108 28 28 109 36 36 110 25 25 111 16 16 112 34 34 113 37 37 114 29 29 115 31 31 116 36 36 117 38 38 118 30 30 119 30 30 120 38 38 121 33 33 122 16 16 123 19 19 124 34 34 125 32 32 126 29 29 127 39 39 128 39 39 129 29 29 130 37 37 131 35 35 132 32 32 133 39 39 134 38 38 135 40 40 136 33 33 137 34 34 138 41 41 139 31 31 140 34 34 141 19 19 142 41 41 143 35 35 144 39 39 145 42 42 146 38 38 147 43 43 148 40 40 149 40 40 150 43 43 151 31 31 152 19 19 153 44 44 154 41 41 155 39 39 156 37 37 157 45 45 158 42 42 159 39 39 160 45 45 161 43 43 162 46 46 163 31 31 164 19 19 165 27 27 166 44 44 167 42 42 168 45 45 169 47 47 170 48 48 171 43 43 172 38 38 173 41 41 174 49 49 175 31 31 176 41 41 177 44 44 178 49 49 179 47 47 180 45 45 181 50 50 182 48 48 183 51 51 184 43 43 185 43 43 186 51 51 187 46 46 188 27 27 189 52 52 190 44 44 191 45 45 192 53 53 193 50 50 194 38 38 195 54 54 196 48 48 197 23 23 198 52 52 199 27 27 200 45 45 201 37 37 202 53 53 203 36 36 204 54 54 205 38 38 206 23 23 207 33 33 208 52 52 209 54 54 210 55 55 211 48 48 212 48 48 213 55 55 214 51 51 215 50 50 216 53 53 217 56 56 218 33 33 219 57 57 220 52 52 221 53 53 222 37 37 223 31 31 224 55 55 225 58 58 226 51 51 227 56 56 228 53 53 229 31 31 230 59 59 231 57 57 232 31 31 233 52 52 234 57 57 235 59 59 236 33 33 237 40 40 238 57 57 239 51 51 240 58 58 241 60 60 242 57 57 243 40 40 244 31 31 245 52 52 246 59 59 247 44 44 248 51 51 249 60 60 250 46 46 251 58 58 252 61 61 253 60 60 254 62 62 255 56 56 256 31 31 257 44 44 258 59 59 259 49 49 260 46 46 261 60 60 262 63 63 263 64 64 264 62 62 265 31 31 266 65 65 267 56 56 268 62 62 269 49 49 270 59 59 271 31 31 272 46 46 273 63 63 274 31 31 275 64 64 276 65 65 277 62 62 278 50 50 279 56 56 280 65 65 281 60 60 282 61 61 283 66 66 284 63 63 285 64 64 286 31 31 287 67 67 288 50 50 289 65 65 290 60 60 291 66 66 292 63 63 293 61 61 294 67 67 295 66 66 296 66 66 297 65 65 298 64 64 299 63 63 300 66 66 301 64 64 302 66 66 303 67 67 304 65 65 305 47 47 306 50 50 307 67 67 308 68 68 309 69 69 310 70 70 311 68 68 312 71 71 313 69 69 314 69 69 315 72 72 316 70 70 317 69 69 318 71 71 319 72 72 320 73 73 321 71 71 322 68 68 323 70 70 324 72 72 325 74 74 326 75 75 327 73 73 328 68 68 329 73 73 330 76 76 331 71 71 332 74 74 333 72 72 334 77 77 335 78 78 336 73 73 337 75 75 338 73 73 339 79 79 340 76 76 341 71 71 342 76 76 343 80 80 344 77 77 345 72 72 346 81 81 347 78 78 348 79 79 349 73 73 350 71 71 351 80 80 352 82 82 353 77 77 354 81 81 355 83 83 356 72 72 357 71 71 358 82 82 359 79 79 360 84 84 361 76 76 362 82 82 363 80 80 364 85 85 365 81 81 366 86 86 367 83 83 368 82 82 369 86 86 370 72 72 371 76 76 372 84 84 373 87 87 374 76 76 375 87 87 376 80 80 377 72 72 378 86 86 379 81 81 380 88 88 381 83 83 382 86 86 383 84 84 384 89 89 385 87 87 386 80 80 387 90 90 388 85 85 389 91 91 390 88 88 391 86 86 392 92 92 393 89 89 394 84 84 395 80 80 396 87 87 397 90 90 398 79 79 399 92 92 400 84 84 401 91 91 402 93 93 403 88 88 404 87 87 405 89 89 406 90 90 407 94 94 408 92 92 409 79 79 410 86 86 411 95 95 412 91 91 413 91 91 414 96 96 415 93 93 416 90 90 417 89 89 418 97 97 419 85 85 420 90 90 421 97 97 422 98 98 423 95 95 424 86 86 425 95 95 426 96 96 427 91 91 428 99 99 429 89 89 430 92 92 431 97 97 432 89 89 433 100 100 434 85 85 435 100 100 436 98 98 437 93 93 438 96 96 439 101 101 440 99 99 441 92 92 442 102 102 443 97 97 444 100 100 445 85 85 446 100 100 447 103 103 448 98 98 449 100 100 450 89 89 451 103 103 452 98 98 453 103 103 454 95 95 455 102 102 456 92 92 457 94 94 458 85 85 459 98 98 460 82 82 461 103 103 462 89 89 463 104 104 464 103 103 465 104 104 466 95 95 467 95 95 468 104 104 469 96 96 470 102 102 471 94 94 472 105 105 473 82 82 474 98 98 475 86 86 476 106 106 477 89 89 478 99 99 479 107 107 480 99 99 481 102 102 482 105 105 483 94 94 484 108 108 485 104 104 486 109 109 487 96 96 488 106 106 489 99 99 490 107 107 491 104 104 492 89 89 493 109 109 494 79 79 495 108 108 496 94 94 497 110 110 498 106 106 499 107 107 500 96 96 501 109 109 502 111 111 503 78 78 504 108 108 505 79 79 506 110 110 507 107 107 508 112 112 509 101 101 510 96 96 511 111 111 512 109 109 513 89 89 514 113 113 515 114 114 516 106 106 517 110 110 518 101 101 519 111 111 520 115 115 521 111 111 522 109 109 523 116 116 524 116 116 525 109 109 526 113 113 527 114 114 528 89 89 529 106 106 530 117 117 531 114 114 532 110 110 533 115 115 534 111 111 535 116 116 536 116 116 537 113 113 538 118 118 539 119 119 540 89 89 541 114 114 542 119 119 543 114 114 544 117 117 545 115 115 546 116 116 547 120 120 548 118 118 549 113 113 550 121 121 551 113 113 552 89 89 553 121 121 554 122 122 555 89 89 556 119 119 557 117 117 558 122 122 559 119 119 560 120 120 561 116 116 562 118 118 563 117 117 564 110 110 565 123 123 566 121 121 567 89 89 568 122 122 569 120 120 570 118 118 571 124 124 572 123 123 573 125 125 574 117 117 575 118 118 576 121 121 577 125 125 578 123 123 579 110 110 580 112 112 581 125 125 582 122 122 583 117 117 584 124 124 585 125 125 586 123 123 587 124 124 588 118 118 589 125 125 590 125 125 591 121 121 592 122 122 593 112 112 594 107 107 595 126 126 596 107 107 597 102 102 598 126 126 599 126 126 600 102 102 601 105 105 602 78 78 603 75 75 604 127 127 605 128 128 606 129 129 607 130 130 608 128 128 609 130 130 610 131 131 611 130 130 612 129 129 613 132 132 614 128 128 615 131 131 616 133 133 617 134 134 618 130 130 619 132 132 620 128 128 621 135 135 622 129 129 623 135 135 624 132 132 625 129 129 626 131 131 627 136 136 628 133 133 629 137 137 630 130 130 631 134 134 632 138 138 633 135 135 634 128 128 635 130 130 636 137 137 637 131 131 638 139 139 639 136 136 640 131 131 641 128 128 642 133 133 643 138 138 644 138 138 645 140 140 646 135 135 647 131 131 648 137 137 649 139 139 650 141 141 651 133 133 652 136 136 653 138 138 654 133 133 655 142 142 656 141 141 657 140 140 658 142 142 659 140 140 660 143 143 661 135 135 662 134 134 663 132 132 664 144 144 665 142 142 666 133 133 667 141 141 668 140 140 669 138 138 670 142 142 671 144 144 672 132 132 673 135 135 674 134 134 675 144 144 676 145 145 677 146 146 678 140 140 679 141 141 680 143 143 681 147 147 682 135 135 683 136 136 684 148 148 685 141 141 686 135 135 687 147 147 688 144 144 689 146 146 690 149 149 691 140 140 692 140 140 693 149 149 694 143 143 695 141 141 696 148 148 697 150 150 698 147 147 699 143 143 700 151 151 701 150 150 702 146 146 703 141 141 704 144 144 705 147 147 706 152 152 707 151 151 708 143 143 709 149 149 710 152 152 711 145 145 712 144 144 713 149 149 714 146 146 715 153 153 716 151 151 717 154 154 718 147 147 719 147 147 720 154 154 721 152 152 722 155 155 723 145 145 724 152 152 725 153 153 726 156 156 727 149 149 728 149 149 729 156 156 730 151 151 731 153 153 732 146 146 733 157 157 734 157 157 735 146 146 736 150 150 737 151 151 738 156 156 739 154 154 740 154 154 741 158 158 742 152 152 743 152 152 744 158 158 745 155 155 746 159 159 747 145 145 748 155 155 749 160 160 750 161 161 751 162 162 752 160 160 753 163 163 754 161 161 755 162 162 756 161 161 757 164 164 758 165 165 759 163 163 760 160 160 761 166 166 762 160 160 763 162 162 764 167 167 765 164 164 766 161 161 767 168 168 768 165 165 769 160 160 770 168 168 771 160 160 772 166 166 773 164 164 774 169 169 775 162 162 776 167 167 777 161 161 778 170 170 779 171 171 780 165 165 781 168 168 782 166 166 783 162 162 784 169 169 785 172 172 786 164 164 787 167 167 788 168 168 789 173 173 790 171 171 791 166 166 792 173 173 793 168 168 794 170 170 795 161 161 796 174 174 797 175 175 798 169 169 799 164 164 800 166 166 801 169 169 802 176 176 803 177 177 804 173 173 805 166 166 806 178 178 807 167 167 808 170 170 809 172 172 810 167 167 811 178 178 812 175 175 813 179 179 814 169 169 815 171 171 816 173 173 817 180 180 818 176 176 819 181 181 820 166 166 821 181 181 822 177 177 823 166 166 824 169 169 825 179 179 826 182 182 827 173 173 828 183 183 829 180 180 830 169 169 831 182 182 832 176 176 833 183 183 834 173 173 835 177 177 836 184 184 837 181 181 838 176 176 839 180 180 840 183 183 841 185 185 842 176 176 843 182 182 844 186 186 845 183 183 846 177 177 847 187 187 848 176 176 849 188 188 850 184 184 851 189 189 852 185 185 853 183 183 854 176 176 855 186 186 856 188 188 857 177 177 858 190 190 859 187 187 860 190 190 861 189 189 862 187 187 863 191 191 864 185 185 865 189 189 866 183 183 867 187 187 868 189 189 869 192 192 870 189 189 871 190 190 872 189 189 873 193 193 874 191 191 875 192 192 876 193 193 877 189 189 878 194 194 879 195 195 880 196 196 881 197 197 882 194 194 883 196 196 884 196 196 885 195 195 886 198 198 887 199 199 888 194 194 889 197 197 890 200 200 891 196 196 892 198 198 893 194 194 894 201 201 895 195 195 896 199 199 897 202 202 898 194 194 899 202 202 900 201 201 901 194 194 902 203 203 903 196 196 904 200 200 905 195 195 906 204 204 907 198 198 908 205 205 909 202 202 910 199 199 911 201 201 912 204 204 913 195 195 914 206 206 915 196 196 916 203 203 917 205 205 918 207 207 919 202 202 920 202 202 921 207 207 922 201 201 923 198 198 924 204 204 925 208 208 926 200 200 927 198 198 928 209 209 929 200 200 930 209 209 931 203 203 932 210 210 933 207 207 934 205 205 935 204 204 936 211 211 937 208 208 938 201 201 939 207 207 940 212 212 941 203 203 942 209 209 943 213 213 944 214 214 945 211 211 946 204 204 947 201 201 948 214 214 949 204 204 950 207 207 951 210 210 952 215 215 953 215 215 954 212 212 955 207 207 956 208 208 957 211 211 958 216 216 959 201 201 960 217 217 961 214 214 962 215 215 963 210 210 964 218 218 965 217 217 966 201 201 967 212 212 968 219 219 969 211 211 970 214 214 971 218 218 972 220 220 973 215 215 974 214 214 975 217 217 976 221 221 977 222 222 978 212 212 979 215 215 980 214 214 981 223 223 982 219 219 983 215 215 984 220 220 985 222 222 986 224 224 987 220 220 988 218 218 989 214 214 990 221 221 991 223 223 992 212 212 993 222 222 994 225 225 995 226 226 996 220 220 997 224 224 998 222 222 999 220 220 1000 225 225 1001 227 227 1002 220 220 1003 226 226 1004 225 225 1005 220 220 1006 227 227 1007 228 228 1008 229 229 1009 230 230 1010 231 231 1011 229 229 1012 228 228 1013 232 232 1014 229 229 1015 231 231 1016 233 233 1017 232 232 1018 231 231 1019 234 234 1020 235 235 1021 236 236 1022 237 237 1023 234 234 1024 236 236 1025 236 236 1026 235 235 1027 238 238 1028 236 236 1029 239 239 1030 237 237 1031 238 238 1032 239 239 1033 236 236 1034 240 240 1035 234 234 1036 237 237 1037 241 241 1038 242 242 1039 243 243 1040 244 244 1041 241 241 1042 243 243 1043 243 243 1044 242 242 1045 245 245 1046 246 246 1047 241 241 1048 244 244 1049 245 245 1050 247 247 1051 243 243 1052 247 247 1053 244 244 1054 243 243 1055 248 248 1056 249 249 1057 250 250 1058 249 249 1059 248 248 1060 251 251 1061 250 250 1062 249 249 1063 252 252 1064 251 251 1065 248 248 1066 253 253 1067 254 254 1068 251 251 1069 253 253 1070 255 255 1071 251 251 1072 254 254 1073 254 254 1074 256 256 1075 255 255 1076 255 255 1077 256 256 1078 257 257 1079 258 258 1080 259 259 1081 260 260 1082 260 260 1083 259 259 1084 261 261 1085 262 262 1086 263 263 1087 264 264 1088 265 265 1089 263 263 1090 262 262 1091 266 266 1092 263 263 1093 265 265 1094 267 267 1095 268 268 1096 269 269 1097 267 267 1098 269 269 1099 270 270 1100 271 271 1101 272 272 1102 273 273 1103 271 271 1104 274 274 1105 272 272 1106 271 271 1107 273 273 1108 275 275 1109 271 271 1110 276 276 1111 274 274 1112 277 277 1113 275 275 1114 273 273 1115 276 276 1116 278 278 1117 274 274 1118 275 275 1119 277 277 1120 279 279 1121 280 280 1122 277 277 1123 273 273 1124 274 274 1125 278 278 1126 281 281 1127 282 282 1128 279 279 1129 277 277 1130 280 280 1131 283 283 1132 277 277 1133 277 277 1134 283 283 1135 282 282 1136 281 281 1137 278 278 1138 284 284 1139 285 285 1140 282 282 1141 283 283 1142 284 284 1143 278 278 1144 286 286 1145 285 285 1146 284 284 1147 286 286 1148 285 285 1149 283 283 1150 287 287 1151 285 285 1152 287 287 1153 284 284 1154 288 288 1155 289 289 1156 290 290 1157 288 288 1158 290 290 1159 291 291 1160</p>
        </triangles>
      </mesh>
    </geometry>
    <geometry id="Mesh_0397_rip-mesh" name="Mesh_0397.rip">
      <mesh>
        <source id="Mesh_0397_rip-mesh-positions">
          <float_array id="Mesh_0397_rip-mesh-positions-array" count="234">-0.2032169 -0.083925 0.7774463 -0.173392 -0.04340738 0.7824737 -0.1589077 -0.1164811 0.7713831 -0.1783297 -0.01037597 0.9991191 -0.173392 -0.04340738 0.7824737 -0.208133 0.04873812 0.9395464 -0.1606056 0.076958 1.846277 -0.1117511 0.1661133 1.8479 -0.03196024 0.04873901 2.034635 -0.138931 -0.03815782 1.859608 -0.06789195 -0.1165587 1.883897 -0.138931 -0.03815782 1.859608 0.001865208 -0.1440855 1.8985 0.1330201 -0.03691822 1.907727 0.1492723 0.06067156 1.909102 0.09696125 0.1728639 1.891296 -0.001635134 0.2050469 1.863277 0.09696125 0.1728639 1.891296 -0.1117511 0.1661133 1.8479 0.08076661 -0.1113582 1.907948 0.001865208 -0.1440855 1.8985 0.1330201 -0.03691822 1.907727 -0.2100682 0.05264627 0.868508 -0.206345 -0.002608478 0.8813148 -0.2145532 0.05419808 0.9007322 -0.2147902 0.0192551 0.9228863 -0.2045903 -0.007560372 0.8796504 -0.2063446 0.03356522 0.8623145 -0.1994173 -0.02693325 0.8430588 -0.2058226 0.03139042 0.8285634 -0.200053 -0.0281012 0.8409316 -0.2049774 0.0112394 0.8207681 -0.1965789 -0.04992276 0.8068713 -0.2049823 0.009409606 0.78714 -0.1589077 -0.1164811 0.7713831 -0.173392 -0.04340738 0.7824737 -0.1505746 -0.07660025 1.025169 -0.1783297 -0.01037597 0.9991191 -0.2409847 -0.09923613 1.018489 -0.2032169 -0.083925 0.7774463 -0.1828539 -0.1198941 1.023932 -0.2616671 -0.03535187 0.9877429 -0.1589077 -0.1164811 0.7713831 -0.1505746 -0.07660025 1.025169 -0.208133 0.04873812 0.9395464 -0.173392 -0.04340738 0.7824737 -0.1628404 -0.05877548 1.063099 -0.1505746 -0.07660025 1.025169 -0.1769608 -0.02323704 1.057021 -0.1783297 -0.01037597 0.9991191 -0.1811686 -0.05528289 1.006811 -0.1769608 -0.02323704 1.057021 -0.1783297 -0.01037597 0.9991191 -0.1628404 -0.05877548 1.063099 -0.1505746 -0.07660025 1.025169 -0.208133 0.04873812 0.9395464 -0.1811686 -0.05528289 1.006811 -0.1783297 -0.01037597 0.9991191 -0.2616671 -0.03535187 0.9877429 -0.2409847 -0.09923613 1.018489 -0.1828539 -0.1198941 1.023932 -0.1505746 -0.07660025 1.025169 -0.09022879 0.07627665 0.1709277 -0.08903557 0.2073098 0.1632343 -0.09230554 0.07534438 0.07771462 -0.09111231 0.2011605 0.07002127 -0.08884519 0.2011358 0.06999999 -0.08903557 0.2073098 0.1632343 -0.09003847 0.0753197 0.07769334 -0.09022879 0.07627665 0.1709277 0.09136235 0.1991734 0.06830662 0.09117197 0.2053473 0.1615411 0.09016913 0.07335728 0.07599991 0.08997875 0.07431411 0.1692344 0.08997875 0.07431411 0.1692344 0.09117197 0.2053473 0.1615411 0.087902 0.07338201 0.07602125 0.08909529 0.1991981 0.06832796</float_array>
          <technique_common>
            <accessor source="#Mesh_0397_rip-mesh-positions-array" count="78" stride="3">
              <param name="X" type="float"/>
              <param name="Y" type="float"/>
              <param name="Z" type="float"/>
            </accessor>
          </technique_common>
        </source>
        <source id="Mesh_0397_rip-mesh-normals">
          <float_array id="Mesh_0397_rip-mesh-normals-array" count="246">-0.02931988 0.1443073 -0.9890985 0.9295858 0.3685886 -0.003590762 0.9352471 0.3508707 -0.04693102 0.9087233 0.41522 -0.04259645 0.8050065 -0.154124 -0.5728964 0.5545882 -0.5769648 -0.5996196 0.1724048 -0.01978677 -0.9848275 0.761917 0.2583498 -0.5939174 0.5324814 0.5042294 -0.679865 0.7619285 0.2583167 -0.5939171 0.17243 -0.01979035 -0.984823 0.1277945 0.5868693 -0.799533 -0.5219338 0.2169471 -0.8249358 0.172418 -0.01979374 -0.984825 -0.5585229 -0.1320958 -0.8189035 -0.2943847 -0.5754209 -0.7630391 0.1724337 -0.01979833 -0.9848222 0.1493587 -0.7435353 -0.6518031 -0.2943924 -0.5753839 -0.7630639 0.5545792 -0.5769572 -0.5996351 0.1724114 -0.01978194 -0.9848265 -0.3051832 0.4494619 -0.8395518 0.1277933 0.5868809 -0.7995247 -0.5219165 0.2169553 -0.8249446 -0.9852988 -0.09349745 -0.142984 -0.9853098 -0.09353226 -0.1428856 -0.985301 -0.09350341 -0.1429658 -0.9853 -0.09350019 -0.142975 -0.9939294 -0.09772884 -0.05053132 -0.9939293 -0.09771841 -0.05055469 -0.9939297 -0.09772217 -0.05053985 -0.9939293 -0.09771931 -0.05055367 -0.9908043 -0.135258 -0.003500998 -0.9908062 -0.1352416 -0.003571927 -0.9908047 -0.135255 -0.003511488 -0.9908053 -0.1352496 -0.003537237 0.7343278 -0.6774901 -0.04207015 0.9352593 0.3508386 -0.04693078 0.998754 0.03318637 0.03727138 0.9295881 0.3685825 -0.003577589 -0.7296874 -0.6698941 -0.1371066 -0.9344084 -0.1066792 -0.3398537 0.2233715 -0.9746129 -0.01533162 -0.9637344 -0.004497885 -0.2668254 0.7343097 -0.677506 -0.04212963 0.9987522 0.03321838 0.03729128 -0.7840667 0.4684617 -0.4071647 -0.6782003 0.5584875 -0.4776359 0.9120949 0.4015076 0.08291351 0.9987542 0.03318381 0.03726959 0.9120942 0.4015105 0.08290672 0.9295869 0.3685856 -0.00358951 -0.9154375 -0.3644884 0.1706528 -0.9787979 -0.1253255 0.1620137 -0.9968031 0.06970512 0.03904879 -0.7974329 -0.5599239 0.2249136 -0.6261379 -0.763848 0.1564854 -0.4957717 0.3772897 0.7822167 -0.3073045 0.359445 0.8811149 -0.8185999 0.1468662 0.5552699 -0.09313327 0.4657676 0.8799925 -0.1260759 0.3294327 0.9357238 -0.1350591 0.2570803 0.9569059 -0.1350516 0.2570899 0.9569043 -0.9997063 0.01066625 0.02176672 -0.9997063 0.01066625 0.02176672 -0.9997063 0.01066625 0.02176672 -0.999702 0.01048684 0.0220434 -0.999702 0.01048678 0.02204334 -0.999702 0.01048684 0.02204334 0.9999531 -0.009321093 0.002658903 0.9999551 -0.00916332 0.002415418 0.9999552 -0.00916332 0.002415478 0.9999551 -0.00916332 0.002415478 0.999953 -0.009321093 0.002658843 0.9999542 -0.009241521 0.002535998 0.9999541 -0.009241521 0.002535939 0.9999542 -0.009241521 0.002535939 -0.9997075 0.01071834 0.02168625 -0.9997056 0.01063978 0.02180707 -0.9997038 0.01055997 0.02193015 -0.9997021 0.01048684 0.02204322</float_array>
          <technique_common>
            <accessor source="#Mesh_0397_rip-mesh-normals-array" count="82" stride="3">
              <param name="X" type="float"/>
              <param name="Y" type="float"/>
              <param name="Z" type="float"/>
            </accessor>
          </technique_common>
        </source>
        <source id="Mesh_0397_rip-mesh-map-0">
          <float_array id="Mesh_0397_rip-mesh-map-0-array" count="264">0.916565 0.006097972 0.887289 0.004450023 0.906057 5.44012e-4 0.939911 0.1705719 0.973887 0.01841098 0.981996 0.1684479 0.518906 0.883336 0.59228 0.883336 0.519429 0.687675 0.518906 0.883336 0.519429 0.687675 0.447877 0.883336 0.518906 0.883336 0.59228 0.883336 0.519429 0.687675 0.519429 0.687675 0.447877 0.883336 0.518906 0.883336 0.59228 0.883336 0.519429 0.687675 0.518906 0.883336 0.519429 0.687675 0.447877 0.883336 0.518906 0.883336 0.519429 0.687675 0.518906 0.883336 0.59228 0.883336 0.447878 0.883336 0.518906 0.883336 0.519429 0.687675 0.519429 0.687675 0.518906 0.883336 0.59228 0.883336 0.518906 0.883336 0.519429 0.687675 0.447877 0.883336 0.579053 0.3244364 0.611171 0.3229594 0.584459 0.3437884 0.584459 0.3437884 0.611171 0.3229594 0.60678 0.3480774 0.606653 0.3483654 0.584369 0.3438884 0.611256 0.3232844 0.611256 0.3232844 0.584369 0.3438884 0.579126 0.3244914 0.606798 0.3486504 0.584475 0.3443724 0.611177 0.3235304 0.611177 0.3235304 0.584475 0.3443724 0.579059 0.3250224 0.977378 0.03098499 0.941535 0.01618802 0.98178 0.16991 0.98178 0.16991 0.941535 0.01618802 0.940911 0.169749 0.908578 0.1687949 0.915165 0.00436598 0.952769 0.1720449 0.915165 0.00436598 0.908578 0.1687949 0.861922 0.1486979 0.952769 0.1720449 0.915165 0.00436598 0.949324 0.00436598 0.949324 0.00436598 0.987359 0.170542 0.952769 0.1720449 0.808846 0.100638 0.915165 0.00436598 0.861922 0.1486979 0.88322 0.00436598 0.915165 0.00436598 0.808846 0.100638 0.855569 0.2381129 0.842552 0.173066 0.91144 0.242114 0.91144 0.242114 0.842552 0.173066 0.947167 0.178166 0.894406 0.171195 0.85478 0.239351 0.83971 0.180866 0.894406 0.171195 0.913459 0.2437909 0.85478 0.239351 0.943064 0.184031 0.913459 0.2437909 0.894406 0.171195 0.926987 0.06098097 0.976981 0.071684 0.963749 0.08191502 0.952704 0.021151 0.976981 0.071684 0.926987 0.06098097 0.985093 0.02458202 0.976981 0.071684 0.952704 0.021151 0.985093 0.02458202 0.993194 0.04959899 0.976981 0.071684 0.976981 0.071684 0.993194 0.04959899 0.993194 0.07031702 0.653836 0.124615 0.774197 0.124615 0.653836 0.02698802 0.653836 0.02698802 0.774197 0.124615 0.774197 0.02698802 0.774197 0.02698802 0.774197 0.124615 0.653836 0.02698802 0.653836 0.02698802 0.774197 0.124615 0.653836 0.124615 0.774197 0.02698802 0.774197 0.124615 0.653836 0.02698802 0.653836 0.02698802 0.774197 0.124615 0.653836 0.124615 0.653836 0.124615 0.774197 0.124615 0.653836 0.02698802 0.653836 0.02698802 0.774197 0.124615 0.774197 0.02698802</float_array>
          <technique_common>
            <accessor source="#Mesh_0397_rip-mesh-map-0-array" count="132" stride="2">
              <param name="S" type="float"/>
              <param name="T" type="float"/>
            </accessor>
          </technique_common>
        </source>
        <vertices id="Mesh_0397_rip-mesh-vertices">
          <input semantic="POSITION" source="#Mesh_0397_rip-mesh-positions"/>
        </vertices>
        <triangles material="mat0_003-material" count="44">
          <input semantic="VERTEX" source="#Mesh_0397_rip-mesh-vertices" offset="0"/>
          <input semantic="NORMAL" source="#Mesh_0397_rip-mesh-normals" offset="1"/>
          <input semantic="TEXCOORD" source="#Mesh_0397_rip-mesh-map-0" offset="2" set="0"/>
          <p>0 0 0 1 0 1 2 0 2 3 1 3 4 2 4 5 3 5 6 4 6 7 5 7 8 6 8 6 4 9 8 6 10 9 7 11 10 8 12 11 9 13 8 10 14 8 10 15 12 11 16 10 8 17 13 12 18 8 13 19 14 14 20 8 13 21 15 15 22 14 14 23 8 16 24 16 17 25 17 18 26 18 19 27 16 17 28 8 16 29 8 20 30 19 21 31 20 22 32 19 21 33 8 20 34 21 23 35 22 24 36 23 25 37 24 26 38 24 26 39 23 25 40 25 27 41 26 28 42 27 29 43 28 30 44 28 30 45 27 29 46 29 31 47 30 32 48 31 33 49 32 34 50 32 34 51 31 33 52 33 35 53 34 36 54 35 37 55 36 38 56 36 38 57 35 37 58 37 39 59 38 40 60 39 41 61 40 42 62 39 41 63 38 40 64 41 43 65 40 42 66 39 41 67 42 44 68 42 44 69 43 45 70 40 42 71 44 46 72 39 41 73 41 43 74 45 47 75 39 41 76 44 46 77 46 48 78 47 49 79 48 50 80 48 50 81 47 49 82 49 51 83 50 52 84 51 53 85 52 54 86 50 52 87 53 55 88 51 53 89 54 56 90 53 55 91 50 52 92 55 57 93 56 58 94 57 59 95 58 60 96 56 58 97 55 57 98 59 61 99 56 58 100 58 60 101 59 61 102 60 62 103 56 58 104 56 58 105 60 62 106 61 63 107 62 64 108 63 65 109 64 66 110 64 67 111 63 68 112 65 69 113 66 70 114 67 70 115 68 70 116 68 71 117 67 72 118 69 73 119 70 74 120 71 74 121 72 74 122 72 75 123 71 76 124 73 77 125 74 78 126 75 79 127 76 80 128 76 80 129 75 79 130 77 81 131</p>
        </triangles>
      </mesh>
    </geometry>
    <geometry id="Mesh_0396_rip-mesh" name="Mesh_0396.rip">
      <mesh>
        <source id="Mesh_0396_rip-mesh-positions">
          <float_array id="Mesh_0396_rip-mesh-positions-array" count="36">-0.1318402 -0.06699424 1.02213 -0.1504528 -0.07391494 1.026335 -0.1597043 -0.01094871 1.021631 -0.1542034 -0.07848894 1.09398 -0.1790668 -0.01427483 1.02392 -0.1392076 -0.07081782 1.102709 -0.1772032 -0.01514208 1.093928 -0.1608763 -0.01137101 1.102657 -0.1542034 -0.07848894 1.09398 -0.1772032 -0.01514208 1.093928 -0.1504528 -0.07391494 1.026335 -0.1790668 -0.01427483 1.02392</float_array>
          <technique_common>
            <accessor source="#Mesh_0396_rip-mesh-positions-array" count="12" stride="3">
              <param name="X" type="float"/>
              <param name="Y" type="float"/>
              <param name="Z" type="float"/>
            </accessor>
          </technique_common>
        </source>
        <source id="Mesh_0396_rip-mesh-normals">
          <float_array id="Mesh_0396_rip-mesh-normals-array" count="36">0.1777555 -0.6970654 -0.6946243 0.177742 -0.697069 -0.6946241 -0.2494999 0.6508447 -0.7170433 -0.02573502 -0.7788313 0.6267054 -0.2495015 0.650853 -0.7170352 -0.02571618 -0.7788533 0.6266787 -0.4616881 0.6001417 0.653203 -0.4616935 0.6001451 0.6531961 -0.9215275 -0.3873069 -0.02793902 -0.921522 -0.3873211 -0.02791953 -0.9215431 -0.3872672 -0.02797478 -0.9215251 -0.3873133 -0.02792853</float_array>
          <technique_common>
            <accessor source="#Mesh_0396_rip-mesh-normals-array" count="12" stride="3">
              <param name="X" type="float"/>
              <param name="Y" type="float"/>
              <param name="Z" type="float"/>
            </accessor>
          </technique_common>
        </source>
        <source id="Mesh_0396_rip-mesh-map-0">
          <float_array id="Mesh_0396_rip-mesh-map-0-array" count="60">0.981712 0.01825797 0.981617 0.032983 0.946403 0.01825201 0.981617 0.032983 0.981712 0.01825797 0.981592 0.07472503 0.946403 0.01825201 0.981617 0.032983 0.946388 0.033104 0.981592 0.07472503 0.981712 0.01825797 0.981699 0.08869898 0.946392 0.07480502 0.946403 0.01825201 0.946388 0.033104 0.981699 0.08869898 0.946392 0.07480502 0.981592 0.07472503 0.946409 0.08869302 0.946403 0.01825201 0.946392 0.07480502 0.946409 0.08869302 0.946392 0.07480502 0.981699 0.08869898 0.981592 0.07472503 0.946392 0.07480502 0.981617 0.032983 0.981617 0.032983 0.946392 0.07480502 0.946388 0.033104</float_array>
          <technique_common>
            <accessor source="#Mesh_0396_rip-mesh-map-0-array" count="30" stride="2">
              <param name="S" type="float"/>
              <param name="T" type="float"/>
            </accessor>
          </technique_common>
        </source>
        <vertices id="Mesh_0396_rip-mesh-vertices">
          <input semantic="POSITION" source="#Mesh_0396_rip-mesh-positions"/>
        </vertices>
        <triangles material="mat0_002-material" count="10">
          <input semantic="VERTEX" source="#Mesh_0396_rip-mesh-vertices" offset="0"/>
          <input semantic="NORMAL" source="#Mesh_0396_rip-mesh-normals" offset="1"/>
          <input semantic="TEXCOORD" source="#Mesh_0396_rip-mesh-map-0" offset="2" set="0"/>
          <p>0 0 0 1 1 1 2 2 2 1 1 3 0 0 4 3 3 5 2 2 6 1 1 7 4 4 8 3 3 9 0 0 10 5 5 11 6 6 12 2 2 13 4 4 14 5 5 15 6 6 16 3 3 17 7 7 18 2 2 19 6 6 20 7 7 21 6 6 22 5 5 23 8 8 24 9 9 25 10 10 26 10 10 27 9 9 28 11 11 29</p>
        </triangles>
      </mesh>
    </geometry>
    <geometry id="Mesh_0395_rip-mesh" name="Mesh_0395.rip">
      <mesh>
        <source id="Mesh_0395_rip-mesh-positions">
          <float_array id="Mesh_0395_rip-mesh-positions-array" count="258">0.01672554 -0.01454508 0.08525729 0.03126865 -0.1414082 0.04537445 0.09122622 -0.1039679 0.09787905 0.01473391 -0.1255864 -0.001061081 0.09148436 -0.1593006 0.06628167 0.02594411 -0.006642043 0.01931923 0.1504002 -0.1455792 0.04591566 0.09201145 -0.2618954 0.0101003 0.03016674 0.03498011 0.08291733 0.09478396 -0.2592487 0.04499959 0.1638175 -0.01312875 0.08606851 0.03432947 0.04732632 -7.98717e-4 0.1679258 -0.1298335 -9.29414e-5 0.02958309 -0.008258998 -8.46714e-4 0.09170043 0.0773952 0.08656954 0.1610965 -0.004380464 0.03030306 0.08986431 -0.08731645 0.2937582 0.09228146 0.07372468 1.7978e-4 0.1525026 0.03580462 0.08442145 0.1694583 0.001072525 0.3382178 0.01774102 -0.001873135 0.3328099 0.1469312 0.04721713 0.001027524 0.1525026 0.03580462 0.08442145 0.03016674 0.03498011 0.08291733 0.151107 -0.008222997 0.001206278 0.09026503 0.08646237 0.2999777 0.09170043 0.0773952 0.08656954 0.0902878 0.05460309 0.5039965 0.1414865 -0.001292467 0.5020859 0.09162992 0.05055218 0.3008336 0.03832173 -0.001258015 0.50224 0.1353862 5.97051e-4 0.3009791 0.1610236 6.64646e-4 0.5936201 0.04867345 -0.011101 0.3009472 0.09182292 -0.04652941 0.3013118 0.08954799 0.0137453 0.5936172 0.0903809 -0.05582529 0.5039926 0.02277296 8.09912e-4 0.5936151 0.08955794 -0.01074779 0.5936179 0.08963495 0.04990512 0.673134 0.1192434 -0.04780209 0.6731947 0.05652648 -0.04640978 0.6731735 0.03866273 3.85124e-5 0.6729521 0.138026 4.05105e-5 0.6729571 0.05854338 -0.05094885 0.8337517 0.08895337 0.0498417 0.8337819 0.1369505 -0.001394689 0.8337923 0.117545 -0.04816919 0.8337542 0.03748989 -9.23707e-4 0.833792 0.13589 -4.5528e-4 0.9649437 0 -3.79155e-4 0.930854 0.06856298 -0.01915359 0.9353378 0.07494866 0.02070224 0.9350603 0.01473391 -0.1255864 -0.001061081 0.02594411 -0.006642043 0.01931923 0.1679258 -0.1298335 -9.29414e-5 0.09201145 -0.2618954 0.0101003 0.1610965 -0.004380464 0.03030306 0.1610965 -0.004380464 0.03030306 0.02594411 -0.006642043 0.01931923 0.151107 -0.008222997 0.001206278 0.02958309 -0.008258998 -8.46714e-4 0.09228146 0.07372468 1.7978e-4 0.02958309 -0.008258998 -8.46714e-4 0.03432947 0.04732632 -7.98717e-4 0.151107 -0.008222997 0.001206278 0.1469312 0.04721713 0.001027524 0.1353862 5.97051e-4 0.3009791 0.09182292 -0.04652941 0.3013118 0.1787806 0.005469858 0.3739284 0.0901522 0.09334534 0.3222085 0.1171768 -0.1040537 0.3214852 0.09162992 0.05055218 0.3008336 0.06296348 -0.1019456 0.3204115 0.04867345 -0.011101 0.3009472 0.004903554 -0.004258453 0.3760116 0.08986431 -0.08731645 0.2937582 0.1171768 -0.1040537 0.3214852 0.06296348 -0.1019456 0.3204115 0.1694583 0.001072525 0.3382178 0.1787806 0.005469858 0.3739284 0.0901522 0.09334534 0.3222085 0.09026503 0.08646237 0.2999777 0.01774102 -0.001873135 0.3328099 0.06296348 -0.1019456 0.3204115 0.004903554 -0.004258453 0.3760116</float_array>
          <technique_common>
            <accessor source="#Mesh_0395_rip-mesh-positions-array" count="86" stride="3">
              <param name="X" type="float"/>
              <param name="Y" type="float"/>
              <param name="Z" type="float"/>
            </accessor>
          </technique_common>
        </source>
        <source id="Mesh_0395_rip-mesh-normals">
          <float_array id="Mesh_0395_rip-mesh-normals-array" count="261">-0.9772409 -0.1190975 0.1755453 -0.73843 -0.3397221 0.5825033 -0.005272209 -0.7620756 0.6474666 -0.9763478 -0.1936989 0.09605175 -0.007078409 -0.3013179 0.9534975 -0.9837276 0.1306793 -0.1233003 0.7391297 -0.3288583 0.587826 0.01040798 -0.9752111 0.2210321 -0.8129888 0.582027 -0.01714742 -0.002364099 -0.5479326 0.8365191 0.972072 -0.1239638 0.1992715 -0.9039953 0.4201917 -0.07893955 0.9720672 -0.2031664 0.117511 -0.9794492 0.08379226 -0.1834622 0.004847407 0.9994907 0.03154265 0.9830694 0.1258473 -0.1331801 -0.003161668 -0.9981126 0.06133061 0.004854977 0.9994901 0.0315625 0.8024044 0.5967805 5.87322e-4 0.9914019 0.1305441 0.008982479 -0.9903849 0.1365053 0.02245163 0.8935741 0.4319424 -0.1222754 0.8617981 0.5071837 -0.008298993 -0.8612906 0.5080692 0.00665009 0.9406399 0.06977772 -0.332156 -0.01811122 0.999446 0.02792382 -0.01810967 0.9994457 0.02793574 -0.009237051 0.9947587 0.1018323 0.9929514 -0.008354187 -0.1182277 -0.02515137 0.9987396 -0.04343664 -0.9937195 -0.03761243 -0.1053892 0.9995968 -0.009334504 -0.02681642 0.9946042 0.09581303 0.03977859 -0.996815 -0.06718248 -0.04297059 0.03168076 -0.9989567 -0.032893 -0.005141317 0.9999867 4.60794e-4 0.007708132 -0.9914603 0.1301807 -0.9947127 0.101071 0.01820582 -0.009775161 -0.9949763 -0.09963369 0.005138993 0.9950749 -0.09899318 0.481222 -0.8629255 -0.1542238 -0.4884605 -0.855249 -0.1730767 -0.9732756 0.2085004 0.09624046 0.9708099 0.1923621 0.1432659 -0.4860355 -0.87179 0.06125068 -0.004010081 0.9983513 0.05725848 0.9830266 0.1833211 0.007227003 0.4798254 -0.8649737 0.1469287 -0.9624574 0.200155 -0.1833407 0.941502 0.1447852 0.3043211 -0.9864486 0.1618732 -0.02676379 -0.03621 -0.9484422 0.3148753 -0.04851102 0.9616451 0.2699732 0.02324944 0.06224924 -0.9977899 0.04199171 0.2025653 -0.9783681 0.02325928 0.06222563 -0.9977911 0.004101574 -0.07929933 -0.9968425 0.04195654 0.2025257 -0.9783778 0.003326416 -0.9939554 0.1097338 0.003322482 -0.9939582 0.1097092 0.003322243 -0.9939571 0.1097199 0.003323376 -0.9939563 0.1097272 0.0159927 -0.001209437 -0.9998714 0.01699262 -4.76514e-4 -0.9998555 0.01715612 -6.01591e-4 -0.9998527 0.01573526 -0.001229286 -0.9998754 0.01447671 -0.002132952 -0.999893 -0.8309155 0.1015277 0.5470573 -0.02451449 0.4609773 0.8870733 -0.7671791 0.06012976 0.6386083 0.02419948 -0.620673 0.7836961 -0.3459363 0.1710558 0.9225335 0.02420151 -0.6206691 0.7836991 0.339395 0.1436491 0.9296107 0.8290127 0.2101765 0.5182315 0.7702134 0.1078088 0.6286086 -0.01243972 -0.6902379 -0.7234756 0.4435696 -0.6779072 -0.5862491 -0.4685168 -0.6623809 -0.5845884 0.8854165 0.1690376 -0.432971 0.8854346 0.1690313 -0.4329367 -0.02713751 0.9386839 -0.3437095 -0.02713203 0.9386792 -0.3437224 -0.8985241 0.1607614 -0.4084243 -0.4685419 -0.6623501 -0.5846031 -0.01245081 -0.6902551 -0.7234591 -0.8985123 0.1607742 -0.4084451</float_array>
          <technique_common>
            <accessor source="#Mesh_0395_rip-mesh-normals-array" count="87" stride="3">
              <param name="X" type="float"/>
              <param name="Y" type="float"/>
              <param name="Z" type="float"/>
            </accessor>
          </technique_common>
        </source>
        <source id="Mesh_0395_rip-mesh-map-0">
          <float_array id="Mesh_0395_rip-mesh-map-0-array" count="618">0.3314291 0.087022 0.209517 0.03853297 0.239062 0.108906 0.3314291 0.087022 0.224387 0.00861901 0.209517 0.03853297 0.239062 0.108906 0.209517 0.03853297 0.180711 0.06732797 0.3314291 0.02703499 0.224387 0.00861901 0.3314291 0.087022 0.209517 0.03853297 0.239062 0.108906 0.180711 0.06732797 0.112677 0.00861901 0.209517 0.03853297 0.224387 0.00861901 0.3702663 0.08271086 0.3314291 0.02703499 0.3314291 0.087022 0.118487 0.028629 0.112677 0.00861901 0.209517 0.03853297 0.180711 0.06732797 0.118487 0.028629 0.209517 0.03853297 0.118487 0.028629 0.209517 0.03853297 0.112677 0.00861901 0.3314291 0.087022 0.239062 0.108906 0.209517 0.03853297 0.3794671 0.00861901 0.3314291 0.02703499 0.3702663 0.08271086 0.118487 0.028629 0.180711 0.06732797 0.209517 0.03853297 0.3314291 0.087022 0.209517 0.03853297 0.224388 0.00861901 0.209517 0.03853297 0.112677 0.00861901 0.224388 0.00861901 0.3794671 0.00861901 0.3314291 0.00861901 0.3314291 0.02703499 0.3702663 0.08271086 0.4306581 0.08230388 0.3794671 0.00861901 0.3314291 0.087022 0.224388 0.00861901 0.3314291 0.02703499 0.3314291 0.087022 0.240388 0.265835 0.239062 0.108906 0.240388 0.265835 0.3314291 0.087022 0.239062 0.108906 0.3794671 0.00861901 0.4306581 0.08230388 0.4306581 0.00861901 0.3314291 0.02703499 0.3703991 0.08164173 0.3314291 0.087022 0.3428021 0.303875 0.240388 0.265835 0.3314291 0.087022 0.3428021 0.303875 0.3314291 0.087022 0.240388 0.265835 0.3703991 0.08164173 0.3794671 0.00861901 0.4306581 0.08230388 0.3794671 0.00861901 0.3703991 0.08164173 0.3314291 0.02703499 0.4306581 0.08230388 0.3794671 0.00861901 0.4306581 0.00861901 0.3314291 0.087022 0.3703991 0.08164173 0.3428021 0.303875 0.3702663 0.08271086 0.3314291 0.087022 0.3428021 0.303875 0.3794671 0.00861901 0.3314291 0.02703499 0.3314291 0.00861901 0.3428021 0.303875 0.3703991 0.08164173 0.4306581 0.264327 0.4306581 0.264327 0.3702663 0.08271086 0.3428021 0.303875 0.4306581 0.264327 0.3703991 0.08164173 0.4306581 0.08230388 0.4306581 0.08230388 0.3702663 0.08271086 0.4306581 0.264327 0.759129 0.232051 0.812291 0.232051 0.759129 0.404648 0.759129 0.232051 0.759129 0.404648 0.700562 0.232051 0.759129 0.404648 0.812291 0.232051 0.812291 0.404648 0.759129 0.232051 0.812291 0.1789979 0.812291 0.232051 0.700562 0.232051 0.759129 0.404648 0.700562 0.404648 0.812291 0.404648 0.812291 0.232051 0.759129 0.404648 0.752832 0.1789979 0.812291 0.1789979 0.759129 0.232051 0.700562 0.404648 0.759129 0.232051 0.700562 0.232051 0.759129 0.404648 0.812291 0.232051 0.759129 0.232051 0.759129 0.232051 0.812291 0.232051 0.812291 0.1789979 0.759129 0.404648 0.759129 0.232051 0.700562 0.404648 0.752832 0.1789979 0.759129 0.232051 0.700562 0.1789979 0.700562 0.1789979 0.700562 0.232051 0.759129 0.232051 0.700562 0.1789979 0.759129 0.232051 0.700562 0.232051 0.759129 0.232051 0.812291 0.1789979 0.753706 0.1789979 0.700562 0.1789979 0.759129 0.232051 0.753706 0.1789979 0.752832 0.1789979 0.756306 0.232051 0.812291 0.1789979 0.752832 0.1789979 0.700562 0.1789979 0.756306 0.232051 0.753706 0.1789979 0.812291 0.1789979 0.777486 0.232051 0.753706 0.1789979 0.735127 0.232051 0.700562 0.1789979 0.777486 0.232051 0.735127 0.232051 0.753706 0.1789979 0.756306 0.232051 0.700562 0.1789979 0.700562 0.232051 0.700562 0.1789979 0.735127 0.232051 0.700562 0.232051 0.777486 0.232051 0.812291 0.1789979 0.812291 0.232051 0.812291 0.1789979 0.756306 0.232051 0.812291 0.232051 0.777486 0.232051 0.735127 0.362373 0.735127 0.232051 0.756306 0.232051 0.700562 0.232051 0.756306 0.362373 0.812291 0.232051 0.812291 0.362373 0.777486 0.232051 0.812291 0.232051 0.756306 0.232051 0.812291 0.362373 0.812291 0.362373 0.756306 0.232051 0.756306 0.362373 0.777486 0.362373 0.735127 0.362373 0.777486 0.232051 0.700562 0.232051 0.735127 0.232051 0.700562 0.3623721 0.777486 0.232051 0.812291 0.362373 0.777486 0.362373 0.756306 0.362373 0.700562 0.232051 0.700562 0.3623721 0.700562 0.3623721 0.735127 0.232051 0.735127 0.362373 0.812291 0.362373 0.812291 0.491398 0.777486 0.362373 0.812291 0.491398 0.812291 0.362373 0.756306 0.362373 0.700639 0.44647 0.756306 0.362373 0.700562 0.3623721 0.735127 0.362373 0.700639 0.44647 0.700562 0.3623721 0.777486 0.362373 0.812291 0.491398 0.753979 0.456199 0.777486 0.362373 0.753979 0.456199 0.735127 0.362373 0.756306 0.362373 0.753979 0.456199 0.812291 0.491398 0.756306 0.362373 0.700639 0.44647 0.753979 0.456199 0.59474 0.3433524 0.568286 0.3435054 0.594165 0.3137354 0.627172 0.3280124 0.59474 0.3433524 0.594165 0.3137354 0.594165 0.3137354 0.568286 0.3435054 0.567524 0.3140824 0.567524 0.3140824 0.568286 0.3435054 0.562702 0.3155664 0.562702 0.3155664 0.568286 0.3435054 0.56355 0.3428884 0.546172 0.3297534 0.56355 0.3428884 0.553367 0.3425734 0.56355 0.3428884 0.546172 0.3297534 0.562702 0.3155664 0.562702 0.3155664 0.546172 0.3297534 0.551346 0.3182984 0.3424171 0.301954 0.271839 0.278552 0.3459251 0.338957 0.4397041 0.294523 0.3424171 0.301954 0.3459251 0.338957 0.3459251 0.338957 0.271839 0.278552 0.254734 0.305287 0.420369 0.26949 0.3424171 0.301954 0.4397041 0.294523 0.254734 0.305287 0.271839 0.278552 0.23738 0.299675 0.420369 0.26949 0.4397041 0.294523 0.3424171 0.301954 0.3424171 0.301954 0.3447191 0.338992 0.271839 0.278552 0.271839 0.278552 0.3447191 0.338992 0.23738 0.299675 0.3424171 0.301954 0.4397041 0.294523 0.3447191 0.338992 0.240388 0.265835 0.248523 0.3030501 0.224393 0.3030501 0.240388 0.265835 0.3428021 0.303875 0.248523 0.3030501 0.248523 0.3030501 0.3428021 0.303875 0.3462751 0.3384 0.3462751 0.3384 0.3428021 0.303875 0.4480761 0.290188 0.4480761 0.290188 0.3428021 0.303875 0.4306581 0.264327 0.4306581 0.264327 0.3428021 0.303875 0.4480761 0.290188 0.248523 0.3030501 0.3428021 0.303875 0.240388 0.265835 0.4480761 0.290188 0.3428021 0.303875 0.3462751 0.3384 0.3462751 0.3384 0.3428021 0.303875 0.248523 0.3030501</float_array>
          <technique_common>
            <accessor source="#Mesh_0395_rip-mesh-map-0-array" count="309" stride="2">
              <param name="S" type="float"/>
              <param name="T" type="float"/>
            </accessor>
          </technique_common>
        </source>
        <vertices id="Mesh_0395_rip-mesh-vertices">
          <input semantic="POSITION" source="#Mesh_0395_rip-mesh-positions"/>
        </vertices>
        <triangles material="mat0_001-material" count="103">
          <input semantic="VERTEX" source="#Mesh_0395_rip-mesh-vertices" offset="0"/>
          <input semantic="NORMAL" source="#Mesh_0395_rip-mesh-normals" offset="1"/>
          <input semantic="TEXCOORD" source="#Mesh_0395_rip-mesh-map-0" offset="2" set="0"/>
          <p>0 0 0 1 1 1 2 2 2 0 0 3 3 3 4 1 1 5 2 2 6 1 1 7 4 4 8 5 5 9 3 3 10 0 0 11 6 6 12 2 2 13 4 4 14 7 7 15 1 1 16 3 3 17 8 8 18 5 5 19 0 0 20 9 9 21 7 7 22 6 6 23 4 4 24 9 9 25 6 6 26 9 9 27 1 1 28 7 7 29 10 10 30 2 2 31 6 6 32 11 11 33 5 5 34 8 8 35 9 9 36 4 4 37 1 1 38 10 10 39 6 6 40 12 12 41 6 6 42 7 7 43 12 12 44 11 11 45 13 13 46 5 5 47 8 8 48 14 14 49 11 11 50 10 10 51 12 12 52 15 15 53 10 10 54 16 16 55 2 2 56 16 16 57 0 0 58 2 2 59 11 11 60 14 14 61 17 17 62 15 15 63 18 18 64 10 10 65 19 19 66 16 16 67 10 10 68 20 20 69 0 0 70 16 16 71 18 18 72 21 21 73 14 14 74 21 21 75 18 18 76 15 15 77 14 14 78 21 21 79 17 17 80 10 10 81 22 22 82 19 19 83 23 23 84 0 0 85 20 20 86 21 21 87 15 15 88 24 24 89 19 19 90 22 22 91 25 25 92 25 25 93 23 23 94 20 20 95 25 25 96 22 22 97 26 26 98 26 26 99 23 23 100 25 25 101 27 27 102 28 28 103 29 29 104 27 27 105 29 29 106 30 30 107 29 29 108 28 28 109 31 31 110 27 27 111 32 32 112 28 28 113 30 30 114 29 29 115 33 33 116 31 31 117 28 28 118 34 34 119 35 35 120 32 32 121 27 27 122 33 33 123 36 36 124 30 30 125 34 34 126 28 28 127 36 36 128 36 36 129 28 28 130 32 32 131 34 34 132 36 36 133 33 33 134 35 35 135 27 27 136 37 37 137 37 37 138 30 30 139 36 36 140 37 37 141 27 27 142 30 30 143 36 36 144 32 32 145 38 38 146 37 37 147 36 36 148 38 38 149 35 35 150 39 39 151 32 32 152 35 35 153 37 37 154 39 39 155 38 38 156 32 32 157 40 40 158 38 38 159 41 41 160 37 37 161 40 40 162 41 41 163 38 38 164 39 39 165 37 37 166 42 42 167 37 37 168 41 41 169 42 42 170 40 40 171 32 32 172 43 43 173 32 32 174 39 39 175 43 43 176 40 40 177 44 44 178 41 41 179 39 39 180 42 42 181 45 45 182 43 43 183 46 46 184 40 40 185 43 43 186 39 39 187 46 46 188 46 46 189 39 39 190 45 45 191 47 47 192 44 44 193 40 40 194 42 42 195 41 41 196 48 48 197 40 40 198 46 46 199 47 47 200 45 45 201 42 42 202 48 48 203 48 48 204 41 41 205 44 44 206 46 46 207 49 49 208 47 47 209 49 49 210 46 46 211 45 45 212 50 50 213 45 45 214 48 48 215 44 44 216 50 50 217 48 48 218 47 47 219 49 49 220 51 51 221 47 47 222 51 51 223 44 44 224 45 45 225 52 52 226 49 49 227 45 45 228 50 50 229 52 52 230 53 53 231 54 54 232 55 55 233 56 56 234 53 53 235 55 55 236 55 55 237 54 54 238 57 57 239 58 58 240 59 59 241 60 60 242 60 60 243 59 59 244 61 61 245 62 62 246 63 63 247 64 64 248 63 63 249 62 62 250 65 65 251 65 65 252 62 62 253 66 66 254 67 67 255 68 68 256 69 69 257 70 70 258 67 67 259 69 69 260 69 69 261 68 68 262 71 71 263 72 72 264 67 67 265 70 70 266 71 71 267 68 68 268 73 73 269 72 72 270 70 70 271 74 74 272 74 74 273 75 75 274 68 68 275 68 68 276 75 75 277 73 73 278 74 74 279 70 70 280 75 75 281 76 76 282 77 77 283 78 78 284 76 76 285 79 79 286 77 77 287 77 77 288 79 79 289 80 80 290 80 80 291 79 79 292 81 81 293 81 81 294 79 79 295 82 82 296 82 82 297 83 83 298 81 81 299 84 84 300 83 83 301 76 85 302 81 81 303 83 83 304 85 86 305 85 86 306 83 83 307 84 84 308</p>
        </triangles>
      </mesh>
    </geometry>
    <geometry id="Mesh_0394_rip-mesh" name="Mesh_0394.rip">
      <mesh>
        <source id="Mesh_0394_rip-mesh-positions">
          <float_array id="Mesh_0394_rip-mesh-positions-array" count="330">-0.1754685 0.08327102 1.861123 -0.1729694 0.09851682 2.038889 -0.1276793 0.167904 1.867486 -0.1377822 -0.002881646 2.051279 -0.1332952 0.1684372 2.036455 -0.1420422 -0.04404085 1.875834 -0.03840696 0.06223052 2.071339 0.08613866 0.03476011 2.097949 0.08423745 0.1190767 2.08851 0.160091 0.1245977 1.924466 0.03618556 0.1804903 2.073894 0.161126 -0.008566021 1.928526 0.08017277 0.2030673 1.906468 -0.05123466 0.2032409 2.045633 0.03618556 0.1804903 2.073894 0.08017277 0.2030673 1.906468 -0.1332952 0.1684372 2.036455 -0.02817422 0.2292319 1.874151 -0.1276793 0.167904 1.867486 -0.1377822 -0.002881646 2.051279 -0.07894927 -0.08856827 2.070588 -0.1420422 -0.04404085 1.875834 -0.01563221 -0.1109 2.089257 -0.0581004 -0.1406683 1.904041 0.02776783 -0.1524989 1.917457 -0.01563221 -0.1109 2.089257 0.03722769 -0.06632214 2.097281 0.08613866 0.03476011 2.097949 0.09970438 -0.11171 1.930587 0.161126 -0.008566021 1.928526 0.02776783 -0.1524989 1.917457 -0.05982047 0.3783117 1.896328 -0.02817422 0.2292319 1.874151 0.1003176 0.3729277 1.939287 -0.1952236 0.3253884 1.879571 0.08017277 0.2030673 1.906468 -0.1276793 0.167904 1.867486 -0.2887975 0.2190389 1.895154 0.02776783 -0.1524989 1.917457 -0.01169413 -0.3119812 1.949011 0.07357907 -0.2934485 1.965261 -0.1214002 -0.2396132 1.932843 -0.0581004 -0.1406683 1.904041 -0.2559299 -0.09129595 1.922021 -0.1420422 -0.04404085 1.875834 0.09970438 -0.11171 1.930587 0.02776783 -0.1524989 1.917457 0.1638019 -0.185301 2.004617 0.161126 -0.008566021 1.928526 0.07357907 -0.2934485 1.965261 0.2474079 -0.02885413 2.031499 0.161126 -0.008566021 1.928526 0.2474079 -0.02885413 2.031499 0.160091 0.1245977 1.924466 0.293066 0.1473906 2.044272 0.2081054 0.2962779 1.998438 0.08017277 0.2030673 1.906468 0.1003176 0.3729277 1.939287 -0.3325262 0.0917713 1.915427 -0.1754685 0.08327102 1.861123 -0.2887975 0.2190389 1.895154 -0.2559299 -0.09129595 1.922021 -0.1276793 0.167904 1.867486 -0.1420422 -0.04404085 1.875834 0.2178111 0.1638588 1.929696 0.1492723 0.06067156 1.909102 0.09696125 0.1728639 1.891296 0.1962895 -0.03152 1.932316 0.09831923 0.2506332 1.892362 0.1330201 -0.03691822 1.907727 0.2474079 -0.02885413 2.031499 0.2081054 0.2962779 1.998438 0.293066 0.1473906 2.044272 0.1003176 0.3729277 1.939287 -0.1214002 -0.2396132 1.932843 -0.2559299 -0.09129595 1.922021 -0.104549 -0.15753 1.883221 -0.01169413 -0.3119812 1.949011 -0.1890415 -0.06291103 1.861586 0.001865208 -0.1440855 1.8985 -0.138931 -0.03815782 1.859608 0.07357907 -0.2934485 1.965261 -0.06789195 -0.1165587 1.883897 -0.194779 0.2067047 1.838006 -0.02817177 0.2783179 1.854565 -0.1117511 0.1661133 1.8479 -0.1952236 0.3253884 1.879571 -0.001635134 0.2050469 1.863277 -0.2887975 0.2190389 1.895154 -0.05982047 0.3783117 1.896328 0.09831923 0.2506332 1.892362 0.1003176 0.3729277 1.939287 0.09696125 0.1728639 1.891296 -0.1890415 -0.06291103 1.861586 -0.2559299 -0.09129595 1.922021 -0.2378304 0.07095932 1.847445 -0.1606056 0.076958 1.846277 -0.3325262 0.0917713 1.915427 -0.138931 -0.03815782 1.859608 -0.2887975 0.2190389 1.895154 -0.194779 0.2067047 1.838006 -0.1117511 0.1661133 1.8479 0.1369869 -0.1512644 1.933623 0.1962895 -0.03152 1.932316 0.1638019 -0.185301 2.004617 0.1330201 -0.03691822 1.907727 0.2474079 -0.02885413 2.031499 0.08076661 -0.1113582 1.907948 0.07357907 -0.2934485 1.965261 0.001865208 -0.1440855 1.8985</float_array>
          <technique_common>
            <accessor source="#Mesh_0394_rip-mesh-positions-array" count="110" stride="3">
              <param name="X" type="float"/>
              <param name="Y" type="float"/>
              <param name="Z" type="float"/>
            </accessor>
          </technique_common>
        </source>
        <source id="Mesh_0394_rip-mesh-normals">
          <float_array id="Mesh_0394_rip-mesh-normals-array" count="342">-0.9931194 0.1157451 0.01780891 -0.7441332 0.132089 0.6548421 -0.6975875 0.7164969 -0.00198692 -0.6985883 -0.2439014 0.6726711 -0.5549531 0.5451411 0.6283697 -0.8915532 -0.4429683 0.09440302 -0.21274 0.09770143 0.9722121 0.4280247 -0.06342458 0.9015388 0.395962 0.2986516 0.868344 -0.2127408 0.09767389 0.9722146 0.842935 0.3833909 0.3774547 0.1317614 0.612177 0.7796655 0.8779877 -0.1996399 0.435065 0.4463815 0.8598413 0.2478237 -0.2337216 0.6930183 0.6819824 -0.212737 0.09766215 0.9722166 0.1317585 0.6121779 0.7796653 0.4464141 0.8598271 0.2478147 -0.5549586 0.5451451 0.6283612 -0.15008 0.9828283 0.1073535 -0.6976032 0.7164816 -0.001981735 -0.6986022 -0.2438945 0.6726592 -0.5026378 -0.4565727 0.7340959 -0.2127517 0.09765493 0.9722141 -0.8915514 -0.4429745 0.09439241 -0.08259344 -0.5365592 0.839811 -0.5588347 -0.8102864 0.1764645 0.1216418 -0.9435372 0.3081248 -0.2127543 0.0976876 0.9722102 -0.08256459 -0.5365678 0.8398085 0.2857589 -0.3463571 0.8935204 0.428018 -0.06339752 0.9015439 0.6591836 -0.6309151 0.409174 0.8779783 -0.1996669 0.4350717 0.1216126 -0.9435405 0.3081263 -0.1631033 -0.1493291 0.9752427 -0.1631042 -0.1493363 0.9752414 -0.4123914 -0.1374408 0.9005794 0.06513911 -0.06390666 0.9958277 -0.4663851 -0.1545703 0.8709725 0.1248322 -0.05641674 0.9905726 0.2053038 -0.02224081 0.9784456 -0.2577343 0.2435705 0.9350116 -0.1378179 0.2445318 0.9597971 -0.362006 0.2394353 0.9009009 0.05860131 0.2688226 0.9614055 0.05860638 0.2688106 0.9614085 0.2403767 0.235633 0.9416455 0.2403777 0.2356202 0.9416485 -0.5689996 0.2637221 0.7789033 -0.2577779 0.2435736 0.9349986 -0.5690096 0.2637359 0.7788912 -0.6825479 0.1893725 0.7058799 -0.3619946 0.2394463 0.9009026 -0.6825525 0.1893443 0.7058832 -0.6825649 0.1893345 0.7058736 -0.6825459 0.1893679 0.705883 -0.6477006 -0.05260777 0.7600767 -0.6477115 -0.05259352 0.7600682 -0.5506544 -0.1431964 0.8223592 -0.4664034 -0.1545751 0.8709619 -0.4123827 -0.1374405 0.9005836 0.2829304 0.06865853 0.9566799 0.2829327 0.0686621 0.956679 0.205316 -0.02224206 0.978443 0.2403853 0.2356336 0.9416431 0.1248516 -0.05643832 0.990569 0.2403849 0.2356313 0.9416438 0.5705239 0.08477503 -0.816894 0.3317078 -0.03048771 -0.9428895 0.2952467 -0.001513123 -0.9554198 0.628822 -0.2049379 -0.7500557 0.3716721 0.1924383 -0.9082001 0.34694 -0.1243495 -0.9296073 0.8372486 -0.2615771 -0.4802002 0.7026716 0.3392298 -0.6254405 0.8534486 0.08949261 -0.5134361 0.4356021 0.3754758 -0.8180884 -0.300252 -0.4783728 -0.8252323 -0.5021139 -0.3801761 -0.7767547 -0.082834 -0.3594897 -0.9294652 0.07537049 -0.3561459 -0.9313857 -0.2349873 -0.2723029 -0.9330767 0.2119964 -0.2885725 -0.9336935 0.0552687 -0.1361702 -0.9891426 0.427302 -0.3668577 -0.8263342 0.1395258 -0.2153592 -0.966516 -0.1860123 0.1344304 -0.9733077 0.1698527 0.1800456 -0.9688827 0.08628296 -0.04490184 -0.9952583 -0.2616587 0.3286023 -0.9074995 0.2053954 -0.0197407 -0.9784801 -0.5077142 0.1882002 -0.8407183 0.1267523 0.3745906 -0.9184857 0.3716725 0.1924402 -0.9081995 0.4355982 0.3754817 -0.8180878 0.2952342 -0.00151354 -0.9554237 -0.2349916 -0.2722859 -0.9330806 -0.5021106 -0.3801833 -0.7767533 -0.2880704 -0.09567785 -0.9528176 0.0224359 -0.08076155 -0.996481 -0.5749105 -0.1011831 -0.811936 0.05527007 -0.1361832 -0.9891408 -0.5077266 0.1881769 -0.840716 -0.1860128 0.1344533 -0.9733045 0.08625167 -0.04491788 -0.9952603 0.5657888 -0.3532155 -0.7450651 0.6288281 -0.2049568 -0.7500454 0.7810931 -0.4120525 -0.4691551 0.346946 -0.1243175 -0.9296094 0.8372496 -0.2615631 -0.4802061 0.2787743 -0.2497218 -0.9273208 0.4273288 -0.3668736 -0.8263135 0.2119998 -0.2885753 -0.9336918</float_array>
          <technique_common>
            <accessor source="#Mesh_0394_rip-mesh-normals-array" count="114" stride="3">
              <param name="X" type="float"/>
              <param name="Y" type="float"/>
              <param name="Z" type="float"/>
            </accessor>
          </technique_common>
        </source>
        <source id="Mesh_0394_rip-mesh-map-0">
          <float_array id="Mesh_0394_rip-mesh-map-0-array" count="564">0.517008 0.883336 0.518433 0.765965 0.592015 0.883336 0.517008 0.883336 0.467995 0.765965 0.518433 0.765965 0.592015 0.883336 0.518433 0.765965 0.576656 0.765965 0.448199 0.883336 0.467995 0.765965 0.517008 0.883336 0.518433 0.765965 0.519429 0.687675 0.576656 0.765965 0.519429 0.687675 0.518433 0.765965 0.467995 0.765965 0.576665 0.765965 0.518433 0.765965 0.519429 0.687675 0.576665 0.765965 0.517008 0.883336 0.518433 0.765965 0.519429 0.687675 0.518433 0.765965 0.467995 0.765965 0.592015 0.883336 0.517008 0.883336 0.576665 0.765965 0.517008 0.883336 0.448199 0.883336 0.518433 0.765965 0.518433 0.765965 0.448199 0.883336 0.467995 0.765965 0.518433 0.765965 0.519429 0.687675 0.576669 0.765965 0.576669 0.765965 0.592015 0.883336 0.518433 0.765965 0.467994 0.765965 0.519429 0.687675 0.518433 0.765965 0.518433 0.765965 0.592015 0.883336 0.517008 0.883336 0.467994 0.765965 0.518433 0.765965 0.448199 0.883336 0.448199 0.883336 0.518433 0.765965 0.517008 0.883336 0.576646 0.765965 0.518433 0.765965 0.519429 0.687675 0.592015 0.883336 0.518433 0.765965 0.576646 0.765965 0.519429 0.687675 0.518433 0.765965 0.467995 0.765965 0.517008 0.883336 0.518433 0.765965 0.592015 0.883336 0.518433 0.765965 0.517008 0.883336 0.467995 0.765965 0.467995 0.765965 0.517008 0.883336 0.448199 0.883336 0.519429 0.687675 0.576636 0.765965 0.518433 0.765965 0.518433 0.765965 0.467995 0.765965 0.519429 0.687675 0.576636 0.765965 0.517008 0.883336 0.518433 0.765965 0.518433 0.765965 0.448199 0.883336 0.467995 0.765965 0.517008 0.883336 0.448199 0.883336 0.518433 0.765965 0.592015 0.883336 0.517008 0.883336 0.576636 0.765965 0.51943 0.987408 0.517008 0.883336 0.624073 0.975826 0.428144 0.980505 0.517008 0.883336 0.51943 0.987408 0.624073 0.975826 0.517008 0.883336 0.592015 0.883336 0.448199 0.883336 0.517008 0.883336 0.428144 0.980505 0.428144 0.980505 0.355495 0.949391 0.448199 0.883336 0.448199 0.883336 0.428144 0.980505 0.356156 0.948833 0.428144 0.980505 0.448199 0.883336 0.51943 0.987408 0.51943 0.987408 0.448199 0.883336 0.517008 0.883336 0.51943 0.987408 0.517008 0.883336 0.624073 0.975826 0.624073 0.975826 0.517008 0.883336 0.592015 0.883336 0.517008 0.883336 0.592015 0.883336 0.51943 0.987408 0.517008 0.883336 0.51943 0.987408 0.448199 0.883336 0.51943 0.987408 0.592015 0.883336 0.624073 0.975826 0.448199 0.883336 0.51943 0.987408 0.428144 0.980505 0.592015 0.883336 0.624073 0.975826 0.517008 0.883336 0.517008 0.883336 0.624073 0.975826 0.51943 0.987408 0.51943 0.987408 0.428145 0.980505 0.517008 0.883336 0.517008 0.883336 0.428145 0.980505 0.448199 0.883336 0.448199 0.883336 0.428145 0.980505 0.355495 0.949391 0.56075 0.987408 0.517008 0.883336 0.624073 0.975826 0.56075 0.987408 0.428144 0.980505 0.517008 0.883336 0.624073 0.975826 0.517008 0.883336 0.592015 0.883336 0.517008 0.883336 0.428144 0.980505 0.448199 0.883336 0.502132 0.910718 0.559064 0.884081 0.472996 0.884268 0.502132 0.910718 0.607179 0.906475 0.559064 0.884081 0.502132 0.910718 0.472996 0.884268 0.423528 0.903312 0.559064 0.884081 0.607179 0.906475 0.605814 0.885116 0.502132 0.910718 0.622534 0.974764 0.607179 0.906475 0.502132 0.910718 0.423528 0.903312 0.429197 0.978912 0.522201 0.988455 0.622534 0.974764 0.502132 0.910718 0.429197 0.978912 0.522201 0.988455 0.502132 0.910718 0.429197 0.978912 0.423528 0.903312 0.355983 0.949925 0.507601 0.989745 0.623534 0.975178 0.530747 0.930393 0.530747 0.930393 0.429197 0.978913 0.507601 0.989745 0.530747 0.930393 0.623534 0.975178 0.610016 0.924185 0.429197 0.978913 0.530747 0.930393 0.473029 0.884396 0.610016 0.924185 0.608033 0.884281 0.530747 0.930393 0.473029 0.884396 0.356412 0.950964 0.429197 0.978913 0.530747 0.930393 0.608033 0.884281 0.539508 0.886263 0.473029 0.884396 0.530747 0.930393 0.539508 0.886263 0.426937 0.904328 0.533612 0.917253 0.472983 0.884302 0.426937 0.904328 0.429201 0.97892 0.533612 0.917253 0.472983 0.884302 0.533612 0.917253 0.539718 0.885355 0.426937 0.904328 0.355852 0.950016 0.429201 0.97892 0.533612 0.917253 0.429201 0.97892 0.521562 0.987538 0.533612 0.917253 0.603783 0.906278 0.539718 0.885355 0.623509 0.9742 0.533612 0.917253 0.521562 0.987538 0.603783 0.906278 0.533612 0.917253 0.623509 0.9742 0.539718 0.885355 0.603783 0.906278 0.606463 0.885507 0.443143 0.92731 0.429186 0.978928 0.530556 0.930351 0.539334 0.88628 0.443143 0.92731 0.530556 0.930351 0.530556 0.930351 0.429186 0.978928 0.544841 0.988476 0.473021 0.884403 0.443143 0.92731 0.539334 0.88628 0.544841 0.988476 0.622733 0.975656 0.530556 0.930351 0.606703 0.906332 0.539334 0.88628 0.530556 0.930351 0.530556 0.930351 0.622733 0.975656 0.606703 0.906332 0.607266 0.885045 0.539334 0.88628 0.606703 0.906332 0.530649 0.930447 0.458779 0.912519 0.524123 0.98759 0.458779 0.912519 0.530649 0.930447 0.473027 0.884403 0.524123 0.98759 0.458779 0.912519 0.42918 0.978924 0.473027 0.884403 0.530649 0.930447 0.520154 0.886149 0.524123 0.98759 0.623399 0.975511 0.530649 0.930447 0.520154 0.886149 0.530649 0.930447 0.608207 0.885841 0.608207 0.885841 0.530649 0.930447 0.623399 0.975511</float_array>
          <technique_common>
            <accessor source="#Mesh_0394_rip-mesh-map-0-array" count="282" stride="2">
              <param name="S" type="float"/>
              <param name="T" type="float"/>
            </accessor>
          </technique_common>
        </source>
        <vertices id="Mesh_0394_rip-mesh-vertices">
          <input semantic="POSITION" source="#Mesh_0394_rip-mesh-positions"/>
        </vertices>
        <triangles material="mat0-material" count="94">
          <input semantic="VERTEX" source="#Mesh_0394_rip-mesh-vertices" offset="0"/>
          <input semantic="NORMAL" source="#Mesh_0394_rip-mesh-normals" offset="1"/>
          <input semantic="TEXCOORD" source="#Mesh_0394_rip-mesh-map-0" offset="2" set="0"/>
          <p>0 0 0 1 1 1 2 2 2 0 0 3 3 3 4 1 1 5 2 2 6 1 1 7 4 4 8 5 5 9 3 3 10 0 0 11 1 1 12 6 6 13 4 4 14 6 6 15 1 1 16 3 3 17 7 7 18 8 8 19 6 9 20 7 7 21 9 10 22 8 8 23 6 9 24 8 8 25 10 11 26 11 12 27 9 10 28 7 7 29 9 10 30 12 13 31 8 8 32 8 8 33 12 13 34 10 11 35 13 14 36 6 15 37 14 16 38 14 16 39 15 17 40 13 14 41 16 18 42 6 15 43 13 14 44 13 14 45 15 17 46 17 19 47 16 18 48 13 14 49 18 20 50 18 20 51 13 14 52 17 19 53 19 21 54 20 22 55 6 23 56 21 24 57 20 22 58 19 21 59 6 23 60 20 22 61 22 25 62 23 26 63 20 22 64 21 24 65 20 22 66 23 26 67 22 25 68 22 25 69 23 26 70 24 27 71 6 28 72 25 29 73 26 30 74 26 30 75 27 31 76 6 28 77 25 29 78 28 32 79 26 30 80 26 30 81 29 33 82 27 31 83 28 32 84 29 33 85 26 30 86 30 34 87 28 32 88 25 29 89 31 35 90 32 36 91 33 37 92 34 38 93 32 36 94 31 35 95 33 37 96 32 36 97 35 39 98 36 40 99 32 36 100 34 38 101 34 38 102 37 41 103 36 40 104 38 42 105 39 43 106 40 44 107 39 43 108 38 42 109 41 45 110 41 45 111 38 42 112 42 46 113 41 45 114 42 46 115 43 47 116 43 47 117 42 46 118 44 48 119 45 49 120 46 50 121 47 51 122 45 49 123 47 51 124 48 52 125 47 51 126 46 50 127 49 53 128 48 52 129 47 51 130 50 54 131 51 55 132 52 56 133 53 57 134 53 57 135 52 56 136 54 58 137 54 58 138 55 59 139 53 57 140 53 57 141 55 59 142 56 60 143 56 60 144 55 59 145 57 61 146 58 62 147 59 63 148 60 64 149 58 62 150 61 65 151 59 63 152 60 64 153 59 63 154 62 66 155 59 63 156 61 65 157 63 67 158 64 68 159 65 69 160 66 70 161 64 68 162 67 71 163 65 69 164 64 68 165 66 70 166 68 72 167 65 69 168 67 71 169 69 73 170 64 68 171 70 74 172 67 71 173 64 68 174 68 72 175 71 75 176 72 76 177 70 74 178 64 68 179 71 75 180 72 76 181 64 68 182 71 75 183 68 72 184 73 77 185 74 78 186 75 79 187 76 80 188 76 80 189 77 81 190 74 78 191 76 80 192 75 79 193 78 82 194 77 81 195 76 80 196 79 83 197 78 82 198 80 84 199 76 80 200 79 83 201 81 85 202 77 81 203 76 80 204 80 84 205 82 86 206 79 83 207 76 80 208 82 86 209 83 87 210 84 88 211 85 89 212 83 87 213 86 90 214 84 88 215 85 89 216 84 88 217 87 91 218 83 87 219 88 92 220 86 90 221 84 88 222 86 90 223 89 93 224 84 88 225 90 94 226 87 91 227 91 95 228 84 88 229 89 93 230 90 94 231 84 88 232 91 95 233 87 91 234 90 94 235 92 96 236 93 97 237 94 98 238 95 99 239 96 100 240 93 97 241 95 99 242 95 99 243 94 98 244 97 101 245 98 102 246 93 97 247 96 100 248 97 101 249 99 103 250 95 99 251 100 104 252 96 100 253 95 99 254 95 99 255 99 103 256 100 104 257 101 105 258 96 100 259 100 104 260 102 106 261 103 107 262 104 108 263 103 107 264 102 106 265 105 109 266 104 108 267 103 107 268 106 110 269 105 109 270 102 106 271 107 111 272 104 108 273 108 112 274 102 106 275 107 111 276 102 106 277 109 113 278 109 113 279 102 106 280 108 112 281</p>
        </triangles>
      </mesh>
    </geometry>
  </library_geometries>
  <library_visual_scenes>
    <visual_scene id="Scene" name="Scene">
      <node id="Mesh_0403_rip_noesis_meshnode_0000" name="Mesh_0403.rip_noesis_meshnode_0000" type="NODE">
        <matrix sid="transform">1 0 0 0 0 1 0 0 0 0 1 0 0 0 0 1</matrix>
        <instance_geometry url="#Mesh_0403_rip-mesh" name="Mesh_0403.rip_noesis_meshnode_0000">
          <bind_material>
            <technique_common>
              <instance_material symbol="mat0_009-material" target="#mat0_009-material">
                <bind_vertex_input semantic="UVMap" input_semantic="TEXCOORD" input_set="0"/>
              </instance_material>
            </technique_common>
          </bind_material>
        </instance_geometry>
      </node>
      <node id="Mesh_0402_rip_noesis_meshnode_0000" name="Mesh_0402.rip_noesis_meshnode_0000" type="NODE">
        <matrix sid="transform">1 0 0 0 0 1 0 0 0 0 1 0 0 0 0 1</matrix>
        <instance_geometry url="#Mesh_0402_rip-mesh" name="Mesh_0402.rip_noesis_meshnode_0000">
          <bind_material>
            <technique_common>
              <instance_material symbol="mat0_008-material" target="#mat0_008-material">
                <bind_vertex_input semantic="UVMap" input_semantic="TEXCOORD" input_set="0"/>
              </instance_material>
            </technique_common>
          </bind_material>
        </instance_geometry>
      </node>
      <node id="Mesh_0401_rip_noesis_meshnode_0000" name="Mesh_0401.rip_noesis_meshnode_0000" type="NODE">
        <matrix sid="transform">1 0 0 0 0 1 0 0 0 0 1 0 0 0 0 1</matrix>
        <instance_geometry url="#Mesh_0401_rip-mesh" name="Mesh_0401.rip_noesis_meshnode_0000">
          <bind_material>
            <technique_common>
              <instance_material symbol="mat0_007-material" target="#mat0_007-material">
                <bind_vertex_input semantic="UVMap" input_semantic="TEXCOORD" input_set="0"/>
              </instance_material>
            </technique_common>
          </bind_material>
        </instance_geometry>
      </node>
      <node id="Mesh_0400_rip_noesis_meshnode_0000" name="Mesh_0400.rip_noesis_meshnode_0000" type="NODE">
        <matrix sid="transform">1 0 0 0 0 1 0 0 0 0 1 0 0 0 0 1</matrix>
        <instance_geometry url="#Mesh_0400_rip-mesh" name="Mesh_0400.rip_noesis_meshnode_0000">
          <bind_material>
            <technique_common>
              <instance_material symbol="mat0_006-material" target="#mat0_006-material">
                <bind_vertex_input semantic="UVMap" input_semantic="TEXCOORD" input_set="0"/>
              </instance_material>
            </technique_common>
          </bind_material>
        </instance_geometry>
      </node>
      <node id="Mesh_0399_rip_noesis_meshnode_0000" name="Mesh_0399.rip_noesis_meshnode_0000" type="NODE">
        <matrix sid="transform">1 0 0 0 0 1 0 0 0 0 1 0 0 0 0 1</matrix>
        <instance_geometry url="#Mesh_0399_rip-mesh" name="Mesh_0399.rip_noesis_meshnode_0000">
          <bind_material>
            <technique_common>
              <instance_material symbol="mat0_005-material" target="#mat0_005-material">
                <bind_vertex_input semantic="UVMap" input_semantic="TEXCOORD" input_set="0"/>
              </instance_material>
            </technique_common>
          </bind_material>
        </instance_geometry>
      </node>
      <node id="Mesh_0398_rip_noesis_meshnode_0000" name="Mesh_0398.rip_noesis_meshnode_0000" type="NODE">
        <matrix sid="transform">1 0 0 0 0 1 0 0 0 0 1 0 0 0 0 1</matrix>
        <instance_geometry url="#Mesh_0398_rip-mesh" name="Mesh_0398.rip_noesis_meshnode_0000">
          <bind_material>
            <technique_common>
              <instance_material symbol="mat0_004-material" target="#mat0_004-material">
                <bind_vertex_input semantic="UVMap" input_semantic="TEXCOORD" input_set="0"/>
              </instance_material>
            </technique_common>
          </bind_material>
        </instance_geometry>
      </node>
      <node id="Mesh_0397_rip_noesis_meshnode_0000" name="Mesh_0397.rip_noesis_meshnode_0000" type="NODE">
        <matrix sid="transform">1 0 0 0 0 1 0 0 0 0 1 0 0 0 0 1</matrix>
        <instance_geometry url="#Mesh_0397_rip-mesh" name="Mesh_0397.rip_noesis_meshnode_0000">
          <bind_material>
            <technique_common>
              <instance_material symbol="mat0_003-material" target="#mat0_003-material">
                <bind_vertex_input semantic="UVMap" input_semantic="TEXCOORD" input_set="0"/>
              </instance_material>
            </technique_common>
          </bind_material>
        </instance_geometry>
      </node>
      <node id="Mesh_0396_rip_noesis_meshnode_0000" name="Mesh_0396.rip_noesis_meshnode_0000" type="NODE">
        <matrix sid="transform">1 0 0 0 0 1 0 0 0 0 1 0 0 0 0 1</matrix>
        <instance_geometry url="#Mesh_0396_rip-mesh" name="Mesh_0396.rip_noesis_meshnode_0000">
          <bind_material>
            <technique_common>
              <instance_material symbol="mat0_002-material" target="#mat0_002-material">
                <bind_vertex_input semantic="UVMap" input_semantic="TEXCOORD" input_set="0"/>
              </instance_material>
            </technique_common>
          </bind_material>
        </instance_geometry>
      </node>
      <node id="Mesh_0395_rip_noesis_meshnode_0000" name="Mesh_0395.rip_noesis_meshnode_0000" type="NODE">
        <matrix sid="transform">1 0 0 0 0 1 0 0 0 0 1 0 0 0 0 1</matrix>
        <instance_geometry url="#Mesh_0395_rip-mesh" name="Mesh_0395.rip_noesis_meshnode_0000">
          <bind_material>
            <technique_common>
              <instance_material symbol="mat0_001-material" target="#mat0_001-material">
                <bind_vertex_input semantic="UVMap" input_semantic="TEXCOORD" input_set="0"/>
              </instance_material>
            </technique_common>
          </bind_material>
        </instance_geometry>
      </node>
      <node id="Mesh_0394_rip_noesis_meshnode_0000" name="Mesh_0394.rip_noesis_meshnode_0000" type="NODE">
        <matrix sid="transform">1 0 0 0 0 1 0 0 0 0 1 0 0 0 0 1</matrix>
        <instance_geometry url="#Mesh_0394_rip-mesh" name="Mesh_0394.rip_noesis_meshnode_0000">
          <bind_material>
            <technique_common>
              <instance_material symbol="mat0-material" target="#mat0-material">
                <bind_vertex_input semantic="UVMap" input_semantic="TEXCOORD" input_set="0"/>
              </instance_material>
            </technique_common>
          </bind_material>
        </instance_geometry>
      </node>
    </visual_scene>
  </library_visual_scenes>
  <scene>
    <instance_visual_scene url="#Scene"/>
  </scene>
</COLLADA>