# Blender v2.93.11 OBJ File: ''
# www.blender.org
mtllib woody.mtl
o Mesh_0394.rip_noesis_meshnode_0000_Mesh_0394.rip
v -0.175469 1.861123 -0.083271
v -0.172969 2.038889 -0.098517
v -0.127679 1.867486 -0.167904
v -0.137782 2.051279 0.002882
v -0.133295 2.036455 -0.168437
v -0.142042 1.875834 0.044041
v -0.038407 2.071339 -0.062231
v 0.086139 2.097949 -0.034760
v 0.084237 2.088510 -0.119077
v 0.160091 1.924466 -0.124598
v 0.036186 2.073895 -0.180490
v 0.161126 1.928526 0.008566
v 0.080173 1.906468 -0.203067
v -0.051235 2.045633 -0.203241
v 0.036186 2.073895 -0.180490
v 0.080173 1.906468 -0.203067
v -0.133295 2.036455 -0.168437
v -0.028174 1.874151 -0.229232
v -0.127679 1.867486 -0.167904
v -0.137782 2.051279 0.002882
v -0.078949 2.070588 0.088568
v -0.142042 1.875834 0.044041
v -0.015632 2.089257 0.110900
v -0.058100 1.904041 0.140668
v 0.027768 1.917457 0.152499
v -0.015632 2.089257 0.110900
v 0.037228 2.097281 0.066322
v 0.086139 2.097949 -0.034760
v 0.099704 1.930587 0.111710
v 0.161126 1.928526 0.008566
v 0.027768 1.917457 0.152499
v -0.059820 1.896328 -0.378312
v -0.028174 1.874151 -0.229232
v 0.100318 1.939287 -0.372928
v -0.195224 1.879571 -0.325388
v 0.080173 1.906468 -0.203067
v -0.127679 1.867486 -0.167904
v -0.288797 1.895154 -0.219039
v 0.027768 1.917457 0.152499
v -0.011694 1.949011 0.311981
v 0.073579 1.965261 0.293449
v -0.121400 1.932843 0.239613
v -0.058100 1.904041 0.140668
v -0.255930 1.922021 0.091296
v -0.142042 1.875834 0.044041
v 0.099704 1.930587 0.111710
v 0.027768 1.917457 0.152499
v 0.163802 2.004617 0.185301
v 0.161126 1.928526 0.008566
v 0.073579 1.965261 0.293449
v 0.247408 2.031499 0.028854
v 0.161126 1.928526 0.008566
v 0.247408 2.031499 0.028854
v 0.160091 1.924466 -0.124598
v 0.293066 2.044272 -0.147391
v 0.208105 1.998438 -0.296278
v 0.080173 1.906468 -0.203067
v 0.100318 1.939287 -0.372928
v -0.332526 1.915427 -0.091771
v -0.175469 1.861123 -0.083271
v -0.288797 1.895154 -0.219039
v -0.255930 1.922021 0.091296
v -0.127679 1.867486 -0.167904
v -0.142042 1.875834 0.044041
v 0.217811 1.929696 -0.163859
v 0.149272 1.909102 -0.060672
v 0.096961 1.891296 -0.172864
v 0.196290 1.932316 0.031520
v 0.098319 1.892362 -0.250633
v 0.133020 1.907727 0.036918
v 0.247408 2.031499 0.028854
v 0.208105 1.998438 -0.296278
v 0.293066 2.044272 -0.147391
v 0.100318 1.939287 -0.372928
v -0.121400 1.932843 0.239613
v -0.255930 1.922021 0.091296
v -0.104549 1.883221 0.157530
v -0.011694 1.949011 0.311981
v -0.189042 1.861586 0.062911
v 0.001865 1.898500 0.144086
v -0.138931 1.859608 0.038158
v 0.073579 1.965261 0.293449
v -0.067892 1.883897 0.116559
v -0.194779 1.838006 -0.206705
v -0.028172 1.854565 -0.278318
v -0.111751 1.847900 -0.166113
v -0.195224 1.879571 -0.325388
v -0.001635 1.863277 -0.205047
v -0.288797 1.895154 -0.219039
v -0.059820 1.896328 -0.378312
v 0.098319 1.892362 -0.250633
v 0.100318 1.939287 -0.372928
v 0.096961 1.891296 -0.172864
v -0.189042 1.861586 0.062911
v -0.255930 1.922021 0.091296
v -0.237830 1.847445 -0.070959
v -0.160606 1.846277 -0.076958
v -0.332526 1.915427 -0.091771
v -0.138931 1.859608 0.038158
v -0.288797 1.895154 -0.219039
v -0.194779 1.838006 -0.206705
v -0.111751 1.847900 -0.166113
v 0.136987 1.933623 0.151264
v 0.196290 1.932316 0.031520
v 0.163802 2.004617 0.185301
v 0.133020 1.907727 0.036918
v 0.247408 2.031499 0.028854
v 0.080767 1.907948 0.111358
v 0.073579 1.965261 0.293449
v 0.001865 1.898500 0.144086
vt 0.517008 0.883336
vt 0.518433 0.765965
vt 0.592015 0.883336
vt 0.467995 0.765965
vt 0.576656 0.765965
vt 0.448199 0.883336
vt 0.519429 0.687675
vt 0.576665 0.765965
vt 0.518433 0.765965
vt 0.517008 0.883336
vt 0.467995 0.765965
vt 0.592015 0.883336
vt 0.448199 0.883336
vt 0.518433 0.765965
vt 0.576669 0.765965
vt 0.592015 0.883336
vt 0.467994 0.765965
vt 0.517008 0.883336
vt 0.448199 0.883336
vt 0.576646 0.765965
vt 0.518433 0.765965
vt 0.592015 0.883336
vt 0.467995 0.765965
vt 0.517008 0.883336
vt 0.448199 0.883336
vt 0.576636 0.765965
vt 0.518433 0.765965
vt 0.467995 0.765965
vt 0.517008 0.883336
vt 0.448199 0.883336
vt 0.592015 0.883336
vt 0.519430 0.987408
vt 0.517008 0.883336
vt 0.624073 0.975826
vt 0.428144 0.980505
vt 0.592015 0.883336
vt 0.448199 0.883336
vt 0.355495 0.949391
vt 0.448199 0.883336
vt 0.428144 0.980505
vt 0.356156 0.948833
vt 0.519430 0.987408
vt 0.517008 0.883336
vt 0.624073 0.975826
vt 0.592015 0.883336
vt 0.517008 0.883336
vt 0.592015 0.883336
vt 0.519430 0.987408
vt 0.448199 0.883336
vt 0.624073 0.975826
vt 0.428144 0.980505
vt 0.592015 0.883336
vt 0.624073 0.975826
vt 0.517008 0.883336
vt 0.519430 0.987408
vt 0.428145 0.980505
vt 0.448199 0.883336
vt 0.355495 0.949391
vt 0.560750 0.987408
vt 0.517008 0.883336
vt 0.624073 0.975826
vt 0.428144 0.980505
vt 0.592015 0.883336
vt 0.448199 0.883336
vt 0.502132 0.910718
vt 0.559064 0.884081
vt 0.472996 0.884268
vt 0.607179 0.906475
vt 0.423528 0.903312
vt 0.605814 0.885116
vt 0.622534 0.974764
vt 0.429197 0.978912
vt 0.522201 0.988455
vt 0.355983 0.949925
vt 0.507601 0.989745
vt 0.623534 0.975178
vt 0.530747 0.930393
vt 0.429197 0.978913
vt 0.610016 0.924185
vt 0.473029 0.884396
vt 0.608033 0.884281
vt 0.356412 0.950964
vt 0.539508 0.886263
vt 0.426937 0.904328
vt 0.533612 0.917253
vt 0.472983 0.884302
vt 0.429201 0.978920
vt 0.539718 0.885355
vt 0.355852 0.950016
vt 0.521562 0.987538
vt 0.603783 0.906278
vt 0.623509 0.974200
vt 0.606463 0.885507
vt 0.443143 0.927310
vt 0.429186 0.978928
vt 0.530556 0.930351
vt 0.539334 0.886280
vt 0.544841 0.988476
vt 0.473021 0.884403
vt 0.622733 0.975656
vt 0.606703 0.906332
vt 0.607266 0.885045
vt 0.530649 0.930447
vt 0.458779 0.912519
vt 0.524123 0.987590
vt 0.473027 0.884403
vt 0.429180 0.978924
vt 0.520154 0.886149
vt 0.623399 0.975511
vt 0.608207 0.885841
vn -0.9931 0.0178 -0.1157
vn -0.7441 0.6548 -0.1321
vn -0.6976 -0.0020 -0.7165
vn -0.6986 0.6727 0.2439
vn -0.5550 0.6284 -0.5451
vn -0.8916 0.0944 0.4430
vn -0.2127 0.9722 -0.0977
vn 0.4280 0.9015 0.0634
vn 0.3960 0.8683 -0.2987
vn 0.8429 0.3775 -0.3834
vn 0.1318 0.7797 -0.6122
vn 0.8780 0.4351 0.1996
vn 0.4464 0.2478 -0.8598
vn -0.2337 0.6820 -0.6930
vn -0.1501 0.1074 -0.9828
vn -0.5026 0.7341 0.4566
vn -0.2128 0.9722 -0.0977
vn -0.0826 0.8398 0.5366
vn -0.5588 0.1765 0.8103
vn 0.1216 0.3081 0.9435
vn 0.2858 0.8935 0.3464
vn 0.6592 0.4092 0.6309
vn 0.8780 0.4351 0.1997
vn -0.1631 0.9752 0.1493
vn -0.4124 0.9006 0.1374
vn 0.0651 0.9958 0.0639
vn -0.4664 0.8710 0.1546
vn 0.1248 0.9906 0.0564
vn 0.2053 0.9784 0.0222
vn -0.2577 0.9350 -0.2436
vn -0.1378 0.9598 -0.2445
vn -0.3620 0.9009 -0.2394
vn 0.0586 0.9614 -0.2688
vn 0.2404 0.9416 -0.2356
vn -0.5690 0.7789 -0.2637
vn -0.2578 0.9350 -0.2436
vn -0.6825 0.7059 -0.1894
vn -0.6826 0.7059 -0.1893
vn -0.6477 0.7601 0.0526
vn -0.5507 0.8224 0.1432
vn 0.2829 0.9567 -0.0687
vn 0.1249 0.9906 0.0564
vn 0.5705 -0.8169 -0.0848
vn 0.3317 -0.9429 0.0305
vn 0.2952 -0.9554 0.0015
vn 0.6288 -0.7501 0.2049
vn 0.3717 -0.9082 -0.1924
vn 0.3469 -0.9296 0.1243
vn 0.8372 -0.4802 0.2616
vn 0.7027 -0.6254 -0.3392
vn 0.8534 -0.5134 -0.0895
vn 0.4356 -0.8181 -0.3755
vn -0.3003 -0.8252 0.4784
vn -0.5021 -0.7768 0.3802
vn -0.0828 -0.9295 0.3595
vn 0.0754 -0.9314 0.3561
vn -0.2350 -0.9331 0.2723
vn 0.2120 -0.9337 0.2886
vn 0.0553 -0.9891 0.1362
vn 0.4273 -0.8263 0.3669
vn 0.1395 -0.9665 0.2154
vn -0.1860 -0.9733 -0.1344
vn 0.1699 -0.9689 -0.1800
vn 0.0863 -0.9953 0.0449
vn -0.2617 -0.9075 -0.3286
vn 0.2054 -0.9785 0.0197
vn -0.5077 -0.8407 -0.1882
vn 0.1268 -0.9185 -0.3746
vn -0.2881 -0.9528 0.0957
vn 0.0224 -0.9965 0.0808
vn -0.5749 -0.8119 0.1012
vn -0.1860 -0.9733 -0.1345
vn 0.5658 -0.7451 0.3532
vn 0.6288 -0.7500 0.2050
vn 0.7811 -0.4692 0.4121
vn 0.2788 -0.9273 0.2497
usemtl mat0
s 1
f 1/1/1 2/2/2 3/3/3
f 1/1/1 4/4/4 2/2/2
f 3/3/3 2/2/2 5/5/5
f 6/6/6 4/4/4 1/1/1
f 2/2/2 7/7/7 5/5/5
f 7/7/7 2/2/2 4/4/4
f 8/8/8 9/9/9 7/7/7
f 8/8/8 10/10/10 9/9/9
f 7/7/7 9/9/9 11/11/11
f 12/12/12 10/10/10 8/8/8
f 10/10/10 13/13/13 9/9/9
f 9/9/9 13/13/13 11/11/11
f 14/14/14 7/7/7 15/15/11
f 15/15/11 16/16/13 14/14/14
f 17/17/5 7/7/7 14/14/14
f 14/14/14 16/16/13 18/18/15
f 17/17/5 14/14/14 19/19/3
f 19/19/3 14/14/14 18/18/15
f 20/20/4 21/21/16 7/7/17
f 22/22/6 21/21/16 20/20/4
f 7/7/17 21/21/16 23/23/18
f 24/24/19 21/21/16 22/22/6
f 21/21/16 24/24/19 23/23/18
f 23/23/18 24/24/19 25/25/20
f 7/7/17 26/26/18 27/27/21
f 27/27/21 28/28/8 7/7/17
f 26/26/18 29/29/22 27/27/21
f 27/27/21 30/30/23 28/28/8
f 29/29/22 30/30/23 27/27/21
f 31/31/20 29/29/22 26/26/18
f 32/32/24 33/33/24 34/34/25
f 35/35/26 33/33/24 32/32/24
f 34/34/25 33/33/24 36/36/27
f 37/37/28 33/33/24 35/35/26
f 35/35/26 38/38/29 37/37/28
f 39/39/30 40/40/31 41/41/32
f 40/40/31 39/39/30 42/42/33
f 42/42/33 39/39/30 43/43/33
f 42/42/33 43/43/33 44/44/34
f 44/44/34 43/43/33 45/45/34
f 46/46/35 47/47/36 48/48/35
f 46/46/35 48/48/35 49/49/37
f 48/48/35 47/47/36 50/50/32
f 49/49/37 48/48/35 51/51/38
f 52/52/38 53/53/37 54/54/39
f 54/54/39 53/53/37 55/55/39
f 55/55/39 56/56/40 54/54/39
f 54/54/39 56/56/40 57/57/27
f 57/57/27 56/56/40 58/58/25
f 59/59/41 60/60/41 61/61/29
f 59/59/41 62/62/34 60/60/41
f 61/61/29 60/60/41 63/63/42
f 60/60/41 62/62/34 64/64/34
f 65/65/43 66/66/44 67/67/45
f 65/65/43 68/68/46 66/66/44
f 65/65/43 67/67/45 69/69/47
f 66/66/44 68/68/46 70/70/48
f 65/65/43 71/71/49 68/68/46
f 65/65/43 69/69/47 72/72/50
f 73/73/51 71/71/49 65/65/43
f 72/72/50 73/73/51 65/65/43
f 72/72/50 69/69/47 74/74/52
f 75/75/53 76/76/54 77/77/55
f 77/77/55 78/78/56 75/75/53
f 77/77/55 76/76/54 79/79/57
f 78/78/56 77/77/55 80/80/58
f 79/79/57 81/81/59 77/77/55
f 80/80/58 82/82/60 78/78/56
f 77/77/55 81/81/59 83/83/61
f 80/80/58 77/77/55 83/83/61
f 84/84/62 85/85/63 86/86/64
f 84/84/62 87/87/65 85/85/63
f 86/86/64 85/85/63 88/88/66
f 84/84/62 89/89/67 87/87/65
f 85/85/63 87/87/65 90/90/68
f 85/85/63 91/91/47 88/88/66
f 92/92/52 85/85/63 90/90/68
f 91/91/47 85/85/63 92/92/52
f 88/88/66 91/91/47 93/93/45
f 94/94/57 95/95/54 96/96/69
f 97/97/70 94/94/57 96/96/69
f 96/96/69 95/95/54 98/98/71
f 99/99/59 94/94/57 97/97/70
f 98/98/71 100/100/67 96/96/69
f 101/101/72 97/97/70 96/96/69
f 96/96/69 100/100/67 101/101/72
f 102/102/64 97/97/70 101/101/72
f 103/103/73 104/104/74 105/105/75
f 104/104/74 103/103/73 106/106/48
f 105/105/75 104/104/74 107/107/49
f 106/106/48 103/103/73 108/108/76
f 105/105/75 109/109/60 103/103/73
f 108/108/76 103/103/73 110/110/58
f 110/110/58 103/103/73 109/109/60
o Mesh_0395.rip_noesis_meshnode_0000_Mesh_0395.rip
v 0.016726 0.085257 0.014545
v 0.031269 0.045374 0.141408
v 0.091226 0.097879 0.103968
v 0.014734 -0.001061 0.125586
v 0.091484 0.066282 0.159301
v 0.025944 0.019319 0.006642
v 0.150400 0.045916 0.145579
v 0.092011 0.010100 0.261895
v 0.030167 0.082917 -0.034980
v 0.094784 0.045000 0.259249
v 0.163818 0.086069 0.013129
v 0.034330 -0.000799 -0.047326
v 0.167926 -0.000093 0.129834
v 0.029583 -0.000847 0.008259
v 0.091700 0.086570 -0.077395
v 0.161096 0.030303 0.004381
v 0.089864 0.293758 0.087316
v 0.092281 0.000180 -0.073725
v 0.152503 0.084421 -0.035805
v 0.169458 0.338218 -0.001073
v 0.017741 0.332810 0.001873
v 0.146931 0.001028 -0.047217
v 0.152503 0.084421 -0.035805
v 0.030167 0.082917 -0.034980
v 0.151107 0.001206 0.008223
v 0.090265 0.299978 -0.086462
v 0.091700 0.086570 -0.077395
v 0.090288 0.503996 -0.054603
v 0.141486 0.502086 0.001293
v 0.091630 0.300834 -0.050552
v 0.038322 0.502240 0.001258
v 0.135386 0.300979 -0.000597
v 0.161024 0.593620 -0.000665
v 0.048673 0.300947 0.011101
v 0.091823 0.301312 0.046529
v 0.089548 0.593617 -0.013745
v 0.090381 0.503993 0.055825
v 0.022773 0.593615 -0.000810
v 0.089558 0.593618 0.010748
v 0.089635 0.673134 -0.049905
v 0.119243 0.673195 0.047802
v 0.056526 0.673173 0.046410
v 0.038663 0.672952 -0.000039
v 0.138026 0.672957 -0.000041
v 0.058543 0.833752 0.050949
v 0.088953 0.833782 -0.049842
v 0.136951 0.833792 0.001395
v 0.117545 0.833754 0.048169
v 0.037490 0.833792 0.000924
v 0.135890 0.964944 0.000455
v 0.000000 0.930854 0.000379
v 0.068563 0.935338 0.019154
v 0.074949 0.935060 -0.020702
v 0.014734 -0.001061 0.125586
v 0.025944 0.019319 0.006642
v 0.167926 -0.000093 0.129834
v 0.092011 0.010100 0.261895
v 0.161096 0.030303 0.004381
v 0.161096 0.030303 0.004381
v 0.025944 0.019319 0.006642
v 0.151107 0.001206 0.008223
v 0.029583 -0.000847 0.008259
v 0.092281 0.000180 -0.073725
v 0.029583 -0.000847 0.008259
v 0.034330 -0.000799 -0.047326
v 0.151107 0.001206 0.008223
v 0.146931 0.001028 -0.047217
v 0.135386 0.300979 -0.000597
v 0.091823 0.301312 0.046529
v 0.178781 0.373928 -0.005470
v 0.090152 0.322209 -0.093345
v 0.117177 0.321485 0.104054
v 0.091630 0.300834 -0.050552
v 0.062964 0.320411 0.101946
v 0.048673 0.300947 0.011101
v 0.004904 0.376012 0.004258
v 0.089864 0.293758 0.087316
v 0.117177 0.321485 0.104054
v 0.062964 0.320411 0.101946
v 0.169458 0.338218 -0.001073
v 0.178781 0.373928 -0.005470
v 0.090152 0.322209 -0.093345
v 0.090265 0.299978 -0.086462
v 0.017741 0.332810 0.001873
v 0.062964 0.320411 0.101946
v 0.004904 0.376012 0.004258
vt 0.331429 0.087022
vt 0.209517 0.038533
vt 0.239062 0.108906
vt 0.224387 0.008619
vt 0.180711 0.067328
vt 0.331429 0.027035
vt 0.209517 0.038533
vt 0.112677 0.008619
vt 0.370266 0.082711
vt 0.118487 0.028629
vt 0.331429 0.087022
vt 0.379467 0.008619
vt 0.224388 0.008619
vt 0.331429 0.008619
vt 0.430658 0.082304
vt 0.331429 0.027035
vt 0.240388 0.265835
vt 0.430658 0.008619
vt 0.370399 0.081642
vt 0.342802 0.303875
vt 0.342802 0.303875
vt 0.379467 0.008619
vt 0.370399 0.081642
vt 0.370266 0.082711
vt 0.331429 0.008619
vt 0.430658 0.264327
vt 0.430658 0.082304
vt 0.759129 0.232051
vt 0.812291 0.232051
vt 0.759129 0.404648
vt 0.700562 0.232051
vt 0.812291 0.404648
vt 0.812291 0.178998
vt 0.700562 0.404648
vt 0.759129 0.404648
vt 0.752832 0.178998
vt 0.759129 0.232051
vt 0.700562 0.178998
vt 0.753706 0.178998
vt 0.756306 0.232051
vt 0.777486 0.232051
vt 0.735127 0.232051
vt 0.700562 0.232051
vt 0.812291 0.232051
vt 0.735127 0.362373
vt 0.756306 0.362373
vt 0.812291 0.362373
vt 0.777486 0.362373
vt 0.700562 0.362372
vt 0.812291 0.491398
vt 0.700639 0.446470
vt 0.753979 0.456199
vt 0.753979 0.456199
vt 0.594740 0.343352
vt 0.568286 0.343505
vt 0.594165 0.313735
vt 0.627172 0.328012
vt 0.567524 0.314082
vt 0.567524 0.314082
vt 0.568286 0.343505
vt 0.562702 0.315566
vt 0.563550 0.342888
vt 0.546172 0.329753
vt 0.563550 0.342888
vt 0.553367 0.342573
vt 0.562702 0.315566
vt 0.551346 0.318298
vt 0.342417 0.301954
vt 0.271839 0.278552
vt 0.345925 0.338957
vt 0.439704 0.294523
vt 0.254734 0.305287
vt 0.420369 0.269490
vt 0.237380 0.299675
vt 0.342417 0.301954
vt 0.344719 0.338992
vt 0.240388 0.265835
vt 0.248523 0.303050
vt 0.224393 0.303050
vt 0.342802 0.303875
vt 0.346275 0.338400
vt 0.448076 0.290188
vt 0.430658 0.264327
vt 0.342802 0.303875
vt 0.248523 0.303050
vt 0.346275 0.338400
vn -0.9772 0.1755 0.1191
vn -0.7384 0.5825 0.3397
vn -0.0053 0.6475 0.7621
vn -0.9763 0.0961 0.1937
vn -0.0071 0.9535 0.3013
vn -0.9837 -0.1233 -0.1307
vn 0.7391 0.5878 0.3289
vn 0.0104 0.2210 0.9752
vn -0.8130 -0.0171 -0.5820
vn -0.0024 0.8365 0.5479
vn 0.9721 0.1993 0.1240
vn -0.9040 -0.0789 -0.4202
vn 0.9721 0.1175 0.2032
vn -0.9794 -0.1835 -0.0838
vn 0.0048 0.0315 -0.9995
vn 0.9831 -0.1332 -0.1258
vn -0.0032 0.0613 0.9981
vn 0.0049 0.0316 -0.9995
vn 0.8024 0.0006 -0.5968
vn 0.9914 0.0090 -0.1305
vn -0.9904 0.0225 -0.1365
vn 0.8936 -0.1223 -0.4319
vn 0.8618 -0.0083 -0.5072
vn -0.8613 0.0067 -0.5081
vn 0.9406 -0.3322 -0.0698
vn -0.0181 0.0279 -0.9994
vn -0.0092 0.1018 -0.9948
vn 0.9930 -0.1182 0.0084
vn -0.0252 -0.0434 -0.9987
vn -0.9937 -0.1054 0.0376
vn 0.9996 -0.0268 0.0093
vn 0.9946 0.0398 -0.0958
vn -0.9968 -0.0430 0.0672
vn 0.0317 -0.0329 0.9990
vn -0.0051 0.0005 -1.0000
vn 0.0077 0.1302 0.9915
vn -0.9947 0.0182 -0.1011
vn -0.0098 -0.0996 0.9950
vn 0.0051 -0.0990 -0.9951
vn 0.4812 -0.1542 0.8629
vn -0.4885 -0.1731 0.8552
vn -0.9733 0.0962 -0.2085
vn 0.9708 0.1433 -0.1924
vn -0.4860 0.0613 0.8718
vn -0.0040 0.0573 -0.9984
vn 0.9830 0.0072 -0.1833
vn 0.4798 0.1469 0.8650
vn -0.9625 -0.1833 -0.2002
vn 0.9415 0.3043 -0.1448
vn -0.9864 -0.0268 -0.1619
vn -0.0362 0.3149 0.9484
vn -0.0485 0.2700 -0.9616
vn 0.0232 -0.9978 -0.0622
vn 0.0420 -0.9784 -0.2026
vn 0.0233 -0.9978 -0.0622
vn 0.0041 -0.9968 0.0793
vn 0.0420 -0.9784 -0.2025
vn 0.0033 0.1097 0.9940
vn 0.0160 -0.9999 0.0012
vn 0.0170 -0.9999 0.0005
vn 0.0172 -0.9999 0.0006
vn 0.0157 -0.9999 0.0012
vn 0.0145 -0.9999 0.0021
vn -0.8309 0.5471 -0.1015
vn -0.0245 0.8871 -0.4610
vn -0.7672 0.6386 -0.0601
vn 0.0242 0.7837 0.6207
vn -0.3459 0.9225 -0.1711
vn 0.3394 0.9296 -0.1436
vn 0.8290 0.5182 -0.2102
vn 0.7702 0.6286 -0.1078
vn -0.0124 -0.7235 0.6902
vn 0.4436 -0.5862 0.6779
vn -0.4685 -0.5846 0.6624
vn 0.8854 -0.4330 -0.1690
vn 0.8854 -0.4329 -0.1690
vn -0.0271 -0.3437 -0.9387
vn -0.8985 -0.4084 -0.1608
vn -0.4685 -0.5846 0.6623
vn -0.0125 -0.7235 0.6903
usemtl mat0.001
s 1
f 111/111/77 112/112/78 113/113/79
f 111/111/77 114/114/80 112/112/78
f 113/113/79 112/112/78 115/115/81
f 116/116/82 114/114/80 111/111/77
f 117/117/83 113/113/79 115/115/81
f 118/118/84 112/112/78 114/114/80
f 119/119/85 116/116/82 111/111/77
f 120/120/86 118/118/84 117/117/83
f 115/115/81 120/120/86 117/117/83
f 120/120/86 112/112/78 118/118/84
f 121/121/87 113/113/79 117/117/83
f 122/122/88 116/116/82 119/119/85
f 120/120/86 115/115/81 112/112/78
f 121/121/87 117/117/83 123/123/89
f 117/117/83 118/118/84 123/123/89
f 122/122/88 124/124/90 116/116/82
f 119/119/85 125/125/91 122/122/88
f 121/121/87 123/123/89 126/126/92
f 121/121/87 127/127/93 113/113/79
f 127/127/93 111/111/77 113/113/79
f 122/122/88 125/125/91 128/128/94
f 126/126/92 129/129/95 121/121/87
f 130/130/96 127/127/93 121/121/87
f 131/131/97 111/111/77 127/127/93
f 129/129/95 132/132/98 125/125/91
f 132/132/98 129/129/95 126/126/92
f 125/125/91 132/132/98 128/128/94
f 121/121/87 133/133/99 130/130/96
f 134/134/100 111/111/77 131/131/97
f 132/132/98 126/126/92 135/135/101
f 130/130/96 133/133/99 136/136/102
f 136/136/102 134/134/100 131/131/97
f 136/136/102 133/133/99 137/137/102
f 137/137/102 134/134/100 136/136/102
f 138/138/103 139/139/104 140/140/105
f 138/138/103 140/140/105 141/141/106
f 140/140/105 139/139/104 142/142/107
f 138/138/103 143/143/108 139/139/104
f 141/141/106 140/140/105 144/144/109
f 142/142/107 139/139/104 145/145/110
f 146/146/111 143/143/108 138/138/103
f 144/144/109 147/147/112 141/141/106
f 145/145/110 139/139/104 147/147/112
f 147/147/112 139/139/104 143/143/108
f 145/145/110 147/147/112 144/144/109
f 146/146/111 138/138/103 148/148/113
f 148/148/113 141/141/106 147/147/112
f 148/148/113 138/138/103 141/141/106
f 147/147/112 143/143/108 149/149/114
f 148/148/113 147/147/112 149/149/114
f 146/146/111 150/150/115 143/143/108
f 146/146/111 148/148/113 150/150/115
f 149/149/114 143/143/108 151/151/116
f 149/149/114 152/152/117 148/148/113
f 151/151/116 152/152/117 149/149/114
f 150/150/115 148/148/113 153/153/118
f 148/148/113 152/152/117 153/153/118
f 151/151/116 143/143/108 154/154/119
f 143/143/108 150/150/115 154/154/119
f 151/151/116 155/155/120 152/152/117
f 150/150/115 153/153/118 156/156/121
f 154/154/119 157/157/122 151/151/116
f 154/154/119 150/150/115 157/157/122
f 157/157/122 150/150/115 156/156/121
f 158/158/123 155/155/120 151/151/116
f 153/153/118 152/152/117 159/159/124
f 151/151/116 157/157/122 158/158/123
f 156/156/121 153/153/118 159/159/124
f 159/159/124 152/152/117 155/155/120
f 157/157/122 160/160/125 158/158/123
f 160/160/125 157/157/122 156/156/121
f 161/161/126 156/156/121 159/159/124
f 155/155/120 161/161/126 159/159/124
f 158/158/123 160/160/125 162/162/127
f 158/158/123 162/162/127 155/155/120
f 156/156/121 163/163/128 160/160/125
f 156/156/121 161/161/126 163/163/128
f 164/164/129 165/165/130 166/166/131
f 167/167/132 164/164/129 166/166/131
f 166/166/131 165/165/130 168/168/133
f 169/169/134 170/170/134 171/171/134
f 171/171/134 170/170/134 172/172/134
f 173/173/135 174/174/136 175/175/137
f 174/174/136 173/173/135 176/176/138
f 176/176/138 173/173/135 177/177/139
f 178/178/140 179/179/141 180/180/142
f 181/181/143 178/178/140 180/180/142
f 180/180/142 179/179/141 182/182/144
f 183/183/143 178/178/140 181/181/143
f 182/182/144 179/179/141 184/184/145
f 183/183/143 181/181/143 185/185/146
f 185/185/146 186/186/147 179/179/141
f 179/179/141 186/186/147 184/184/145
f 185/185/146 181/181/143 186/186/147
f 187/187/148 188/188/149 189/189/150
f 187/187/148 190/190/151 188/188/149
f 188/188/149 190/190/151 191/191/152
f 191/191/152 190/190/151 192/192/153
f 192/192/153 190/190/151 193/193/153
f 193/193/153 194/194/154 192/192/153
f 195/195/155 194/194/154 187/187/156
f 192/192/153 194/194/154 196/196/154
f 196/196/154 194/194/154 195/195/155
o Mesh_0396.rip_noesis_meshnode_0000_Mesh_0396.rip
v -0.131840 1.022130 0.066994
v -0.150453 1.026335 0.073915
v -0.159704 1.021631 0.010949
v -0.154203 1.093980 0.078489
v -0.179067 1.023920 0.014275
v -0.139208 1.102709 0.070818
v -0.177203 1.093928 0.015142
v -0.160876 1.102657 0.011371
v -0.154203 1.093980 0.078489
v -0.177203 1.093928 0.015142
v -0.150453 1.026335 0.073915
v -0.179067 1.023920 0.014275
vt 0.981712 0.018258
vt 0.981617 0.032983
vt 0.946403 0.018252
vt 0.981592 0.074725
vt 0.946388 0.033104
vt 0.981699 0.088699
vt 0.946392 0.074805
vt 0.946409 0.088693
vt 0.981592 0.074725
vt 0.946392 0.074805
vt 0.981617 0.032983
vt 0.946388 0.033104
vn 0.1778 -0.6946 0.6971
vn 0.1777 -0.6946 0.6971
vn -0.2495 -0.7170 -0.6508
vn -0.0257 0.6267 0.7788
vn -0.2495 -0.7170 -0.6509
vn -0.0257 0.6267 0.7789
vn -0.4617 0.6532 -0.6001
vn -0.9215 -0.0279 0.3873
vn -0.9215 -0.0280 0.3873
usemtl mat0.002
s 1
f 197/197/157 198/198/158 199/199/159
f 198/198/158 197/197/157 200/200/160
f 199/199/159 198/198/158 201/201/161
f 200/200/160 197/197/157 202/202/162
f 203/203/163 199/199/159 201/201/161
f 202/202/162 203/203/163 200/200/160
f 204/204/163 199/199/159 203/203/163
f 204/204/163 203/203/163 202/202/162
f 205/205/164 206/206/164 207/207/165
f 207/207/165 206/206/164 208/208/164
o Mesh_0397.rip_noesis_meshnode_0000_Mesh_0397.rip
v -0.203217 0.777446 0.083925
v -0.173392 0.782474 0.043407
v -0.158908 0.771383 0.116481
v -0.178330 0.999119 0.010376
v -0.173392 0.782474 0.043407
v -0.208133 0.939546 -0.048738
v -0.160606 1.846277 -0.076958
v -0.111751 1.847900 -0.166113
v -0.031960 2.034635 -0.048739
v -0.138931 1.859608 0.038158
v -0.067892 1.883897 0.116559
v -0.138931 1.859608 0.038158
v 0.001865 1.898500 0.144086
v 0.133020 1.907727 0.036918
v 0.149272 1.909102 -0.060672
v 0.096961 1.891296 -0.172864
v -0.001635 1.863277 -0.205047
v 0.096961 1.891296 -0.172864
v -0.111751 1.847900 -0.166113
v 0.080767 1.907948 0.111358
v 0.001865 1.898500 0.144086
v 0.133020 1.907727 0.036918
v -0.210068 0.868508 -0.052646
v -0.206345 0.881315 0.002608
v -0.214553 0.900732 -0.054198
v -0.214790 0.922886 -0.019255
v -0.204590 0.879650 0.007560
v -0.206345 0.862314 -0.033565
v -0.199417 0.843059 0.026933
v -0.205823 0.828563 -0.031390
v -0.200053 0.840932 0.028101
v -0.204977 0.820768 -0.011239
v -0.196579 0.806871 0.049923
v -0.204982 0.787140 -0.009410
v -0.158908 0.771383 0.116481
v -0.173392 0.782474 0.043407
v -0.150575 1.025169 0.076600
v -0.178330 0.999119 0.010376
v -0.240985 1.018489 0.099236
v -0.203217 0.777446 0.083925
v -0.182854 1.023932 0.119894
v -0.261667 0.987743 0.035352
v -0.158908 0.771383 0.116481
v -0.150575 1.025169 0.076600
v -0.208133 0.939546 -0.048738
v -0.173392 0.782474 0.043407
v -0.162840 1.063099 0.058775
v -0.150575 1.025169 0.076600
v -0.176961 1.057021 0.023237
v -0.178330 0.999119 0.010376
v -0.181169 1.006811 0.055283
v -0.176961 1.057021 0.023237
v -0.178330 0.999119 0.010376
v -0.162840 1.063099 0.058775
v -0.150575 1.025169 0.076600
v -0.208133 0.939546 -0.048738
v -0.181169 1.006811 0.055283
v -0.178330 0.999119 0.010376
v -0.261667 0.987743 0.035352
v -0.240985 1.018489 0.099236
v -0.182854 1.023932 0.119894
v -0.150575 1.025169 0.076600
v -0.090229 0.170928 -0.076277
v -0.089036 0.163234 -0.207310
v -0.092306 0.077715 -0.075344
v -0.091112 0.070021 -0.201161
v -0.088845 0.070000 -0.201136
v -0.089036 0.163234 -0.207310
v -0.090038 0.077693 -0.075320
v -0.090229 0.170928 -0.076277
v 0.091362 0.068307 -0.199173
v 0.091172 0.161541 -0.205347
v 0.090169 0.076000 -0.073357
v 0.089979 0.169234 -0.074314
v 0.089979 0.169234 -0.074314
v 0.091172 0.161541 -0.205347
v 0.087902 0.076021 -0.073382
v 0.089095 0.068328 -0.199198
vt 0.916565 0.006098
vt 0.887289 0.004450
vt 0.906057 0.000544
vt 0.653836 0.124615
vt 0.774197 0.124615
vt 0.653836 0.026988
vt 0.774197 0.026988
vt 0.774197 0.124615
vt 0.653836 0.026988
vt 0.653836 0.124615
vt 0.774197 0.026988
vt 0.774197 0.124615
vt 0.653836 0.026988
vt 0.653836 0.124615
vt 0.939911 0.170572
vt 0.973887 0.018411
vt 0.981996 0.168448
vt 0.518906 0.883336
vt 0.592280 0.883336
vt 0.519429 0.687675
vt 0.447877 0.883336
vt 0.518906 0.883336
vt 0.592280 0.883336
vt 0.447877 0.883336
vt 0.592280 0.883336
vt 0.518906 0.883336
vt 0.447877 0.883336
vt 0.518906 0.883336
vt 0.592280 0.883336
vt 0.447878 0.883336
vt 0.518906 0.883336
vt 0.592280 0.883336
vt 0.447877 0.883336
vt 0.579053 0.324436
vt 0.611171 0.322959
vt 0.584459 0.343788
vt 0.606780 0.348077
vt 0.606653 0.348365
vt 0.584369 0.343888
vt 0.611256 0.323284
vt 0.579126 0.324491
vt 0.606798 0.348650
vt 0.584475 0.344372
vt 0.611177 0.323530
vt 0.579059 0.325022
vt 0.977378 0.030985
vt 0.941535 0.016188
vt 0.981780 0.169910
vt 0.940911 0.169749
vt 0.908578 0.168795
vt 0.915165 0.004366
vt 0.952769 0.172045
vt 0.861922 0.148698
vt 0.949324 0.004366
vt 0.987359 0.170542
vt 0.808846 0.100638
vt 0.883220 0.004366
vt 0.855569 0.238113
vt 0.842552 0.173066
vt 0.911440 0.242114
vt 0.947167 0.178166
vt 0.894406 0.171195
vt 0.854780 0.239351
vt 0.839710 0.180866
vt 0.913459 0.243791
vt 0.943064 0.184031
vt 0.926987 0.060981
vt 0.976981 0.071684
vt 0.963749 0.081915
vt 0.952704 0.021151
vt 0.985093 0.024582
vt 0.993194 0.049599
vt 0.993194 0.070317
vt 0.774197 0.026988
vt 0.653836 0.124615
vt 0.774197 0.124615
vt 0.653836 0.026988
vt 0.774197 0.026988
vn -0.0293 -0.9891 -0.1443
vn -0.9997 0.0218 -0.0107
vn 1.0000 0.0027 0.0093
vn 1.0000 0.0024 0.0092
vn 1.0000 0.0025 0.0092
vn 0.9296 -0.0036 -0.3686
vn 0.9352 -0.0469 -0.3509
vn 0.9087 -0.0426 -0.4152
vn 0.8050 -0.5729 0.1541
vn 0.5546 -0.5996 0.5770
vn 0.1724 -0.9848 0.0198
vn 0.7619 -0.5939 -0.2584
vn 0.5325 -0.6799 -0.5042
vn 0.7619 -0.5939 -0.2583
vn 0.1278 -0.7995 -0.5869
vn -0.5219 -0.8249 -0.2169
vn -0.5585 -0.8189 0.1321
vn -0.2944 -0.7630 0.5754
vn 0.1494 -0.6518 0.7435
vn -0.2944 -0.7631 0.5754
vn -0.3052 -0.8396 -0.4495
vn -0.5219 -0.8249 -0.2170
vn -0.9853 -0.1430 0.0935
vn -0.9853 -0.1429 0.0935
vn -0.9939 -0.0505 0.0977
vn -0.9939 -0.0506 0.0977
vn -0.9908 -0.0035 0.1353
vn -0.9908 -0.0036 0.1352
vn 0.7343 -0.0421 0.6775
vn 0.9353 -0.0469 -0.3508
vn 0.9988 0.0373 -0.0332
vn -0.7297 -0.1371 0.6699
vn -0.9344 -0.3399 0.1067
vn 0.2234 -0.0153 0.9746
vn -0.9637 -0.2668 0.0045
vn -0.7841 -0.4072 -0.4685
vn -0.6782 -0.4776 -0.5585
vn 0.9121 0.0829 -0.4015
vn -0.9154 0.1707 0.3645
vn -0.9788 0.1620 0.1253
vn -0.9968 0.0390 -0.0697
vn -0.7974 0.2249 0.5599
vn -0.6261 0.1565 0.7638
vn -0.4958 0.7822 -0.3773
vn -0.3073 0.8811 -0.3594
vn -0.8186 0.5553 -0.1469
vn -0.0931 0.8800 -0.4658
vn -0.1261 0.9357 -0.3294
vn -0.1351 0.9569 -0.2571
vn -0.9997 0.0220 -0.0105
vn -0.9997 0.0217 -0.0107
vn -0.9997 0.0218 -0.0106
vn -0.9997 0.0219 -0.0106
usemtl mat0.003
s off
f 209/209/166 210/210/166 211/211/166
f 271/212/167 272/213/167 273/214/167
f 275/215/168 276/216/168 277/217/168
f 277/217/169 276/216/169 278/218/169
f 279/219/168 280/220/168 281/221/168
f 281/221/170 280/220/170 282/222/170
s 1
f 212/223/171 213/224/172 214/225/173
f 215/226/174 216/227/175 217/228/176
f 215/226/174 217/228/176 218/229/177
f 219/230/178 220/231/179 217/228/176
f 217/228/176 221/232/180 219/230/178
f 222/233/181 217/228/176 223/234/182
f 217/228/176 224/235/183 223/234/182
f 217/228/176 225/236/184 226/237/185
f 227/238/175 225/236/184 217/228/176
f 217/228/176 228/239/186 229/240/180
f 228/239/186 217/228/176 230/241/187
f 231/242/188 232/243/189 233/244/188
f 233/244/188 232/243/189 234/245/188
f 235/246/190 236/247/191 237/248/190
f 237/248/190 236/247/191 238/249/191
f 239/250/192 240/251/193 241/252/192
f 241/252/192 240/251/193 242/253/192
f 243/254/194 244/255/195 245/256/196
f 245/256/196 244/255/195 246/257/171
f 247/258/197 248/259/198 249/260/199
f 248/259/198 247/258/197 250/261/200
f 249/260/199 248/259/198 251/262/194
f 251/262/194 252/263/196 249/260/199
f 253/264/201 248/259/198 250/261/200
f 254/265/202 248/259/198 253/264/201
f 255/266/203 256/267/196 257/268/203
f 257/268/203 256/267/196 258/269/171
f 259/270/204 260/271/205 261/272/206
f 259/270/204 262/273/207 260/271/205
f 263/274/208 262/273/207 259/270/204
f 264/275/209 265/276/210 266/277/211
f 267/278/212 265/276/210 264/275/209
f 268/279/213 265/276/210 267/278/212
f 268/279/213 269/280/214 265/276/210
f 265/276/210 269/280/214 270/281/214
f 273/214/215 272/213/215 274/282/215
f 283/283/216 284/284/217 285/285/218
f 285/285/218 284/284/217 286/286/215
o Mesh_0398.rip_noesis_meshnode_0000_Mesh_0398.rip
v -0.126045 1.724770 0.025318
v -0.126839 1.786032 0.027252
v -0.128517 1.727890 -0.006933
v -0.131738 1.784561 -0.008827
v 0.131718 1.784561 -0.008827
v 0.126819 1.786032 0.027252
v 0.128517 1.727890 -0.006933
v 0.126045 1.724770 0.025318
v -0.081422 1.837328 0.089426
v -0.090730 1.823888 0.083221
v -0.089884 1.823460 0.088296
v -0.084061 1.820560 0.099148
v -0.093096 1.804010 0.088296
v -0.076280 1.834590 0.099148
v -0.094488 1.804010 0.080584
v -0.065174 1.845532 0.096714
v -0.069338 1.826230 0.107759
v -0.090591 1.784209 0.084058
v -0.064633 1.843960 0.099148
v -0.074992 1.816030 0.107759
v -0.089884 1.784560 0.088296
v -0.050896 1.845001 0.100784
v -0.060877 1.833040 0.107759
v -0.084061 1.787460 0.099148
v -0.085508 1.776671 0.088296
v -0.056143 1.819270 0.113289
v -0.050896 1.845001 0.100784
v -0.086794 1.804010 0.099148
v -0.078394 1.770889 0.094000
v -0.050896 1.820530 0.113289
v -0.076280 1.773430 0.099148
v -0.050896 1.804010 0.115194
v -0.050896 1.835430 0.107759
v -0.069338 1.781800 0.107759
v -0.060592 1.815690 0.113289
v -0.038559 1.839890 0.102357
v -0.064124 1.765540 0.100316
v -0.045649 1.819270 0.113289
v -0.060877 1.774980 0.107759
v -0.040915 1.833040 0.107759
v -0.056143 1.788750 0.113289
v -0.063564 1.810330 0.113289
v -0.028889 1.830522 0.103337
v -0.050896 1.787490 0.113289
v -0.076977 1.804010 0.107759
v -0.032454 1.826230 0.107759
v -0.045649 1.788750 0.113289
v -0.022248 1.818302 0.103437
v -0.050896 1.772590 0.107759
v -0.064608 1.804010 0.113289
v -0.026800 1.816030 0.107759
v -0.040915 1.774980 0.107759
v -0.074992 1.791990 0.107759
v -0.041200 1.815690 0.113289
v -0.050896 1.765120 0.102317
v -0.038515 1.768001 0.102257
v -0.038228 1.810330 0.113289
v -0.060592 1.792330 0.113289
v -0.027905 1.776317 0.102116
v -0.063564 1.797690 0.113289
v -0.032454 1.781800 0.107759
v -0.022142 1.789662 0.103336
v -0.037184 1.804010 0.113289
v -0.041200 1.792330 0.113289
v -0.038228 1.797690 0.113289
v -0.024815 1.804010 0.107759
v -0.026800 1.791990 0.107759
v -0.020097 1.804010 0.103621
v 0.081422 1.837328 0.089426
v 0.089884 1.823460 0.088296
v 0.090730 1.823888 0.083221
v 0.084061 1.820560 0.099148
v 0.093096 1.804010 0.088296
v 0.076280 1.834590 0.099148
v 0.094488 1.804010 0.080584
v 0.065174 1.845532 0.096714
v 0.069338 1.826230 0.107759
v 0.090591 1.784209 0.084058
v 0.064633 1.843960 0.099148
v 0.060877 1.833040 0.107759
v 0.074992 1.816030 0.107759
v 0.089884 1.784560 0.088296
v 0.086794 1.804010 0.099148
v 0.085508 1.776671 0.088296
v 0.056143 1.819270 0.113289
v 0.076977 1.804010 0.107759
v 0.084061 1.787460 0.099148
v 0.060592 1.815690 0.113289
v 0.078394 1.770889 0.094000
v 0.050896 1.804010 0.115194
v 0.063564 1.810330 0.113289
v 0.076280 1.773430 0.099148
v 0.050896 1.820530 0.113289
v 0.064124 1.765540 0.100316
v 0.050896 1.835430 0.107759
v 0.069338 1.781800 0.107759
v 0.060877 1.774980 0.107759
v 0.064608 1.804010 0.113289
v 0.074992 1.791990 0.107759
v 0.045649 1.819270 0.113289
v 0.063564 1.797690 0.113289
v 0.050896 1.765120 0.102317
v 0.040915 1.833040 0.107759
v 0.060592 1.792330 0.113289
v 0.056143 1.788750 0.113289
v 0.038559 1.839890 0.102357
v 0.041200 1.815690 0.113289
v 0.032454 1.826230 0.107759
v 0.050896 1.845001 0.100784
v 0.050896 1.787490 0.113289
v 0.026800 1.816030 0.107759
v 0.050896 1.772590 0.107759
v 0.022248 1.818302 0.103437
v 0.045649 1.788750 0.113289
v 0.038228 1.810330 0.113289
v 0.038515 1.768001 0.102257
v 0.040915 1.774980 0.107759
v 0.024815 1.804010 0.107759
v 0.032454 1.781800 0.107759
v 0.037184 1.804010 0.113289
v 0.027905 1.776317 0.102116
v 0.041200 1.792330 0.113289
v 0.038228 1.797690 0.113289
v 0.020097 1.804010 0.103621
v 0.022142 1.789662 0.103336
v 0.026800 1.791990 0.107759
v 0.028889 1.830522 0.103337
v 0.050896 1.845001 0.100784
v -0.045155 1.970495 0.054256
v -0.015076 1.982478 0.053648
v -0.037256 1.984772 0.025500
v -0.061140 1.969802 0.038832
v -0.011545 1.987949 0.037828
v -0.067481 1.963149 0.064176
v -0.000020 1.973934 0.006790
v -0.002767 1.964589 0.058787
v -0.080869 1.929598 0.041865
v -0.035650 1.968451 -0.001255
v -0.052295 1.954931 0.071167
v -0.069448 1.950939 0.011570
v -0.030673 1.956375 0.108674
v -0.077274 1.919098 0.091720
v -0.060839 1.957003 0.086533
v 0.002054 1.954005 0.115501
v 0.012089 1.973509 0.030520
v 0.075622 1.967564 -0.006990
v -0.039380 1.910104 0.121459
v 0.035989 1.950943 0.101878
v -0.075785 1.912938 0.050513
v 0.001688 1.911513 0.129497
v -0.067892 1.905632 0.087252
v 0.043131 1.928129 0.109334
v 0.078468 1.942220 0.061347
v -0.000010 1.889239 0.114785
v 0.067872 1.905632 0.087252
v 0.101236 1.930238 0.037880
v 0.034906 1.899688 0.104828
v -0.034926 1.899688 0.104828
v 0.095781 1.904241 0.046016
v 0.115645 1.941689 -0.046814
v 0.090023 1.902835 -0.155476
v 0.073490 1.941080 -0.120329
v 0.150369 1.903894 -0.059370
v -0.000020 1.941799 -0.149780
v 0.115645 1.941689 -0.046814
v -0.000020 1.896306 -0.178673
v 0.159151 1.840847 -0.058836
v 0.070125 1.962746 -0.073787
v 0.099976 1.823250 -0.162013
v 0.142416 1.895028 0.038808
v -0.000020 1.971588 -0.083399
v -0.000020 1.811622 -0.190010
v 0.075622 1.967564 -0.006990
v 0.092041 1.733785 -0.154487
v -0.000020 1.941799 -0.149780
v 0.101236 1.930238 0.037880
v 0.144285 1.832484 0.033894
v 0.129224 1.744549 -0.053501
v -0.000020 1.973934 0.006790
v 0.095781 1.904241 0.046016
v -0.000020 1.728177 -0.180974
v 0.138095 1.797679 -0.036345
v 0.112867 1.879728 0.051414
v 0.064157 1.657544 -0.125433
v 0.131718 1.784561 -0.008827
v -0.000020 1.657575 -0.150759
v 0.116768 1.829282 0.040821
v 0.088307 1.660677 -0.076034
v 0.126819 1.786032 0.027252
v 0.045064 1.601248 -0.086429
v 0.076865 1.651680 -0.056581
v -0.000020 1.579409 -0.100249
v 0.032662 1.602089 -0.063831
v -0.000010 1.582759 -0.072968
v -0.090064 1.902835 -0.155476
v -0.140494 1.903894 -0.059370
v -0.073531 1.941080 -0.120329
v -0.000020 1.941799 -0.149780
v -0.111556 1.938664 -0.046814
v -0.000020 1.896306 -0.178673
v -0.070166 1.962746 -0.073787
v -0.158840 1.840846 -0.058836
v -0.100017 1.821159 -0.162013
v -0.000020 1.971588 -0.083399
v -0.132541 1.895029 0.038808
v -0.000020 1.811622 -0.190010
v -0.000020 1.941799 -0.149780
v -0.091204 1.727339 -0.153811
v -0.101277 1.920559 0.037880
v -0.035650 1.968451 -0.001255
v -0.000020 1.728177 -0.180974
v -0.112887 1.879728 0.051414
v -0.129244 1.744549 -0.053501
v -0.000020 1.973934 0.006790
v -0.143973 1.832484 0.033894
v -0.066589 1.658442 -0.130317
v -0.075785 1.912938 0.050513
v -0.138115 1.797679 -0.036345
v -0.000020 1.657575 -0.150759
v -0.116788 1.829282 0.040821
v -0.045104 1.601248 -0.086429
v -0.131738 1.784561 -0.008827
v -0.088347 1.660677 -0.076034
v -0.126839 1.786032 0.027252
v -0.000020 1.579409 -0.100249
v -0.076885 1.651680 -0.056581
v -0.000010 1.582759 -0.072968
v -0.032683 1.602089 -0.063831
v -0.080869 1.929598 0.041865
v -0.101277 1.920559 0.037880
v -0.075785 1.912938 0.050513
v -0.069448 1.950939 0.011570
v -0.111556 1.938664 -0.046814
v -0.035650 1.968451 -0.001255
v 0.073275 1.511653 -0.154757
v 0.102670 1.479536 -0.219691
v 0.058234 1.483595 -0.179013
v 0.031587 1.484816 -0.111876
v 0.080897 1.456055 -0.187290
v 0.040891 1.472956 -0.109383
v 0.036394 1.492766 -0.108779
v 0.052141 1.479015 -0.109143
v 0.046229 1.465519 -0.112359
v 0.098420 1.463098 -0.141748
v 0.079782 1.482451 -0.158094
v 0.092305 1.428237 -0.161059
v 0.045534 1.489376 -0.112190
v 0.110169 1.430819 -0.187575
v 0.013583 1.476875 -0.076043
v 0.025853 1.488508 -0.123023
v 0.028395 1.464789 -0.077755
v 0.043601 1.513651 -0.109408
v 0.048934 1.454171 -0.112477
v 0.022827 1.486088 -0.063223
v 0.036240 1.477460 -0.063634
v 0.065919 1.484621 -0.103719
v 0.028395 1.464789 -0.077755
v 0.048934 1.454171 -0.112477
v 0.043601 1.513651 -0.109408
v 0.065919 1.484621 -0.103719
v 0.025853 1.488508 -0.123023
v 0.048934 1.454171 -0.112477
v 0.019684 1.368583 0.131500
v 0.142080 1.320896 0.077019
v 0.095761 1.395944 0.087975
v 0.026512 1.281667 0.145706
v 0.100638 1.252800 0.110852
v 0.059490 1.439839 0.102442
v 0.094178 1.464463 -0.000035
v 0.040551 1.437300 0.091690
v -0.000020 1.375287 0.106706
v 0.094178 1.464463 -0.000035
v 0.068650 1.482338 -0.003456
v 0.051010 1.468480 0.052124
v 0.054302 1.491239 -0.049900
v 0.040551 1.437300 0.091690
v 0.078376 1.465122 -0.055656
v 0.002251 1.450522 0.103082
v -0.000020 1.468655 -0.091942
v -0.000020 1.375287 0.106706
v -0.000010 1.469261 0.065798
v -0.000046 1.495962 -0.073506
v -0.040592 1.437300 0.091690
v -0.051031 1.468480 0.052124
v -0.053388 1.491239 -0.049900
v -0.094218 1.464463 -0.000035
v -0.078416 1.465122 -0.055656
v -0.068670 1.482338 -0.003456
v -0.065290 1.443639 0.102002
v -0.000020 1.375287 0.106706
v -0.040592 1.437300 0.091690
v -0.094218 1.464463 -0.000035
vt 0.546289 0.559520
vt 0.545708 0.663910
vt 0.594165 0.567398
vt 0.608786 0.647337
vt 0.608786 0.647337
vt 0.545708 0.663910
vt 0.594165 0.567398
vt 0.546289 0.559520
vt 0.204654 0.557158
vt 0.248868 0.513535
vt 0.231514 0.512265
vt 0.211846 0.502766
vt 0.246438 0.447330
vt 0.184114 0.550551
vt 0.267331 0.447330
vt 0.154254 0.582978
vt 0.163484 0.521471
vt 0.245764 0.383923
vt 0.150180 0.577854
vt 0.182003 0.488059
vt 0.231332 0.385023
vt 0.103077 0.582961
vt 0.135769 0.543779
vt 0.212392 0.394705
vt 0.217071 0.359365
vt 0.120265 0.498673
vt 0.103077 0.582961
vt 0.221234 0.448008
vt 0.193145 0.340192
vt 0.103077 0.502800
vt 0.186220 0.348516
vt 0.103077 0.448686
vt 0.103077 0.551607
vt 0.163484 0.375933
vt 0.134835 0.486946
vt 0.062667 0.566217
vt 0.146405 0.322673
vt 0.085890 0.498673
vt 0.135769 0.353594
vt 0.070386 0.543778
vt 0.120265 0.398700
vt 0.144571 0.469388
vt 0.030994 0.535530
vt 0.103077 0.394572
vt 0.188505 0.448686
vt 0.042671 0.521471
vt 0.085890 0.398700
vt 0.009242 0.495501
vt 0.103077 0.345764
vt 0.147990 0.448686
vt 0.024153 0.488059
vt 0.070386 0.353594
vt 0.182003 0.409312
vt 0.071320 0.486946
vt 0.103077 0.321295
vt 0.062524 0.330734
vt 0.061584 0.469388
vt 0.134835 0.410426
vt 0.027772 0.357974
vt 0.144571 0.427983
vt 0.042671 0.375933
vt 0.008896 0.401685
vt 0.058166 0.448686
vt 0.071320 0.410426
vt 0.061584 0.427983
vt 0.017650 0.448686
vt 0.024153 0.409313
vt 0.002198 0.448686
vt 0.204654 0.557158
vt 0.231514 0.512265
vt 0.248868 0.513535
vt 0.211846 0.502766
vt 0.246438 0.447330
vt 0.184114 0.550551
vt 0.267331 0.447330
vt 0.154254 0.582978
vt 0.163484 0.521471
vt 0.245764 0.383923
vt 0.150180 0.577854
vt 0.135769 0.543778
vt 0.182003 0.488059
vt 0.231332 0.385023
vt 0.221234 0.448008
vt 0.217071 0.359365
vt 0.120265 0.498673
vt 0.188505 0.448686
vt 0.212392 0.394705
vt 0.134835 0.486946
vt 0.193145 0.340192
vt 0.103077 0.448686
vt 0.144571 0.469388
vt 0.186220 0.348516
vt 0.103077 0.502800
vt 0.146405 0.322673
vt 0.103077 0.551607
vt 0.163484 0.375933
vt 0.135769 0.353594
vt 0.147990 0.448686
vt 0.182003 0.409312
vt 0.085890 0.498673
vt 0.144571 0.427983
vt 0.103077 0.321295
vt 0.070386 0.543778
vt 0.134835 0.410426
vt 0.120265 0.398700
vt 0.062667 0.566217
vt 0.071320 0.486946
vt 0.042671 0.521471
vt 0.103077 0.582961
vt 0.103077 0.394572
vt 0.024153 0.488059
vt 0.103077 0.345764
vt 0.009242 0.495501
vt 0.085890 0.398700
vt 0.061584 0.469388
vt 0.062524 0.330734
vt 0.070386 0.353594
vt 0.017650 0.448686
vt 0.042671 0.375933
vt 0.058166 0.448686
vt 0.027772 0.357974
vt 0.071320 0.410426
vt 0.061584 0.427983
vt 0.002198 0.448686
vt 0.008896 0.401685
vt 0.024153 0.409313
vt 0.030994 0.535530
vt 0.103077 0.582961
vt 0.058046 0.934554
vt 0.082708 0.946860
vt 0.057102 0.965280
vt 0.038182 0.941098
vt 0.083231 0.960312
vt 0.044686 0.916192
vt 0.095858 0.997749
vt 0.097141 0.936600
vt 0.001644 0.909240
vt 0.038444 0.997749
vt 0.058183 0.912822
vt 0.001644 0.952386
vt 0.082154 0.891532
vt 0.038124 0.869990
vt 0.055153 0.902942
vt 0.106270 0.889517
vt 0.109225 0.968488
vt 0.182136 0.997749
vt 0.076380 0.853839
vt 0.132393 0.896636
vt 0.009636 0.886540
vt 0.109611 0.855461
vt 0.034155 0.856067
vt 0.143281 0.878290
vt 0.176601 0.927475
vt 0.111648 0.832057
vt 0.182382 0.876358
vt 0.212844 0.939483
vt 0.148557 0.850369
vt 0.071435 0.837931
vt 0.224068 0.910767
vt 0.251906 0.997749
vt 0.325229 0.778212
vt 0.317727 0.836470
vt 0.242103 0.786851
vt 0.400949 0.836471
vt 0.238512 0.836471
vt 0.400949 0.764482
vt 0.236384 0.722977
vt 0.281501 0.868602
vt 0.321654 0.703653
vt 0.157165 0.784708
vt 0.324861 0.922997
vt 0.401019 0.676734
vt 0.222279 0.896601
vt 0.322888 0.622965
vt 0.383730 0.881773
vt 0.152331 0.836471
vt 0.163934 0.723044
vt 0.249337 0.620718
vt 0.248237 0.967950
vt 0.119233 0.811145
vt 0.399919 0.599309
vt 0.225295 0.661844
vt 0.131201 0.772397
vt 0.320619 0.547602
vt 0.204139 0.656905
vt 0.382365 0.527980
vt 0.146350 0.719099
vt 0.271007 0.550887
vt 0.165911 0.667897
vt 0.302296 0.484824
vt 0.254934 0.534105
vt 0.335347 0.445734
vt 0.283260 0.466536
vt 0.316108 0.434786
vt 0.326961 0.776960
vt 0.243875 0.785982
vt 0.319894 0.835251
vt 0.402948 0.834869
vt 0.240346 0.835618
vt 0.402617 0.762881
vt 0.282522 0.867227
vt 0.237862 0.722135
vt 0.323112 0.702394
vt 0.324360 0.924435
vt 0.158928 0.784230
vt 0.402212 0.675158
vt 0.386349 0.884047
vt 0.326425 0.615112
vt 0.154333 0.836015
vt 0.233605 0.930721
vt 0.401843 0.595015
vt 0.131133 0.779541
vt 0.250343 0.619817
vt 0.243226 0.966971
vt 0.165413 0.722535
vt 0.323619 0.554225
vt 0.120816 0.809982
vt 0.226491 0.661053
vt 0.382943 0.526467
vt 0.147393 0.720195
vt 0.302675 0.483680
vt 0.205313 0.656212
vt 0.271691 0.549887
vt 0.166985 0.667542
vt 0.335546 0.444438
vt 0.255541 0.533179
vt 0.316257 0.433579
vt 0.283555 0.465480
vt 0.245499 0.906841
vt 0.236790 0.884101
vt 0.224963 0.913914
vt 0.278552 0.910277
vt 0.319166 0.844078
vt 0.311988 0.939149
vt 0.733438 0.924145
vt 0.662801 0.973888
vt 0.713481 0.959511
vt 0.812619 0.957809
vt 0.695756 0.995713
vt 0.812923 0.977627
vt 0.816264 0.942335
vt 0.812619 0.957809
vt 0.812923 0.977627
vt 0.724845 0.955246
vt 0.733438 0.924145
vt 0.694367 0.994405
vt 0.816264 0.942335
vt 0.663088 0.974039
vt 0.741591 0.968569
vt 0.739283 0.927274
vt 0.764674 0.969836
vt 0.706334 0.932733
vt 0.780755 0.931681
vt 0.723094 0.971229
vt 0.709874 0.984088
vt 0.677698 0.956196
vt 0.693633 1.000893
vt 0.655497 0.984768
vt 0.706334 0.932733
vt 0.677698 0.956196
vt 0.683725 0.908151
vt 0.650089 0.932808
vt 0.821030 0.358140
vt 0.984519 0.361858
vt 0.899523 0.424072
vt 0.861170 0.266737
vt 0.958402 0.267165
vt 0.712869 0.907146
vt 0.820537 0.929862
vt 0.709540 0.921292
vt 0.642116 0.843829
vt 0.820537 0.929862
vt 0.823653 0.959161
vt 0.747430 0.963020
vt 0.887624 0.974179
vt 0.709540 0.921292
vt 0.879423 0.933163
vt 0.647493 0.956134
vt 0.983725 0.957021
vt 0.642116 0.843829
vt 0.688920 0.992447
vt 0.969920 0.990449
vt 0.709540 0.921292
vt 0.747430 0.963020
vt 0.887624 0.974179
vt 0.820537 0.929862
vt 0.879423 0.933163
vt 0.823653 0.959161
vt 0.712869 0.907146
vt 0.642116 0.843829
vt 0.709540 0.921292
vt 0.820537 0.929862
vn -0.9937 -0.0339 0.1064
vn -0.8525 -0.2446 0.4619
vn -0.9601 -0.2539 0.1169
vn 0.9592 -0.2578 0.1165
vn 0.8514 -0.2473 0.4626
vn 0.9938 -0.0335 0.1064
vn -0.7343 0.5427 0.4079
vn -0.9239 0.3363 0.1824
vn -0.8815 0.3139 0.3527
vn -0.7228 0.2504 0.6440
vn -0.9385 -0.0000 0.3453
vn -0.5796 0.4837 0.6558
vn -0.9841 -0.0001 0.1777
vn -0.3494 0.7650 0.5411
vn -0.3907 0.3257 0.8610
vn -0.9287 -0.3232 0.1817
vn -0.3127 0.6611 0.6820
vn -0.5020 0.1733 0.8473
vn -0.8841 -0.3073 0.3521
vn -0.1286 0.8197 0.5581
vn -0.2151 0.4332 0.8752
vn -0.7228 -0.2505 0.6441
vn -0.8179 -0.4537 0.3539
vn -0.1069 0.2145 0.9709
vn 0.0000 0.5889 0.8082
vn -0.7720 -0.0000 0.6356
vn -0.6332 -0.5585 0.5358
vn -0.0000 0.2327 0.9725
vn -0.5646 -0.4864 0.6668
vn 0.0000 -0.0000 1.0000
vn 0.0000 0.4724 0.8814
vn -0.3907 -0.3257 0.8610
vn -0.1963 0.1632 0.9669
vn 0.2670 0.5385 0.7992
vn -0.3487 -0.5957 0.7235
vn 0.1069 0.2145 0.9709
vn -0.2152 -0.4331 0.8753
vn 0.2151 0.4332 0.8752
vn -0.1069 -0.2145 0.9709
vn -0.2551 0.0878 0.9629
vn 0.4818 0.4021 0.7786
vn 0.0000 -0.2328 0.9725
vn -0.5396 -0.0000 0.8419
vn 0.3908 0.3257 0.8609
vn 0.1069 -0.2145 0.9709
vn 0.6150 0.2125 0.7593
vn -0.0000 -0.4724 0.8814
vn -0.2755 -0.0000 0.9613
vn 0.5020 0.1733 0.8473
vn 0.2152 -0.4331 0.8753
vn -0.5019 -0.1733 0.8474
vn 0.1963 0.1632 0.9669
vn -0.0000 -0.5888 0.8083
vn 0.2671 -0.5383 0.7993
vn 0.2551 0.0878 0.9629
vn -0.1964 -0.1632 0.9668
vn 0.4817 -0.4020 0.7787
vn -0.2551 -0.0879 0.9629
vn 0.3908 -0.3257 0.8609
vn 0.6149 -0.2126 0.7594
vn 0.2755 -0.0000 0.9613
vn 0.1964 -0.1632 0.9668
vn 0.2551 -0.0879 0.9629
vn 0.5396 0.0000 0.8419
vn 0.5019 -0.1733 0.8474
vn 0.6595 0.0003 0.7517
vn 0.7343 0.5427 0.4078
vn 0.8815 0.3139 0.3527
vn 0.9239 0.3363 0.1824
vn 0.7228 0.2504 0.6440
vn 0.9385 -0.0000 0.3453
vn 0.5796 0.4837 0.6558
vn 0.9841 -0.0001 0.1777
vn 0.3494 0.7650 0.5410
vn 0.3907 0.3257 0.8610
vn 0.9287 -0.3232 0.1817
vn 0.3127 0.6611 0.6820
vn 0.8841 -0.3073 0.3521
vn 0.7720 -0.0000 0.6356
vn 0.8179 -0.4537 0.3539
vn 0.7228 -0.2505 0.6441
vn 0.6332 -0.5585 0.5358
vn 0.5646 -0.4864 0.6668
vn 0.3487 -0.5957 0.7235
vn 0.0000 0.4725 0.8813
vn 0.3907 -0.3257 0.8610
vn -0.2670 0.5385 0.7992
vn -0.3908 0.3257 0.8609
vn -0.6150 0.2125 0.7593
vn -0.2670 -0.5383 0.7993
vn -0.3908 -0.3257 0.8609
vn -0.4817 -0.4020 0.7787
vn -0.6595 0.0002 0.7517
vn -0.6149 -0.2126 0.7594
vn -0.5020 -0.1733 0.8473
vn -0.4818 0.4021 0.7786
vn 0.1286 0.8197 0.5581
vn -0.1781 0.8458 0.5029
vn 0.1071 0.7863 0.6085
vn -0.3406 0.9385 -0.0561
vn -0.5703 0.8212 0.0185
vn 0.2316 0.9723 0.0304
vn -0.4011 0.8666 0.2968
vn 0.1107 0.9809 -0.1598
vn 0.1567 0.9234 0.3503
vn -0.8745 0.3639 0.3206
vn -0.3286 0.9351 -0.1328
vn 0.0888 0.9273 0.3636
vn -0.6507 0.7591 -0.0204
vn -0.1907 0.8708 0.4531
vn -0.8737 -0.1495 0.4629
vn -0.3268 0.8784 0.3487
vn 0.1009 0.7620 0.6396
vn 0.3546 0.9211 0.1609
vn 0.3313 0.9403 0.0781
vn -0.4370 -0.2320 0.8690
vn 0.4199 0.7295 0.5399
vn -0.6457 0.1271 0.7529
vn 0.1081 -0.1332 0.9852
vn -0.7388 -0.6122 0.2818
vn 0.5388 -0.0089 0.8424
vn 0.6014 0.6667 0.4403
vn 0.1136 -0.5810 0.8059
vn 0.6990 0.0540 0.7130
vn 0.6633 0.5178 0.5403
vn 0.4734 -0.3332 0.8154
vn -0.3686 -0.7094 0.6008
vn 0.5320 0.2230 0.8168
vn 0.6235 0.7768 -0.0884
vn 0.5386 0.4271 -0.7263
vn 0.4092 0.7719 -0.4866
vn 0.8731 0.4530 -0.1803
vn 0.0000 0.7952 -0.6063
vn -0.0004 0.3956 -0.9184
vn 0.9889 -0.1160 -0.0933
vn 0.3323 0.9156 -0.2262
vn 0.6099 0.0083 -0.7925
vn 0.7900 0.2549 0.5576
vn -0.0083 0.9740 -0.2262
vn -0.0004 0.0070 -1.0000
vn 0.7126 -0.2978 -0.6353
vn -0.0000 0.7952 -0.6064
vn 0.8100 -0.2477 0.5315
vn 0.9239 -0.3748 -0.0770
vn 0.0090 -0.2648 -0.9643
vn 0.9224 -0.3154 0.2228
vn 0.2849 0.0959 0.9537
vn 0.6807 -0.4692 -0.5625
vn 0.0176 -0.5094 -0.8604
vn 0.3091 -0.1716 0.9354
vn 0.8556 -0.5150 -0.0520
vn 0.6557 -0.7334 -0.1792
vn 0.7827 -0.5558 0.2802
vn 0.0104 -0.9318 -0.3629
vn 0.5839 -0.7758 0.2390
vn 0.0001 -0.9804 0.1970
vn -0.5551 0.4369 -0.7078
vn -0.8622 0.4835 -0.1512
vn -0.4427 0.7615 -0.4734
vn -0.5905 0.8070 0.0082
vn -0.3551 0.9221 -0.1536
vn -0.9944 -0.0632 -0.0849
vn -0.6167 0.0206 -0.7869
vn -0.7840 0.3346 0.5229
vn -0.7125 -0.2925 -0.6377
vn -0.5173 0.6072 0.6030
vn 0.0091 -0.2648 -0.9643
vn -0.3631 0.1573 0.9184
vn -0.9258 -0.3732 -0.0608
vn -0.8229 -0.2014 0.5313
vn -0.6845 -0.4823 -0.5466
vn -0.9245 -0.3115 0.2198
vn 0.0177 -0.5094 -0.8604
vn -0.3385 -0.1517 0.9287
vn -0.6485 -0.7437 -0.1626
vn -0.8536 -0.5205 -0.0202
vn -0.8526 -0.2446 0.4619
vn 0.0103 -0.9318 -0.3629
vn -0.7825 -0.5557 0.2809
vn -0.5838 -0.7758 0.2394
vn -0.8745 0.3639 0.3207
vn -0.3286 0.9351 -0.1329
vn -0.5886 0.6812 -0.4354
vn -0.6469 0.2238 -0.7290
vn -0.8101 0.1336 -0.5709
vn -0.9300 0.0294 -0.3664
vn -0.7309 -0.4705 -0.4944
vn -0.7653 -0.5799 -0.2792
vn -0.7171 0.6268 -0.3048
vn 0.6413 0.1706 0.7481
vn 0.4173 -0.4670 0.7796
vn 0.8627 0.1490 0.4832
vn 0.7166 0.6920 0.0876
vn 0.6140 -0.4481 0.6498
vn 0.5718 0.7301 0.3741
vn 0.9787 0.1111 0.1726
vn -0.9793 -0.0085 -0.2021
vn -0.0555 -0.9898 0.1309
vn -0.1648 0.8993 0.4051
vn -0.0555 -0.9898 0.1310
vn 0.7586 -0.0044 0.6515
vn 0.4392 0.0855 -0.8943
vn 0.4556 0.1581 0.8761
vn 0.4557 0.1582 0.8760
vn 0.4500 0.1492 0.8804
vn 0.4612 0.1670 0.8714
vn 0.4612 0.1671 0.8714
vn -0.3794 0.7900 0.4817
vn -0.2185 0.9630 0.1575
vn -0.3793 0.7900 0.4816
vn -0.4792 0.4898 0.7283
vn 0.6586 0.7298 0.1832
vn 0.5496 0.8178 0.1707
vn 0.4561 0.7272 0.5129
vn 0.5927 0.7250 -0.3508
vn 0.5041 0.4113 0.7594
vn 0.5737 0.6413 -0.5095
vn 0.0113 0.6181 0.7860
vn -0.0007 0.5626 -0.8267
vn 0.0127 0.0477 0.9988
vn -0.0016 0.8935 0.4492
vn -0.4833 0.4252 0.7652
vn -0.4469 0.7300 0.5171
vn -0.5873 0.7292 -0.3513
vn -0.6554 0.7333 0.1809
vn -0.5675 0.6504 -0.5049
vn -0.5505 0.8184 0.1648
vn 0.4007 0.7805 0.4799
vn 0.4401 0.4728 0.7634
vn 0.2905 0.9503 0.1116
usemtl mat0.004
s 1
f 287/287/219 288/288/220 289/289/219
f 289/289/219 288/288/220 290/290/221
f 291/291/222 292/292/223 293/293/224
f 293/293/224 292/292/223 294/294/224
f 295/295/225 296/296/226 297/297/227
f 297/297/227 298/298/228 295/295/225
f 296/296/226 299/299/229 297/297/227
f 297/297/227 299/299/229 298/298/228
f 295/295/225 298/298/228 300/300/230
f 301/301/231 299/299/229 296/296/226
f 295/295/225 300/300/230 302/302/232
f 300/300/230 298/298/228 303/303/233
f 301/301/231 304/304/234 299/299/229
f 302/302/232 300/300/230 305/305/235
f 303/303/233 298/298/228 306/306/236
f 299/299/229 304/304/234 307/307/237
f 305/305/235 308/308/238 302/302/232
f 309/309/239 300/300/230 303/303/233
f 307/307/237 310/310/240 299/299/229
f 305/305/235 300/300/230 309/309/239
f 304/304/234 311/311/241 307/307/237
f 309/309/239 303/303/233 312/312/242
f 307/307/237 311/311/241 310/310/240
f 305/305/235 309/309/239 313/313/243
f 299/299/229 310/310/240 314/314/244
f 298/298/228 314/314/244 306/306/236
f 315/315/245 310/310/240 311/311/241
f 316/316/246 309/309/239 312/312/242
f 298/298/228 299/299/229 314/314/244
f 317/317/247 310/310/240 315/315/245
f 316/316/246 312/312/242 318/318/248
f 319/319/249 309/309/239 316/316/246
f 313/313/243 309/309/239 319/319/249
f 317/317/247 320/320/250 310/310/240
f 312/312/242 321/321/251 318/318/248
f 313/313/243 319/319/249 322/322/252
f 317/317/247 315/315/245 323/323/253
f 312/312/242 303/303/233 321/321/251
f 324/324/254 316/316/246 318/318/248
f 323/323/253 325/325/255 317/317/247
f 317/317/247 325/325/255 320/320/250
f 303/303/233 306/306/236 321/321/251
f 319/319/249 316/316/246 326/326/256
f 326/326/256 316/316/246 324/324/254
f 322/322/252 319/319/249 326/326/256
f 325/325/255 327/327/257 320/320/250
f 321/321/251 328/328/258 318/318/248
f 321/321/251 306/306/236 328/328/258
f 322/322/252 326/326/256 329/329/259
f 325/325/255 330/330/260 327/327/257
f 327/327/257 330/330/260 318/318/248
f 306/306/236 331/331/261 328/328/258
f 326/326/256 324/324/254 332/332/262
f 329/329/259 326/326/256 332/332/262
f 330/330/260 333/333/263 318/318/248
f 306/306/236 314/314/244 331/331/261
f 329/329/259 332/332/262 334/334/264
f 335/335/265 330/330/260 325/325/255
f 328/328/258 336/336/266 318/318/248
f 328/328/258 331/331/261 336/336/266
f 334/334/264 332/332/262 337/337/267
f 335/335/265 338/338/268 330/330/260
f 330/330/260 338/338/268 333/333/263
f 314/314/244 339/339/269 331/331/261
f 332/332/262 340/340/270 337/337/267
f 325/325/255 341/341/271 335/335/265
f 310/310/240 339/339/269 314/314/244
f 332/332/262 324/324/254 340/340/270
f 323/323/253 341/341/271 325/325/255
f 310/310/240 320/320/250 339/339/269
f 341/341/271 342/342/272 335/335/265
f 335/335/265 342/342/272 338/338/268
f 337/337/267 340/340/270 343/343/273
f 320/320/250 344/344/274 339/339/269
f 340/340/270 324/324/254 318/318/248
f 342/342/272 345/345/275 338/338/268
f 343/343/273 340/340/270 318/318/248
f 346/346/276 344/344/274 318/318/248
f 339/339/269 344/344/274 346/346/276
f 320/320/250 327/327/257 344/344/274
f 338/338/268 345/345/275 347/347/277
f 344/344/274 327/327/257 318/318/248
f 339/339/269 346/346/276 331/331/261
f 338/338/268 347/347/277 333/333/263
f 345/345/275 348/348/278 347/347/277
f 349/349/279 343/343/273 318/318/248
f 331/331/261 346/346/276 336/336/266
f 333/333/263 347/347/277 350/350/280
f 351/351/281 349/349/279 318/318/248
f 352/352/282 343/343/273 349/349/279
f 336/336/266 346/346/276 318/318/248
f 333/333/263 350/350/280 318/318/248
f 351/351/281 352/352/282 349/349/279
f 337/337/267 343/343/273 352/352/282
f 347/347/277 348/348/278 353/353/283
f 350/350/280 351/351/281 318/318/248
f 354/354/284 337/337/267 352/352/282
f 347/347/277 353/353/283 350/350/280
f 348/348/278 354/354/284 353/353/283
f 353/353/283 352/352/282 351/351/281
f 350/350/280 353/353/283 351/351/281
f 353/353/283 354/354/284 352/352/282
f 334/334/264 337/337/267 354/354/284
f 355/355/285 356/356/286 357/357/287
f 355/355/285 358/358/288 356/356/286
f 356/356/286 359/359/289 357/357/287
f 356/356/286 358/358/288 359/359/289
f 360/360/290 358/358/288 355/355/285
f 357/357/287 359/359/289 361/361/291
f 362/362/292 360/360/290 355/355/285
f 360/360/290 363/363/293 358/358/288
f 361/361/291 359/359/289 364/364/294
f 365/365/295 360/360/290 362/362/292
f 360/360/290 366/366/256 363/363/293
f 358/358/288 363/363/293 367/367/267
f 364/364/294 359/359/289 368/368/296
f 365/365/295 366/366/256 360/360/290
f 358/358/288 367/367/267 369/369/297
f 364/364/294 368/368/296 370/370/298
f 359/359/289 358/358/288 369/369/297
f 366/366/256 371/371/254 363/363/293
f 369/369/297 367/367/267 372/372/282
f 368/368/296 373/373/299 370/370/298
f 369/369/297 373/373/299 359/359/289
f 363/363/293 371/371/254 374/374/270
f 363/363/293 374/374/270 367/367/267
f 359/359/289 373/373/299 368/368/296
f 375/375/300 370/370/298 373/373/299
f 371/371/254 376/376/248 374/374/270
f 367/367/267 377/377/273 372/372/282
f 378/378/301 375/375/300 373/373/299
f 379/379/246 376/376/248 371/371/254
f 367/367/267 374/374/270 377/377/273
f 366/366/256 379/379/246 371/371/254
f 378/378/301 380/380/302 375/375/300
f 374/374/270 376/376/248 377/377/273
f 381/381/303 379/379/246 366/366/256
f 373/373/299 382/382/304 378/378/301
f 378/378/301 383/383/268 380/380/302
f 377/377/273 376/376/248 384/384/279
f 372/372/282 377/377/273 384/384/279
f 385/385/283 382/382/304 373/373/299
f 382/382/304 383/383/268 378/378/301
f 386/386/242 376/376/248 379/379/246
f 384/384/279 376/376/248 387/387/281
f 372/372/282 387/387/281 385/385/283
f 380/380/302 383/383/268 388/388/271
f 386/386/242 379/379/246 389/389/239
f 384/384/279 387/387/281 372/372/282
f 387/387/281 390/390/280 385/385/283
f 387/387/281 376/376/248 390/390/280
f 385/385/283 390/390/280 382/382/304
f 389/389/239 379/379/246 381/381/303
f 372/372/282 385/385/283 369/369/297
f 390/390/280 376/376/248 391/391/263
f 390/390/280 391/391/263 382/382/304
f 382/382/304 391/391/263 383/383/268
f 389/389/239 381/381/303 392/392/305
f 369/369/297 385/385/283 373/373/299
f 393/393/251 376/376/248 386/386/242
f 394/394/306 386/386/242 389/389/239
f 392/392/305 381/381/303 395/395/243
f 391/391/263 396/396/260 383/383/268
f 393/393/251 386/386/242 394/394/306
f 391/391/263 376/376/248 396/396/260
f 366/366/256 395/395/243 381/381/303
f 397/397/236 393/393/251 394/394/306
f 383/383/268 396/396/260 398/398/265
f 365/365/295 395/395/243 366/366/256
f 397/397/236 394/394/306 399/399/307
f 388/388/271 383/383/268 398/398/265
f 396/396/260 376/376/248 400/400/257
f 401/401/258 393/393/251 397/397/236
f 388/388/271 398/398/265 402/402/308
f 398/398/265 396/396/260 403/403/255
f 403/403/255 396/396/260 400/400/257
f 401/401/258 376/376/248 393/393/251
f 404/404/261 401/401/258 397/397/236
f 402/402/308 398/398/265 403/403/255
f 403/403/255 400/400/257 405/405/309
f 406/406/266 376/376/248 401/401/258
f 406/406/266 401/401/258 404/404/261
f 402/402/308 403/403/255 407/407/310
f 405/405/309 400/400/257 408/408/274
f 400/400/257 376/376/248 408/408/274
f 409/409/276 376/376/248 406/406/266
f 404/404/261 409/409/276 406/406/266
f 407/407/310 403/403/255 405/405/309
f 404/404/261 397/397/236 410/410/311
f 408/408/274 376/376/248 409/409/276
f 407/407/310 405/405/309 411/411/312
f 410/410/311 412/412/313 404/404/261
f 405/405/309 408/408/274 412/412/313
f 410/410/311 397/397/236 399/399/307
f 412/412/313 409/409/276 404/404/261
f 411/411/312 412/412/313 410/410/311
f 411/411/312 405/405/309 412/412/313
f 412/412/313 408/408/274 409/409/276
f 399/399/307 394/394/306 413/413/314
f 394/394/306 389/389/239 413/413/314
f 413/413/314 389/389/239 392/392/305
f 365/365/295 362/362/292 414/414/315
f 415/415/316 416/416/317 417/417/318
f 415/415/316 417/417/318 418/418/319
f 417/417/318 416/416/317 419/419/320
f 415/415/316 418/418/319 420/420/321
f 421/421/322 417/417/318 419/419/320
f 415/415/316 422/422/323 416/416/317
f 422/422/323 419/419/320 416/416/317
f 418/418/319 423/423/324 420/420/321
f 424/424/325 417/417/318 421/421/322
f 425/425/326 422/422/323 415/415/316
f 417/417/318 424/424/325 418/418/319
f 426/426/327 423/423/324 418/418/319
f 415/415/316 420/420/321 425/425/326
f 425/425/326 427/427/328 422/422/323
f 418/418/319 424/424/325 426/426/327
f 428/428/329 420/420/321 423/423/324
f 425/425/326 420/420/321 429/429/330
f 428/428/329 427/427/328 429/429/330
f 427/427/328 430/430/331 422/422/323
f 421/421/322 419/419/320 431/431/332
f 429/429/330 420/420/321 428/428/329
f 427/427/328 425/425/326 429/429/330
f 431/431/332 419/419/320 422/422/323
f 421/421/322 431/431/332 432/432/333
f 433/433/334 427/427/328 428/428/329
f 430/430/331 434/434/335 422/422/323
f 423/423/324 435/435/336 428/428/329
f 422/422/323 434/434/335 431/431/332
f 433/433/334 436/436/337 427/427/328
f 427/427/328 436/436/337 430/430/331
f 428/428/329 435/435/336 437/437/338
f 434/434/335 430/430/331 438/438/339
f 437/437/338 433/433/334 428/428/329
f 431/431/332 434/434/335 439/439/340
f 438/438/339 430/430/331 436/436/337
f 439/439/340 432/432/333 431/431/332
f 436/436/337 433/433/334 440/440/341
f 438/438/339 441/441/342 434/434/335
f 434/434/335 441/441/342 439/439/340
f 442/442/343 432/432/333 439/439/340
f 440/440/341 443/443/344 436/436/337
f 436/436/337 443/443/344 438/438/339
f 440/440/341 433/433/334 444/444/345
f 444/444/345 433/433/334 437/437/338
f 438/438/339 443/443/344 441/441/342
f 441/441/342 445/445/346 439/439/340
f 439/439/340 445/445/346 442/442/343
f 446/446/347 432/432/333 442/442/343
f 447/447/348 448/448/349 449/449/350
f 447/447/348 450/450/351 448/448/349
f 449/449/350 448/448/349 451/451/347
f 452/452/352 450/450/351 447/447/348
f 453/453/353 447/447/348 449/449/350
f 454/454/354 451/451/347 448/448/349
f 455/455/355 452/452/352 447/447/348
f 455/455/355 447/447/348 453/453/353
f 451/451/347 456/456/356 449/449/350
f 454/454/354 448/448/349 457/457/357
f 458/458/358 452/452/352 455/455/355
f 453/453/353 449/449/350 456/456/356
f 459/459/333 451/451/347 454/454/354
f 455/455/355 460/460/359 458/458/358
f 453/453/353 460/460/359 455/455/355
f 457/457/357 448/448/349 461/461/360
f 462/462/343 456/456/356 451/451/347
f 453/453/353 456/456/356 463/463/361
f 464/464/362 460/460/359 453/453/353
f 465/465/322 454/454/354 457/457/357
f 459/459/333 454/454/354 465/465/322
f 462/462/343 466/466/346 456/456/356
f 458/458/358 460/460/359 467/467/363
f 463/463/361 468/468/364 453/453/353
f 468/468/364 464/464/362 453/453/353
f 456/456/356 466/466/346 469/469/365
f 460/460/359 470/470/366 467/467/363
f 456/456/356 469/469/365 463/463/361
f 470/470/366 460/460/359 464/464/362
f 471/471/222 468/468/364 463/463/361
f 467/467/363 470/470/366 472/472/367
f 463/463/361 469/469/365 473/473/368
f 470/470/366 464/464/362 474/474/369
f 463/463/361 475/475/223 471/471/222
f 476/476/370 472/472/367 470/470/366
f 463/463/361 473/473/368 475/475/223
f 464/464/362 477/477/371 474/474/369
f 477/477/371 476/476/370 474/474/369
f 478/478/372 472/472/367 476/476/370
f 470/470/366 474/474/369 476/476/370
f 479/479/373 476/476/370 477/477/371
f 476/476/370 480/480/374 478/478/372
f 479/479/373 480/480/374 476/476/370
f 481/481/375 482/482/376 483/483/377
f 484/484/360 481/481/375 483/483/377
f 483/483/377 482/482/376 485/485/378
f 486/486/352 481/481/375 484/484/360
f 487/487/379 483/483/377 485/485/378
f 481/481/375 488/488/380 482/482/376
f 486/486/352 489/489/381 481/481/375
f 489/489/381 488/488/380 481/481/375
f 490/490/357 483/483/377 487/487/379
f 482/482/376 491/491/382 485/485/378
f 492/492/358 489/489/381 486/486/352
f 488/488/380 491/491/382 482/482/376
f 493/493/351 483/483/377 490/490/357
f 492/492/358 494/494/383 489/489/381
f 489/489/381 494/494/383 488/488/380
f 485/485/378 491/491/382 495/495/384
f 487/487/379 485/485/378 496/496/325
f 487/487/379 496/496/325 490/490/357
f 497/497/385 494/494/383 492/492/358
f 491/491/382 498/498/386 495/495/384
f 488/488/380 494/494/383 499/499/387
f 490/490/357 496/496/325 500/500/322
f 501/501/388 498/498/386 491/491/382
f 488/488/380 501/501/388 491/491/382
f 494/494/383 497/497/385 502/502/389
f 502/502/389 499/499/387 494/494/383
f 495/495/384 498/498/386 503/503/336
f 488/488/380 504/504/390 501/501/388
f 502/502/389 497/497/385 505/505/391
f 504/504/390 488/488/380 499/499/387
f 506/506/392 498/498/386 501/501/388
f 505/505/391 507/507/393 502/502/389
f 501/501/388 504/504/390 508/508/221
f 509/509/394 499/499/387 502/502/389
f 501/501/388 510/510/395 506/506/392
f 502/502/389 507/507/393 509/509/394
f 511/511/396 507/507/393 505/505/391
f 501/501/388 508/508/221 510/510/395
f 499/499/387 509/509/394 512/512/397
f 513/513/374 507/507/393 511/511/396
f 509/509/394 507/507/393 512/512/397
f 514/514/398 507/507/393 513/513/374
f 512/512/397 507/507/393 514/514/398
f 515/515/399 516/516/384 517/517/336
f 518/518/327 516/516/384 515/515/399
f 519/519/378 516/516/384 518/518/327
f 520/520/400 519/519/378 518/518/327
f 521/521/401 522/522/402 523/523/403
f 524/524/404 521/521/401 523/523/403
f 523/523/403 522/522/402 525/525/405
f 523/523/403 526/526/406 524/524/404
f 525/525/405 526/526/406 523/523/403
f 527/527/407 521/521/401 524/524/404
f 528/528/408 529/529/409 530/530/410
f 531/531/411 528/528/408 530/530/410
f 530/530/410 529/529/409 532/532/412
f 533/533/413 528/528/408 531/531/411
f 532/532/412 534/534/414 530/530/410
f 534/534/414 531/531/411 530/530/410
f 535/535/415 536/536/415 537/537/416
f 536/536/415 535/535/415 538/538/417
f 537/537/416 536/536/415 539/539/418
f 538/538/417 535/535/415 540/540/417
f 541/541/419 538/538/417 540/540/417
f 542/542/419 538/538/417 541/541/419
f 541/541/419 543/543/418 542/542/419
f 542/542/419 543/543/418 544/544/418
f 545/545/420 546/546/420 547/547/420
f 547/547/420 546/546/420 548/548/420
f 549/549/421 550/550/422 551/551/423
f 552/552/424 550/550/422 549/549/421
f 553/553/425 550/550/422 552/552/424
f 554/554/426 555/555/427 556/556/428
f 554/554/426 556/556/428 557/557/429
f 558/558/430 559/559/431 560/560/432
f 558/558/430 561/561/433 559/559/431
f 558/558/430 560/560/432 562/562/434
f 558/558/430 563/563/435 561/561/433
f 564/564/436 562/562/434 560/560/432
f 563/563/435 565/565/437 561/561/433
f 562/562/434 564/564/436 566/566/438
f 567/567/439 564/564/436 560/560/432
f 561/561/433 565/565/437 568/568/437
f 569/569/440 566/566/438 564/564/436
f 567/567/439 570/570/441 564/564/436
f 564/564/436 570/570/441 569/569/440
f 568/568/437 565/565/437 571/571/442
f 572/572/443 569/569/440 570/570/441
f 571/571/442 565/565/437 573/573/444
f 572/572/443 571/571/442 573/573/444
f 572/572/443 570/570/441 574/574/445
f 572/572/443 574/574/445 571/571/442
f 575/575/446 576/576/447 577/577/446
f 575/575/446 577/577/446 578/578/448
o Mesh_0399.rip_noesis_meshnode_0000_Mesh_0399.rip
v -0.323224 1.367594 0.042863
v -0.240704 1.369255 0.042071
v -0.323373 1.389798 -0.000275
v -0.407377 1.407762 -0.001621
v -0.240283 1.393741 0.000078
v -0.407300 1.372025 0.005970
v -0.240354 1.365384 -0.047659
v -0.240776 1.323649 0.043840
v -0.322968 1.362964 -0.049214
v -0.407167 1.318542 0.006307
v -0.322943 1.322787 0.043085
v -0.407302 1.374537 -0.009850
v -0.158379 1.401685 -0.000593
v -0.407189 1.322454 -0.009630
v -0.407100 1.285874 -0.001174
v -0.242294 1.300378 0.000396
v -0.322739 1.327356 -0.049385
v -0.322815 1.300722 -0.000275
v -0.241059 1.332937 -0.048925
v -0.407189 1.322454 -0.009630
v -0.407100 1.285874 -0.001174
v -0.476621 1.326802 -0.042000
v -0.477563 1.364228 -0.041667
v -0.476300 1.300555 -0.000080
v -0.407302 1.374537 -0.009850
v -0.740661 1.326349 -0.045376
v -0.407377 1.407762 -0.001621
v -0.740232 1.291376 0.003195
v -0.741005 1.363254 -0.045429
v -0.478533 1.389545 -0.000065
v -0.741230 1.398461 0.003201
v -0.407377 1.407762 -0.001621
v -0.478533 1.389545 -0.000065
v -0.477498 1.368339 0.039769
v -0.407300 1.372025 0.005970
v -0.740630 1.367855 0.040856
v -0.476335 1.322021 0.039846
v -0.741230 1.398461 0.003201
v -0.740201 1.321718 0.040720
v -0.407167 1.318542 0.006307
v -0.476300 1.300555 -0.000080
v -0.407100 1.285874 -0.001174
v -0.740232 1.291376 0.003195
v -0.718419 1.342637 0.029262
v -0.718707 1.312350 0.000089
v -0.740201 1.321718 0.040720
v -0.740630 1.367855 0.040856
v -0.740232 1.291376 0.003195
v -0.718716 1.373415 0.001374
v -0.741230 1.398461 0.003201
v -0.719592 1.347662 -0.031475
v -0.740661 1.326349 -0.045376
v -0.718707 1.312350 0.000089
v -0.741005 1.363254 -0.045429
v -0.740232 1.291376 0.003195
v -0.718716 1.373415 0.001374
v -0.741230 1.398461 0.003201
v -0.895169 1.357025 0.024814
v -0.871683 1.332440 0.039477
v -0.899907 1.326511 0.039738
v -0.917528 1.338692 0.026246
v -0.871557 1.332211 0.009472
v -0.914460 1.307956 0.040017
v -0.893957 1.353501 0.054437
v -0.905612 1.326863 0.009183
v -0.916254 1.338573 0.054526
v -0.929722 1.310263 0.027015
v -0.895050 1.364199 -0.002607
v -0.922079 1.278207 0.040423
v -0.925184 1.338055 0.023207
v -0.929609 1.310707 0.054389
v -0.925483 1.338728 -0.002858
v -0.934680 1.278974 0.029721
v -0.925252 1.315646 0.009289
v -0.935148 1.278526 0.052442
v -0.933090 1.276091 0.040571
v -0.938532 1.318803 0.021746
v -0.939182 1.318892 -0.002066
v -0.909452 1.323781 -0.018556
v -0.868771 1.330601 -0.016480
v -0.934164 1.284832 0.009406
v -0.924260 1.341140 -0.004850
v -0.890716 1.360748 -0.031035
v -0.944390 1.284522 0.020469
v -0.944956 1.284549 -0.001374
v -0.925755 1.314314 -0.006761
v -0.888723 1.336581 -0.047586
v -0.942873 1.282832 0.009642
v -0.911652 1.309136 -0.019925
v -0.855722 1.333579 -0.056622
v -0.908896 1.335552 -0.033971
v -0.926063 1.314648 -0.032067
v -0.923909 1.341467 -0.032161
v -0.894633 1.327000 -0.047386
v -0.823162 1.314173 -0.003252
v -0.901574 1.297120 -0.035766
v -0.886090 1.351951 -0.058778
v -0.917481 1.283162 -0.030113
v -0.890677 1.302564 -0.047039
v -0.908130 1.334938 -0.060398
v -0.852141 1.360072 -0.063837
v -0.907170 1.285665 -0.020478
v -0.809984 1.356909 -0.058290
v -0.915584 1.281678 -0.020254
v -0.901472 1.296888 -0.057584
v -0.791621 1.320827 -0.046978
v -0.917107 1.283078 -0.010336
v -0.898796 1.295723 -0.046738
v -0.858579 1.370420 -0.039878
v -0.764064 1.349967 -0.038344
v -0.764648 1.314733 -0.000656
v -0.818424 1.372216 -0.010625
v -0.888063 1.363001 -0.046645
v -0.907342 1.292660 -0.046287
v -0.898796 1.295723 -0.046738
v -0.719592 1.347662 -0.031475
v -0.863302 1.375406 -0.015355
v -0.718707 1.312350 0.000089
v -0.863023 1.373461 0.023964
v -0.917621 1.340114 -0.047983
v -0.816822 1.366814 0.029328
v -0.896273 1.374590 0.010087
v -0.908896 1.335552 -0.033971
v -0.777609 1.371272 -0.004688
v -0.895169 1.357025 0.024814
v -0.890716 1.360748 -0.031035
v -0.893983 1.366591 0.040454
v -0.894907 1.370473 -0.018024
v -0.869146 1.349442 0.058183
v -0.752874 1.371634 -0.000830
v -0.923370 1.355431 -0.018686
v -0.893957 1.353501 0.054437
v -0.923909 1.341467 -0.032161
v -0.829422 1.344071 0.060482
v -0.718716 1.373415 0.001374
v -0.937412 1.317948 -0.019342
v -0.793932 1.332255 0.069203
v -0.718419 1.342637 0.029262
v -0.895050 1.364199 -0.002607
v -0.763301 1.342160 0.039786
v -0.845005 1.311166 0.086730
v -0.924260 1.341140 -0.004850
v -0.803051 1.298908 0.049804
v -0.925755 1.314314 -0.006761
v -0.852811 1.324850 0.069160
v -0.925726 1.282452 -0.019963
v -0.887047 1.300161 0.085745
v -0.926063 1.314648 -0.032067
v -0.889349 1.313417 0.072969
v -0.930015 1.351859 0.009974
v -0.917107 1.283078 -0.010336
v -0.925483 1.338728 -0.002858
v -0.917481 1.283162 -0.030113
v -0.915584 1.281678 -0.020254
v -0.950028 1.320599 0.009909
v -0.925184 1.338055 0.023207
v -0.939182 1.318892 -0.002066
v -0.917528 1.338692 0.026246
v -0.919299 1.352274 0.040463
v -0.938532 1.318803 0.021746
v -0.944956 1.284549 -0.001374
v -0.941270 1.312519 0.040580
v -0.944390 1.284522 0.020469
v -0.953075 1.284466 0.009851
v -0.929722 1.310263 0.027015
v -0.934680 1.278974 0.029721
v -0.942873 1.282832 0.009642
v -0.916254 1.338573 0.054526
v -0.942654 1.279553 0.040735
v -0.933090 1.276091 0.040571
v -0.929609 1.310707 0.054389
v -0.935148 1.278526 0.052442
v -0.889349 1.313417 0.072969
v -0.893742 1.296589 0.064291
v -0.896310 1.296799 0.074282
v -0.850975 1.310113 0.050127
v -0.880273 1.285911 0.073701
v -0.852811 1.324850 0.069160
v -0.887047 1.300161 0.085745
v -0.843879 1.324341 0.039524
v -0.843871 1.295289 0.072330
v -0.803051 1.298908 0.049804
v -0.829422 1.344071 0.060482
v -0.869146 1.349442 0.058183
v -0.764648 1.314733 -0.000656
v -0.718707 1.312350 0.000089
v -0.843871 1.295289 0.072330
v -0.880273 1.285911 0.073701
v -0.901574 1.297120 -0.035766
vt 0.481005 0.525488
vt 0.481005 0.589636
vt 0.514908 0.525488
vt 0.514908 0.456545
vt 0.514908 0.589636
vt 0.481005 0.456545
vt 0.481005 0.589636
vt 0.444925 0.589636
vt 0.481005 0.525488
vt 0.444925 0.456545
vt 0.444925 0.525488
vt 0.481005 0.456545
vt 0.514908 0.658912
vt 0.444925 0.456545
vt 0.412712 0.456545
vt 0.412712 0.589636
vt 0.444925 0.525488
vt 0.412712 0.525488
vt 0.444925 0.589636
vt 0.444925 0.589636
vt 0.412712 0.589636
vt 0.444925 0.529588
vt 0.480986 0.529588
vt 0.412712 0.529588
vt 0.481005 0.589636
vt 0.444925 0.336549
vt 0.514908 0.589636
vt 0.412712 0.336549
vt 0.482758 0.336549
vt 0.514908 0.529588
vt 0.514908 0.336549
vt 0.613667 0.271629
vt 0.613667 0.209780
vt 0.580734 0.209780
vt 0.580752 0.271629
vt 0.582505 0.016864
vt 0.544673 0.209780
vt 0.613667 0.016741
vt 0.544673 0.016864
vt 0.544673 0.271629
vt 0.511471 0.209780
vt 0.511471 0.271629
vt 0.511471 0.016741
vt 0.565725 0.003993
vt 0.511471 0.003993
vt 0.544673 0.016864
vt 0.582505 0.016864
vt 0.511471 0.016741
vt 0.613667 0.003993
vt 0.613667 0.016741
vt 0.465567 0.323801
vt 0.444925 0.336549
vt 0.412712 0.323801
vt 0.482758 0.336549
vt 0.412712 0.336549
vt 0.514908 0.323801
vt 0.514908 0.336549
vt 0.051576 0.076160
vt 0.068742 0.068659
vt 0.047805 0.064265
vt 0.037649 0.072963
vt 0.068316 0.086632
vt 0.026771 0.062276
vt 0.056811 0.053790
vt 0.045101 0.085260
vt 0.041062 0.052683
vt 0.025021 0.070357
vt 0.049617 0.094342
vt 0.010700 0.061126
vt 0.037490 0.075555
vt 0.027416 0.053192
vt 0.036362 0.092374
vt 0.009849 0.067225
vt 0.020968 0.083805
vt 0.011020 0.053803
vt 0.005984 0.060718
vt 0.021362 0.077269
vt 0.020457 0.090098
vt 0.046118 0.103096
vt 0.068569 0.103847
vt 0.006634 0.083360
vt 0.038211 0.095283
vt 0.052717 0.112129
vt 0.007270 0.078767
vt 0.006559 0.088109
vt 0.021704 0.096784
vt 0.057112 0.125609
vt 0.003686 0.083165
vt 0.021856 0.102731
vt 0.073116 0.127567
vt 0.034972 0.116995
vt 0.021523 0.108448
vt 0.037722 0.109533
vt 0.035798 0.125511
vt 0.104465 0.098410
vt 0.014168 0.119002
vt 0.057025 0.139559
vt 0.007082 0.107481
vt 0.014160 0.126236
vt 0.035692 0.137888
vt 0.073469 0.146893
vt 0.006958 0.102800
vt 0.103867 0.145678
vt 0.003487 0.102933
vt 0.013565 0.136660
vt 0.101246 0.129204
vt 0.006988 0.098123
vt 0.009363 0.130091
vt 0.073686 0.159989
vt 0.154116 0.141537
vt 0.154129 0.099531
vt 0.108900 0.176771
vt 0.055052 0.151112
vt 0.013003 0.148481
vt 0.008928 0.150391
vt 0.185278 0.139549
vt 0.073986 0.178054
vt 0.184164 0.096372
vt 0.075434 0.202039
vt 0.034849 0.148684
vt 0.111381 0.203653
vt 0.052167 0.193631
vt 0.033397 0.158347
vt 0.151738 0.177663
vt 0.052021 0.205196
vt 0.051976 0.163415
vt 0.054827 0.216077
vt 0.051632 0.174215
vt 0.073585 0.230512
vt 0.173080 0.177710
vt 0.037183 0.174376
vt 0.056211 0.228366
vt 0.036768 0.166960
vt 0.102075 0.234031
vt 0.196188 0.177095
vt 0.021224 0.174577
vt 0.138819 0.234594
vt 0.194172 0.217757
vt 0.048424 0.184698
vt 0.163215 0.221366
vt 0.102986 0.261190
vt 0.036692 0.182093
vt 0.142855 0.257512
vt 0.020875 0.180835
vt 0.093427 0.253685
vt 0.006998 0.174757
vt 0.082499 0.278029
vt 0.020717 0.168454
vt 0.080525 0.272651
vt 0.036157 0.194757
vt 0.006776 0.179714
vt 0.034930 0.187313
vt 0.006408 0.169785
vt 0.002957 0.174968
vt 0.020939 0.195838
vt 0.035962 0.202922
vt 0.019971 0.190226
vt 0.035293 0.209338
vt 0.038949 0.218931
vt 0.020755 0.201810
vt 0.006900 0.192772
vt 0.026490 0.220704
vt 0.007466 0.200839
vt 0.007641 0.196783
vt 0.023881 0.212995
vt 0.010170 0.217388
vt 0.004514 0.197036
vt 0.039148 0.229444
vt 0.011522 0.222835
vt 0.007155 0.223596
vt 0.026746 0.229048
vt 0.011844 0.228573
vt 0.077710 0.014307
vt 0.086886 0.015422
vt 0.086645 0.013527
vt 0.088114 0.042929
vt 0.094853 0.012268
vt 0.079953 0.043066
vt 0.086363 0.011318
vt 0.087947 0.066806
vt 0.101494 0.038845
vt 0.120295 0.064351
vt 0.082310 0.054635
vt 0.066471 0.054110
vt 0.182490 0.245050
vt 0.194671 0.234610
vt 0.107552 0.270728
vt 0.087604 0.281939
vt 0.012865 0.157468
vn -0.1484 0.4596 0.8756
vn 0.0849 0.5271 0.8455
vn 0.0903 0.9959 -0.0103
vn -0.0102 0.9998 -0.0168
vn -0.0642 0.9979 -0.0064
vn 0.0181 0.1084 0.9939
vn 0.1272 0.4954 -0.8593
vn 0.1175 -0.5111 0.8515
vn -0.1481 0.4582 -0.8764
vn 0.0194 -0.1092 0.9938
vn -0.1492 -0.4581 0.8763
vn -0.0055 0.1233 -0.9924
vn -0.3190 0.9477 0.0097
vn -0.0031 -0.1127 -0.9936
vn -0.0049 -0.9998 -0.0170
vn -0.0183 -0.9991 -0.0376
vn -0.1473 -0.4466 -0.8825
vn 0.0964 -0.9951 -0.0210
vn 0.1551 -0.4657 -0.8712
vn -0.0031 -0.1128 -0.9936
vn -0.0049 -0.9998 -0.0169
vn 0.1525 -0.4265 -0.8915
vn 0.1366 0.4350 -0.8900
vn -0.0969 -0.9951 -0.0175
vn 0.0163 -0.4670 -0.8841
vn 0.0208 -0.9998 -0.0027
vn 0.0150 0.4724 -0.8813
vn -0.1193 0.9928 -0.0143
vn 0.0186 0.9998 -0.0008
vn -0.0101 0.9998 -0.0168
vn 0.1544 0.4393 0.8850
vn 0.0182 0.1084 0.9939
vn 0.0123 0.4711 0.8820
vn 0.1626 -0.4389 0.8837
vn 0.0185 0.9998 -0.0008
vn 0.0130 -0.4714 0.8818
vn -0.0048 -0.9998 -0.0170
vn -0.7117 0.0096 -0.7024
vn -0.7797 0.6261 0.0039
vn -0.6151 0.2877 -0.7341
vn -0.6317 -0.2751 -0.7248
vn -0.7826 -0.6224 -0.0129
vn -0.7825 -0.6225 -0.0129
vn -0.7283 -0.0170 0.6850
vn -0.6468 0.2900 0.7054
vn -0.6524 -0.3187 0.6876
vn -0.9616 0.0378 0.2718
vn -0.3068 -0.9360 0.1726
vn 0.5570 -0.8288 -0.0523
vn -0.1426 0.1028 -0.9844
vn -0.4311 -0.9023 -0.0051
vn 0.9249 -0.3793 -0.0266
vn -0.0225 0.0903 0.9957
vn 0.5037 -0.8616 -0.0627
vn -0.0767 0.0643 0.9950
vn -0.1377 -0.0228 -0.9902
vn -0.8792 0.4098 -0.2431
vn 0.5967 -0.8020 -0.0284
vn -0.1108 -0.0099 0.9938
vn -0.1086 -0.0174 0.9939
vn -0.1322 0.0739 -0.9885
vn -0.1135 -0.7255 -0.6788
vn 0.8643 -0.5017 -0.0351
vn -0.1059 -0.7553 0.6467
vn -0.0817 -0.9962 -0.0294
vn -0.0965 -0.0601 0.9935
vn -0.1337 -0.0276 -0.9906
vn 0.7414 -0.6711 0.0038
vn -0.4390 -0.8980 0.0292
vn 0.6211 -0.7835 -0.0165
vn -0.1702 0.1327 0.9764
vn -0.5903 0.5471 -0.5935
vn 0.0073 -0.7679 0.6406
vn -0.0244 -0.7636 -0.6452
vn -0.1018 -0.0294 0.9944
vn -0.0242 -0.9797 -0.1988
vn 0.0325 -0.9995 -0.0001
vn 0.9994 0.0350 -0.0073
vn -0.1459 -0.8171 -0.5578
vn -0.1385 0.0774 0.9873
vn -0.1089 0.0276 -0.9937
vn -0.0978 0.1473 -0.9842
vn 0.9584 -0.2852 0.0111
vn -0.2352 -0.9647 -0.1186
vn 0.3261 -0.6801 0.6566
vn -0.1256 0.1514 -0.9805
vn 0.0948 -0.7548 -0.6490
vn 0.8991 -0.4377 0.0035
vn -0.0290 0.0105 -0.9995
vn -0.0891 0.4879 -0.8683
vn 0.8231 -0.5676 -0.0187
vn 0.2376 0.6965 -0.6771
vn 0.1804 -0.9836 -0.0072
vn 0.3177 -0.6959 -0.6440
vn 0.2577 -0.6918 -0.6745
vn 0.1216 -0.7678 0.6290
vn 0.4982 -0.8670 0.0111
vn 0.0099 0.9540 -0.2998
vn 0.3795 0.2954 -0.8768
vn 0.3199 -0.9406 -0.1136
vn 0.0842 0.9906 -0.1079
vn -0.4067 0.8639 -0.2970
vn -0.4158 -0.9095 -0.0019
vn 0.0734 0.0941 -0.9929
vn -0.1625 0.9761 -0.1444
vn 0.0517 -0.9973 -0.0521
vn -0.0780 0.9497 0.3031
vn -0.9430 0.3098 -0.1216
vn 0.1314 0.8857 0.4453
vn -0.4180 0.9057 0.0711
vn 0.1203 0.9926 -0.0131
vn -0.9616 0.0378 0.2719
vn -0.5904 0.5471 -0.5934
vn -0.2909 0.9269 0.2371
vn -0.3325 0.9351 -0.1226
vn 0.0181 0.4222 0.9063
vn 0.0267 0.9986 0.0466
vn -0.8171 0.5737 -0.0565
vn -0.0978 0.1473 -0.9843
vn -0.2131 0.6562 0.7239
vn 0.0758 0.9952 0.0621
vn -0.9995 -0.0303 0.0006
vn 0.4094 0.3178 0.8552
vn 0.0774 -0.0176 0.9968
vn -0.8792 0.4097 -0.2430
vn 0.3174 0.4696 0.8238
vn 0.2161 -0.1082 0.9704
vn -0.1703 0.1327 0.9764
vn 0.1561 -0.9872 0.0340
vn -0.1017 -0.0294 0.9944
vn -0.5975 0.7988 0.0708
vn -0.5499 -0.8352 0.0035
vn -0.4363 -0.0870 0.8956
vn -0.7277 0.6799 0.0910
vn -0.7291 0.6838 0.0277
vn -0.1323 0.0739 -0.9885
vn -0.9426 0.3335 0.0176
vn -0.1107 -0.0099 0.9938
vn -0.7484 0.6617 0.0447
vn -0.0244 -0.7637 -0.6451
vn -0.9624 0.2716 0.0010
vn -0.7132 -0.7007 0.0174
vn -0.7906 -0.6116 -0.0291
vn -0.1059 -0.7554 0.6467
vn -0.7047 -0.1936 -0.6825
vn -0.9296 -0.2722 0.2484
vn -0.3342 -0.4526 -0.8267
vn -0.1876 -0.9817 -0.0318
vn -0.5975 0.7988 0.0707
vn -0.6998 -0.7009 -0.1380
vn 0.1970 -0.9726 0.1236
vn 0.1970 -0.9726 0.1235
usemtl mat0.005
s 1
f 579/579/449 580/580/450 581/581/451
f 581/581/451 582/582/452 579/579/449
f 581/581/451 580/580/450 583/583/453
f 582/582/452 584/584/454 579/579/449
f 585/585/455 581/581/451 583/583/453
f 579/579/449 586/586/456 580/580/450
f 582/582/452 581/581/451 587/587/457
f 584/584/454 588/588/458 579/579/449
f 587/587/457 581/581/451 585/585/455
f 589/589/459 586/586/456 579/579/449
f 590/590/460 582/582/452 587/587/457
f 579/579/449 588/588/458 589/589/459
f 583/583/453 580/580/450 591/591/461
f 591/591/461 585/585/455 583/583/453
f 587/587/457 592/592/462 590/590/460
f 589/589/459 588/588/458 593/593/463
f 589/589/459 594/594/464 586/586/456
f 595/595/465 592/592/462 587/587/457
f 593/593/463 592/592/462 595/595/465
f 596/596/466 594/594/464 589/589/459
f 596/596/466 589/589/459 593/593/463
f 596/596/466 595/595/465 594/594/464
f 593/593/463 595/595/465 596/596/466
f 587/587/457 597/597/467 595/595/465
f 594/594/464 595/595/465 597/597/467
f 598/598/468 599/599/469 600/600/470
f 600/600/470 601/601/471 598/598/468
f 599/599/469 602/602/472 600/600/470
f 598/598/468 601/601/471 603/603/460
f 602/602/472 604/604/473 600/600/470
f 604/604/473 601/601/471 600/600/470
f 601/601/471 605/605/452 603/603/460
f 606/606/474 604/604/473 602/602/472
f 607/607/475 601/601/471 604/604/473
f 601/601/471 608/608/476 605/605/452
f 601/601/471 607/607/475 608/608/476
f 608/608/476 607/607/475 609/609/477
f 610/610/478 611/611/476 612/612/479
f 613/613/480 610/610/478 612/612/479
f 611/611/476 614/614/481 612/612/479
f 612/612/479 615/615/482 613/613/480
f 616/616/483 614/614/481 611/611/476
f 615/615/482 612/612/479 617/617/484
f 617/617/484 612/612/479 614/614/481
f 613/613/480 615/615/482 618/618/458
f 615/615/482 617/617/484 619/619/472
f 615/615/482 620/620/485 618/618/458
f 615/615/482 619/619/472 620/620/485
f 619/619/472 617/617/484 621/621/474
f 622/622/486 623/623/487 624/624/488
f 622/622/486 624/624/488 625/625/489
f 624/624/488 623/623/487 626/626/487
f 625/625/489 627/627/490 622/622/486
f 628/628/491 627/627/490 625/625/489
f 629/629/492 630/630/493 631/631/487
f 630/630/493 629/629/492 632/632/494
f 631/631/487 630/630/493 633/633/487
f 634/634/490 632/632/494 629/629/492
f 635/635/490 632/632/494 634/634/490
f 636/636/495 637/637/496 638/638/497
f 636/636/495 638/638/497 639/639/498
f 637/637/496 636/636/495 640/640/499
f 641/641/500 639/639/498 638/638/497
f 637/637/496 642/642/501 638/638/497
f 643/643/502 640/640/499 636/636/495
f 644/644/503 641/641/500 638/638/497
f 645/645/504 639/639/498 641/641/500
f 638/638/497 642/642/501 644/644/503
f 640/640/499 643/643/502 646/646/505
f 647/647/506 645/645/504 641/641/500
f 636/636/495 648/648/507 643/643/502
f 649/649/508 641/641/500 644/644/503
f 646/646/505 643/643/502 650/650/509
f 649/649/508 647/647/506 641/641/500
f 651/651/510 645/645/504 647/647/506
f 648/648/507 652/652/511 643/643/502
f 643/643/502 652/652/511 650/650/509
f 653/653/512 647/647/506 649/649/508
f 654/654/513 651/651/510 647/647/506
f 655/655/514 652/652/511 648/648/507
f 650/650/509 652/652/511 656/656/515
f 654/654/513 647/647/506 653/653/512
f 657/657/516 658/658/517 646/646/505
f 655/655/514 659/659/518 652/652/511
f 652/652/511 659/659/518 656/656/515
f 657/657/516 646/646/505 660/660/519
f 657/657/516 661/661/520 658/658/517
f 662/662/521 659/659/518 655/655/514
f 656/656/515 659/659/518 663/663/522
f 664/664/523 657/657/516 660/660/519
f 665/665/524 658/658/517 661/661/520
f 659/659/518 662/662/521 666/666/525
f 666/666/525 663/663/522 659/659/518
f 667/667/526 657/657/516 664/664/523
f 665/665/524 668/668/527 658/658/517
f 661/661/520 669/669/528 665/665/524
f 640/640/499 646/646/505 658/658/517
f 670/670/529 657/657/516 667/667/526
f 661/661/520 657/657/516 671/671/530
f 665/665/524 669/669/528 672/672/531
f 668/668/527 673/673/532 658/658/517
f 671/671/530 657/657/516 670/670/529
f 658/658/517 673/673/532 640/640/499
f 674/674/533 672/672/531 669/669/528
f 675/675/534 668/668/527 665/665/524
f 670/670/529 667/667/526 676/676/535
f 677/677/536 672/672/531 674/674/533
f 665/665/524 678/678/537 675/675/534
f 679/679/538 668/668/527 675/675/534
f 676/676/535 667/667/526 680/680/539
f 672/672/531 678/678/537 665/665/524
f 679/679/538 681/681/540 668/668/527
f 676/676/535 680/680/539 682/682/541
f 677/677/536 683/683/542 672/672/531
f 672/672/531 683/683/542 678/678/537
f 668/668/527 681/681/540 684/684/543
f 685/685/544 682/682/541 680/680/539
f 680/680/539 667/667/526 685/685/544
f 686/686/545 683/683/542 677/677/536
f 687/687/546 681/681/540 679/679/538
f 684/684/543 681/681/540 688/688/547
f 685/685/544 667/667/526 664/664/523
f 686/686/545 677/677/536 674/674/533
f 689/689/548 684/684/543 688/688/547
f 687/687/546 690/690/549 681/681/540
f 687/687/546 679/679/538 691/691/550
f 692/692/551 683/683/542 693/693/545
f 694/694/552 689/689/548 688/688/547
f 691/691/550 695/695/553 687/687/546
f 695/695/553 690/690/549 687/687/546
f 683/683/542 692/692/551 678/678/537
f 696/696/554 689/689/548 694/694/552
f 697/697/555 690/690/549 695/695/553
f 691/691/550 679/679/538 675/675/534
f 698/698/556 675/675/534 678/678/537
f 678/678/537 692/692/551 698/698/556
f 699/699/557 690/690/549 697/697/555
f 691/691/550 675/675/534 698/698/556
f 700/700/558 697/697/555 695/695/553
f 698/698/556 692/692/551 701/701/528
f 702/702/559 690/690/549 699/699/557
f 701/701/528 691/691/550 698/698/556
f 703/703/560 697/697/555 700/700/558
f 702/702/559 681/681/540 690/690/549
f 704/704/561 691/691/550 701/701/528
f 704/704/561 695/695/553 691/691/550
f 697/697/555 703/703/560 705/705/562
f 688/688/547 681/681/540 702/702/559
f 704/704/561 706/706/563 695/695/553
f 697/697/555 705/705/562 707/707/564
f 707/707/564 699/699/557 697/697/555
f 708/708/565 688/688/547 702/702/559
f 704/704/561 709/709/566 706/706/563
f 707/707/564 705/705/562 710/710/501
f 708/708/565 694/694/552 688/688/547
f 711/711/567 709/709/566 704/704/561
f 712/712/568 699/699/557 707/707/564
f 713/713/569 694/694/552 708/708/565
f 709/709/566 711/711/567 714/714/570
f 699/699/557 712/712/568 715/715/571
f 713/713/569 708/708/565 716/716/572
f 706/706/563 709/709/566 717/717/573
f 715/715/571 718/718/574 699/699/557
f 712/712/568 719/719/575 715/715/571
f 716/716/572 708/708/565 718/718/574
f 717/717/573 709/709/566 720/720/576
f 709/709/566 714/714/570 720/720/576
f 719/719/575 721/721/577 715/715/571
f 718/718/574 708/708/565 702/702/559
f 702/702/559 699/699/557 718/718/574
f 720/720/576 714/714/570 722/722/578
f 715/715/571 721/721/577 718/718/574
f 723/723/579 719/719/575 712/712/568
f 695/695/553 706/706/563 717/717/573
f 714/714/570 724/724/580 722/722/578
f 723/723/579 725/725/581 719/719/575
f 700/700/558 695/695/553 717/717/573
f 726/726/529 724/724/580 714/714/570
f 727/727/582 725/725/581 723/723/579
f 717/717/573 728/728/583 700/700/558
f 714/714/570 711/711/567 726/726/529
f 722/722/578 724/724/580 729/729/544
f 730/730/584 728/728/583 717/717/573
f 700/700/558 728/728/583 703/703/560
f 731/731/535 724/724/580 726/726/529
f 729/729/544 724/724/580 732/732/541
f 730/730/584 733/733/585 728/728/583
f 703/703/560 728/728/583 734/734/586
f 724/724/580 731/731/535 732/732/541
f 728/728/583 733/733/585 734/734/586
f 735/735/515 733/733/585 730/730/584
f 736/736/498 737/737/587 703/703/560
f 734/734/586 733/733/585 738/738/514
f 735/735/515 739/739/588 733/733/585
f 736/736/498 740/740/589 737/737/587
f 703/703/560 737/737/587 705/705/562
f 733/733/585 741/741/521 738/738/514
f 733/733/585 739/739/588 742/742/590
f 743/743/504 740/740/589 736/736/498
f 705/705/562 737/737/587 710/710/501
f 742/742/590 741/741/521 733/733/585
f 743/743/504 744/744/510 740/740/589
f 742/742/590 739/739/588 745/745/525
f 710/710/501 737/737/587 746/746/503
f 741/741/521 742/742/590 745/745/525
f 740/740/589 744/744/510 747/747/591
f 740/740/589 746/746/503 737/737/587
f 744/744/510 748/748/513 747/747/591
f 747/747/591 749/749/508 740/740/589
f 749/749/508 746/746/503 740/740/589
f 750/750/592 747/747/591 748/748/513
f 750/750/592 749/749/508 747/747/591
f 751/751/582 752/752/593 753/753/594
f 752/752/593 751/751/582 754/754/595
f 755/755/596 753/753/594 752/752/593
f 754/754/595 755/755/596 752/752/593
f 754/754/595 751/751/582 756/756/597
f 751/751/582 753/753/594 757/757/581
f 755/755/596 757/757/581 753/753/594
f 758/758/598 754/754/595 756/756/597
f 759/759/599 755/755/596 754/754/595
f 760/760/577 754/754/595 758/758/598
f 759/759/599 754/754/595 760/760/577
f 758/758/598 756/756/597 761/761/568
f 758/758/598 673/673/532 760/760/577
f 761/761/568 762/762/564 758/758/598
f 760/760/577 673/673/532 689/689/548
f 758/758/598 762/762/564 637/637/496
f 640/640/499 673/673/532 758/758/598
f 640/640/499 758/758/598 637/637/496
f 762/762/564 642/642/501 637/637/496
f 689/689/548 673/673/532 684/684/543
f 668/668/527 684/684/543 673/673/532
f 718/718/574 763/763/548 716/716/572
f 718/718/574 721/721/577 763/763/548
f 716/716/572 763/763/548 764/764/554
f 765/765/600 721/721/577 719/719/575
f 765/765/600 719/719/575 766/766/596
f 766/766/596 719/719/575 725/725/581
f 767/767/533 692/692/551 693/693/545
f 701/701/528 692/692/551 767/767/533
o Mesh_0400.rip_noesis_meshnode_0000_Mesh_0400.rip
v 0.068563 0.935338 0.019154
v 0.000000 0.930854 0.000379
v 0.058543 0.833752 0.050949
v -0.016726 0.085257 0.014545
v -0.091226 0.097879 0.103968
v -0.031269 0.045374 0.141408
v -0.014734 -0.001061 0.125586
v -0.091484 0.066282 0.159301
v -0.025944 0.019319 0.006642
v -0.092012 0.010100 0.261895
v -0.150400 0.045916 0.145579
v -0.030232 0.081603 -0.035174
v -0.094784 0.045000 0.259249
v -0.163818 0.086068 0.013129
v -0.034330 -0.000799 -0.047326
v -0.167926 -0.000093 0.129834
v -0.092281 0.000180 -0.073725
v -0.029583 -0.000847 0.008259
v -0.161096 0.030303 0.004381
v -0.091671 0.090922 -0.077580
v -0.089864 0.293758 0.087316
v -0.152657 0.086730 -0.035489
v -0.146931 0.001027 -0.047217
v -0.151107 0.001206 0.008223
v -0.169458 0.338218 -0.001074
v -0.017741 0.332810 0.001872
v -0.152657 0.086730 -0.035489
v -0.030232 0.081603 -0.035174
v -0.090265 0.299977 -0.086463
v -0.091671 0.090922 -0.077580
v -0.131071 0.300979 -0.000598
v -0.137171 0.502086 0.001291
v -0.091630 0.300833 -0.050553
v -0.091823 0.301312 0.046529
v -0.090288 0.503996 -0.054605
v -0.090381 0.503993 0.055824
v -0.036543 0.502240 0.001256
v -0.161024 0.593620 -0.000667
v -0.046895 0.300947 0.011100
v -0.089548 0.593617 -0.013747
v -0.089558 0.593618 0.010746
v -0.022773 0.593615 -0.000812
v -0.119243 0.673194 0.047800
v -0.089635 0.673134 -0.049907
v -0.056526 0.673173 0.046408
v -0.138026 0.672957 -0.000042
v -0.038663 0.672952 -0.000040
v -0.058543 0.833752 0.050948
v -0.136951 0.833792 0.001394
v -0.088953 0.833782 -0.049842
v -0.117545 0.833754 0.048169
v -0.037490 0.833792 0.000923
v -0.068583 0.935338 0.019154
v 0.000000 0.930854 0.000379
v -0.135910 0.964944 0.000455
v -0.074969 0.935060 -0.020702
v -0.161096 0.030303 0.004381
v -0.025944 0.019319 0.006642
v -0.167926 -0.000093 0.129834
v -0.014734 -0.001061 0.125586
v -0.092012 0.010100 0.261895
v -0.029583 -0.000847 0.008259
v -0.025944 0.019319 0.006642
v -0.151107 0.001206 0.008223
v -0.161096 0.030303 0.004381
v -0.092281 0.000180 -0.073725
v -0.034330 -0.000799 -0.047326
v -0.029583 -0.000847 0.008259
v -0.151107 0.001206 0.008223
v -0.146931 0.001027 -0.047217
v -0.131071 0.300979 -0.000598
v -0.178781 0.373928 -0.005471
v -0.091823 0.301312 0.046529
v -0.090152 0.322208 -0.093346
v -0.117177 0.321486 0.104053
v -0.091630 0.300833 -0.050553
v -0.062964 0.320412 0.101945
v -0.046895 0.300947 0.011100
v -0.004904 0.376011 0.004257
v -0.089864 0.293758 0.087316
v -0.062964 0.320412 0.101945
v -0.117177 0.321486 0.104053
v -0.169458 0.338218 -0.001074
v -0.178781 0.373928 -0.005471
v -0.090152 0.322208 -0.093346
v -0.090265 0.299977 -0.086463
v -0.017741 0.332810 0.001872
v -0.062964 0.320412 0.101945
v -0.004904 0.376011 0.004257
v 0.079581 0.967217 0.062224
v 0.072306 1.029042 0.118815
v -0.000020 0.963160 0.078254
v 0.129827 1.029859 0.071752
v -0.000020 1.028429 0.131999
v 0.068563 0.935338 0.019154
v 0.071554 1.101267 0.120266
v 0.000000 0.930854 0.000379
v 0.135890 0.964944 0.000455
v 0.136205 1.101380 0.074148
v -0.000020 1.101163 0.130655
v -0.072346 1.029042 0.118815
v 0.163632 1.031259 0.001841
v -0.068583 0.935338 0.019154
v -0.071594 1.101267 0.120266
v 0.162160 1.101497 0.000937
v 0.133371 1.029988 -0.071536
v -0.079622 0.967217 0.062224
v 0.133390 1.101461 -0.069423
v 0.084429 0.969292 -0.065512
v -0.135910 0.964944 0.000455
v -0.129867 1.029859 0.071752
v 0.074949 0.935060 -0.020702
v 0.078096 1.101487 -0.123727
v 0.079090 1.029275 -0.123283
v -0.000101 0.964713 -0.083103
v -0.163673 1.031259 0.001841
v 0.000000 0.930854 0.000379
v -0.000020 1.028706 -0.138413
v -0.074969 0.935060 -0.020702
v -0.000020 1.101553 -0.144782
v -0.084470 0.969292 -0.065512
v -0.078137 1.101487 -0.123727
v -0.079130 1.029276 -0.123283
v -0.135910 0.964944 0.000455
v -0.133411 1.029988 -0.071536
v -0.163673 1.031259 0.001841
v -0.072346 1.029042 0.118815
v -0.129867 1.029859 0.071752
vt 0.753979 0.456199
vt 0.700639 0.446470
vt 0.735127 0.362373
vt 0.331429 0.087022
vt 0.239062 0.108906
vt 0.209517 0.038533
vt 0.224387 0.008619
vt 0.180711 0.067328
vt 0.331429 0.027035
vt 0.112677 0.008619
vt 0.209517 0.038533
vt 0.370411 0.081547
vt 0.118487 0.028629
vt 0.331429 0.087022
vt 0.379467 0.008619
vt 0.224388 0.008619
vt 0.430658 0.008619
vt 0.331429 0.008619
vt 0.331429 0.027035
vt 0.430658 0.086016
vt 0.240388 0.265835
vt 0.370148 0.083663
vt 0.379467 0.008619
vt 0.331429 0.008619
vt 0.342802 0.303875
vt 0.342802 0.303875
vt 0.370148 0.083663
vt 0.370411 0.081547
vt 0.430658 0.264327
vt 0.430658 0.086016
vt 0.812291 0.404648
vt 0.812291 0.232051
vt 0.759129 0.404648
vt 0.759129 0.404648
vt 0.759129 0.232051
vt 0.759129 0.232051
vt 0.700562 0.232051
vt 0.812291 0.178998
vt 0.700562 0.404648
vt 0.752832 0.178998
vt 0.753706 0.178998
vt 0.700562 0.178998
vt 0.777486 0.232051
vt 0.756306 0.232051
vt 0.735127 0.232051
vt 0.812291 0.232051
vt 0.700562 0.232051
vt 0.735127 0.362373
vt 0.812291 0.362373
vt 0.756306 0.362373
vt 0.777486 0.362373
vt 0.700562 0.362372
vt 0.753979 0.456199
vt 0.700639 0.446470
vt 0.812291 0.491398
vt 0.753979 0.456199
vt 0.567524 0.314082
vt 0.568286 0.343505
vt 0.594165 0.313735
vt 0.594740 0.343352
vt 0.627172 0.328012
vt 0.563550 0.342888
vt 0.568286 0.343505
vt 0.562702 0.315566
vt 0.567524 0.314082
vt 0.546172 0.329753
vt 0.553367 0.342573
vt 0.563550 0.342888
vt 0.562702 0.315566
vt 0.551346 0.318298
vt 0.342417 0.301954
vt 0.345925 0.338957
vt 0.271839 0.278552
vt 0.439704 0.294523
vt 0.254734 0.305287
vt 0.420369 0.269490
vt 0.237380 0.299675
vt 0.342417 0.301954
vt 0.344719 0.338992
vt 0.240388 0.265835
vt 0.224393 0.303050
vt 0.248523 0.303050
vt 0.342802 0.303875
vt 0.346275 0.338400
vt 0.448076 0.290188
vt 0.430658 0.264327
vt 0.342802 0.303875
vt 0.248523 0.303050
vt 0.346275 0.338400
vt 0.737521 0.497250
vt 0.694578 0.550094
vt 0.679018 0.485410
vt 0.749872 0.550094
vt 0.641465 0.550094
vt 0.753916 0.456199
vt 0.694578 0.601509
vt 0.700639 0.446470
vt 0.812228 0.491398
vt 0.749872 0.601509
vt 0.641465 0.601510
vt 0.606754 0.511341
vt 0.812228 0.550093
vt 0.636118 0.404219
vt 0.694578 0.601509
vt 0.812229 0.601508
vt 0.874585 0.550093
vt 0.618803 0.448308
vt 0.874585 0.601508
vt 0.887596 0.497250
vt 0.570812 0.384870
vt 0.569484 0.470495
vt 0.870540 0.456199
vt 0.929879 0.601508
vt 0.929879 0.550093
vt 0.953151 0.486409
vt 0.527454 0.424434
vt 0.929927 0.444627
vt 0.983973 0.550093
vt 0.870540 0.456199
vt 0.983973 0.601508
vt 0.887596 0.497250
vt 0.929879 0.601508
vt 0.929879 0.550093
vt 0.812228 0.491398
vt 0.874585 0.550093
vt 0.812228 0.550093
vt 0.694578 0.550094
vt 0.749872 0.550094
vn -0.0362 0.3149 0.9484
vn -0.9864 -0.0268 -0.1619
vn -0.4860 0.0613 0.8718
vn 0.9772 0.1754 0.1192
vn 0.0053 0.6475 0.7621
vn 0.7384 0.5825 0.3397
vn 0.9763 0.0961 0.1937
vn 0.0071 0.9535 0.3013
vn 0.9837 -0.1234 -0.1305
vn -0.0104 0.2210 0.9752
vn -0.7391 0.5878 0.3289
vn 0.8135 -0.0187 -0.5812
vn 0.0024 0.8365 0.5479
vn -0.9721 0.1992 0.1240
vn 0.9042 -0.0800 -0.4196
vn -0.9721 0.1175 0.2031
vn -0.0056 0.0298 -0.9995
vn 0.9794 -0.1835 -0.0838
vn -0.9831 -0.1333 -0.1258
vn 0.0032 0.0613 0.9981
vn -0.8033 0.0001 -0.5955
vn -0.8940 -0.1226 -0.4311
vn -0.9406 -0.3322 -0.0698
vn -0.9915 0.0090 -0.1301
vn 0.9904 0.0227 -0.1362
vn -0.8622 -0.0082 -0.5065
vn 0.8615 0.0070 -0.5077
vn 0.0178 0.0285 -0.9994
vn -0.9996 -0.0255 0.0091
vn -0.9902 -0.1397 0.0083
vn -0.0074 -0.0444 -0.9990
vn -0.0645 -0.0326 0.9974
vn -0.0074 0.0975 -0.9952
vn -0.0251 0.1263 0.9917
vn 0.9946 -0.0963 0.0376
vn -0.9954 0.0178 -0.0946
vn 0.9968 -0.0435 0.0674
vn 0.0051 0.0005 -1.0000
vn 0.0098 -0.0996 0.9950
vn 0.9945 0.0267 -0.1017
vn -0.4812 -0.1542 0.8629
vn -0.0051 -0.0990 -0.9951
vn 0.4885 -0.1731 0.8552
vn -0.9708 0.1432 -0.1923
vn 0.9733 0.0962 -0.2085
vn 0.4860 0.0612 0.8718
vn -0.9830 0.0072 -0.1833
vn 0.0040 0.0573 -0.9984
vn -0.4799 0.1469 0.8650
vn 0.9625 -0.1833 -0.2002
vn 0.0362 0.3149 0.9484
vn 0.9865 -0.0267 -0.1619
vn -0.9415 0.3042 -0.1448
vn 0.0484 0.2700 -0.9616
vn -0.0420 -0.9784 -0.2025
vn -0.0233 -0.9978 -0.0622
vn -0.0041 -0.9968 0.0793
vn -0.0033 0.1097 0.9940
vn -0.0160 -0.9999 0.0012
vn -0.0172 -0.9999 0.0006
vn -0.0170 -0.9999 0.0005
vn -0.0157 -0.9999 0.0012
vn -0.0145 -0.9999 0.0021
vn 0.8153 0.5727 -0.0849
vn 0.7568 0.6518 -0.0502
vn 0.0315 0.8926 -0.4498
vn -0.0226 0.7924 0.6095
vn 0.3459 0.9225 -0.1711
vn -0.0226 0.7925 0.6095
vn -0.3394 0.9296 -0.1437
vn -0.8342 0.5070 -0.2169
vn -0.7740 0.6234 -0.1112
vn 0.0124 -0.7235 0.6902
vn 0.4685 -0.5846 0.6624
vn -0.4436 -0.5862 0.6779
vn -0.8854 -0.4330 -0.1690
vn -0.8854 -0.4329 -0.1690
vn 0.0271 -0.3437 -0.9387
vn 0.8985 -0.4084 -0.1608
vn 0.0125 -0.7235 0.6903
vn 0.4066 -0.6956 0.5923
vn 0.3966 -0.3284 0.8573
vn 0.0000 -0.7822 0.6230
vn 0.7355 -0.2879 0.6133
vn 0.0000 -0.3464 0.9381
vn 0.2579 -0.8451 0.4682
vn 0.3862 0.0105 0.9223
vn 0.0000 -0.8849 0.4658
vn 0.7079 -0.7062 0.0126
vn 0.7983 0.0043 0.6022
vn 0.0000 0.0188 0.9998
vn -0.3966 -0.3284 0.8573
vn 0.9595 -0.2813 0.0142
vn -0.2580 -0.8452 0.4681
vn -0.3863 0.0105 0.9223
vn 0.9999 0.0114 0.0074
vn 0.7805 -0.2584 -0.5692
vn -0.4066 -0.6956 0.5923
vn 0.8393 0.0119 -0.5436
vn 0.4361 -0.6939 -0.5730
vn -0.7078 -0.7063 0.0126
vn -0.7355 -0.2879 0.6133
vn 0.2854 -0.8337 -0.4728
vn 0.4786 0.0022 -0.8780
vn 0.4556 -0.3335 -0.8254
vn -0.0001 -0.7901 -0.6130
vn -0.9595 -0.2814 0.0142
vn -0.0000 -0.8845 -0.4666
vn -0.0000 -0.3818 -0.9242
vn -0.2854 -0.8337 -0.4727
vn 0.0005 -0.0045 -1.0000
vn -0.4362 -0.6939 -0.5729
vn -0.4866 0.0055 -0.8736
vn -0.4556 -0.3335 -0.8254
vn -0.7806 -0.2584 -0.5692
vn -0.9595 -0.2815 0.0141
vn -0.7355 -0.2880 0.6133
usemtl mat0.006
s 1
f 768/768/601 769/769/602 770/770/603
f 771/771/604 772/772/605 773/773/606
f 771/771/604 773/773/606 774/774/607
f 773/773/606 772/772/605 775/775/608
f 776/776/609 771/771/604 774/774/607
f 774/774/607 773/773/606 777/777/610
f 775/775/608 772/772/605 778/778/611
f 776/776/609 779/779/612 771/771/604
f 777/777/610 773/773/606 780/780/613
f 775/775/608 778/778/611 780/780/613
f 778/778/611 772/772/605 781/781/614
f 782/782/615 779/779/612 776/776/609
f 780/780/613 773/773/606 775/775/608
f 780/780/613 778/778/611 777/777/610
f 781/781/614 783/783/616 778/778/611
f 782/782/615 784/784/617 779/779/612
f 782/782/615 776/776/609 785/785/618
f 777/777/610 778/778/611 783/783/616
f 781/781/614 786/786/619 783/783/616
f 779/779/612 784/784/617 787/787/617
f 772/772/605 788/788/620 781/781/614
f 789/789/621 786/786/619 781/781/614
f 784/784/617 790/790/622 787/787/617
f 790/790/622 786/786/619 789/789/621
f 787/787/617 790/790/622 789/789/621
f 790/790/622 791/791/623 786/786/619
f 771/771/604 788/788/620 772/772/605
f 781/781/614 788/788/620 792/792/624
f 793/793/625 788/788/620 771/771/604
f 794/794/626 781/781/614 792/792/624
f 771/771/604 795/795/627 793/793/625
f 796/796/628 794/794/626 792/792/624
f 795/795/627 796/796/628 793/793/625
f 797/797/628 794/794/626 796/796/628
f 797/797/628 796/796/628 795/795/627
f 798/798/629 799/799/630 800/800/631
f 798/798/629 801/801/632 799/799/630
f 800/800/631 799/799/630 802/802/633
f 799/799/630 801/801/632 803/803/634
f 804/804/635 800/800/631 802/802/633
f 803/803/634 805/805/636 799/799/630
f 802/802/633 799/799/630 805/805/636
f 806/806/637 803/803/634 801/801/632
f 804/804/635 803/803/634 806/806/637
f 806/806/637 800/800/631 804/804/635
f 807/807/638 802/802/633 805/805/636
f 803/803/634 808/808/639 805/805/636
f 809/809/640 803/803/634 804/804/635
f 807/807/638 809/809/640 802/802/633
f 809/809/640 808/808/639 803/803/634
f 809/809/640 804/804/635 802/802/633
f 808/808/639 810/810/641 805/805/636
f 807/807/638 805/805/636 811/811/642
f 807/807/638 811/811/642 809/809/640
f 810/810/641 808/808/639 812/812/643
f 808/808/639 809/809/640 812/812/643
f 810/810/641 813/813/644 805/805/636
f 805/805/636 813/813/644 811/811/642
f 811/811/642 814/814/645 809/809/640
f 809/809/640 814/814/645 812/812/643
f 815/815/646 810/810/641 812/812/643
f 813/813/644 810/810/641 816/816/647
f 816/816/647 811/811/642 813/813/644
f 817/817/648 814/814/645 811/811/642
f 817/817/648 811/811/642 816/816/647
f 818/818/649 810/810/641 815/815/646
f 815/815/646 812/812/643 819/819/650
f 819/819/650 814/814/645 817/817/648
f 816/816/647 810/810/641 818/818/649
f 819/819/650 812/812/643 814/814/645
f 818/818/649 815/815/646 820/820/651
f 821/821/652 819/819/650 817/817/648
f 816/816/647 818/818/649 822/822/653
f 820/820/651 815/815/646 821/821/652
f 815/815/646 819/819/650 821/821/652
f 822/822/653 817/817/648 816/816/647
f 818/818/649 820/820/651 822/822/653
f 817/817/648 823/823/654 821/821/652
f 817/817/648 822/822/653 823/823/654
f 824/824/655 825/825/655 826/826/656
f 826/826/656 825/825/655 827/827/656
f 828/828/657 826/826/656 827/827/656
f 829/829/658 830/830/658 831/831/658
f 831/831/658 830/830/658 832/832/658
f 833/833/659 834/834/660 835/835/661
f 835/835/661 836/836/662 833/833/659
f 836/836/662 837/837/663 833/833/659
f 838/838/664 839/839/665 840/840/666
f 838/838/664 841/841/667 839/839/665
f 840/840/666 839/839/665 842/842/668
f 843/843/669 841/841/667 838/838/664
f 842/842/668 844/844/670 840/840/666
f 845/845/671 841/841/667 843/843/669
f 846/846/672 840/840/666 844/844/670
f 845/845/671 840/840/666 846/846/672
f 846/846/672 841/841/667 845/845/671
f 847/847/673 848/848/674 849/849/675
f 847/847/673 849/849/675 850/850/676
f 850/850/676 849/849/675 851/851/677
f 851/851/677 852/852/678 850/850/676
f 850/850/676 852/852/678 853/853/678
f 853/853/678 852/852/678 854/854/679
f 847/847/680 854/854/679 855/855/674
f 854/854/679 852/852/678 856/856/679
f 855/855/674 854/854/679 856/856/679
f 857/857/681 858/858/682 859/859/683
f 857/857/681 860/860/684 858/858/682
f 859/859/683 858/858/682 861/861/685
f 859/859/683 862/862/686 857/857/681
f 860/860/684 863/863/687 858/858/682
f 858/858/682 863/863/687 861/861/685
f 864/864/688 862/862/686 859/859/683
f 865/865/689 860/860/684 857/857/681
f 865/865/689 857/857/681 862/862/686
f 866/866/690 863/863/687 860/860/684
f 861/861/685 863/863/687 867/867/691
f 861/861/685 868/868/692 859/859/683
f 869/869/693 860/860/684 865/865/689
f 869/869/693 866/866/690 860/860/684
f 864/864/688 859/859/683 870/870/694
f 871/871/695 861/861/685 867/867/691
f 872/872/696 866/866/690 869/869/693
f 865/865/689 873/873/697 869/869/693
f 870/870/694 859/859/683 874/874/698
f 859/859/683 868/868/692 874/874/698
f 869/869/693 875/875/699 872/872/696
f 876/876/700 873/873/697 865/865/689
f 877/877/701 870/870/694 874/874/698
f 873/873/697 875/875/699 869/869/693
f 874/874/698 868/868/692 878/878/702
f 876/876/700 865/865/689 879/879/703
f 878/878/702 877/877/701 874/874/698
f 873/873/697 880/880/704 875/875/699
f 876/876/700 881/881/705 873/873/697
f 876/876/700 879/879/703 882/882/706
f 883/883/707 877/877/701 878/878/702
f 881/881/705 880/880/704 873/873/697
f 876/876/700 882/882/706 881/881/705
f 882/882/706 879/879/703 884/884/708
f 885/885/709 880/880/704 881/881/705
f 881/881/705 882/882/706 885/885/709
f 884/884/708 886/886/710 882/882/706
f 887/887/711 880/880/704 885/885/709
f 882/882/706 886/886/710 888/888/712
f 887/887/711 885/885/709 889/889/713
f 885/885/709 882/882/706 890/890/714
f 890/890/714 882/882/706 888/888/712
f 889/889/713 885/885/709 890/890/714
f 888/888/712 886/886/710 891/891/701
f 892/892/715 889/889/713 890/890/714
f 888/888/712 892/892/715 890/890/714
f 888/888/712 891/891/701 892/892/715
f 892/892/715 891/891/701 893/893/716
f 894/894/692 871/871/695 895/895/717
f 894/894/692 861/861/685 871/871/695
o Mesh_0401.rip_noesis_meshnode_0000_Mesh_0401.rip
v 0.071554 1.101267 0.120266
v 0.066043 1.294085 0.114695
v -0.000020 1.101163 0.130655
v 0.136205 1.101380 0.074148
v -0.000020 1.293380 0.122677
v 0.129158 1.297636 0.065467
v -0.066083 1.294085 0.114695
v 0.153020 1.279659 0.000470
v -0.071594 1.101267 0.120266
v 0.162160 1.101497 0.000937
v -0.136246 1.101380 0.074148
v 0.133390 1.101461 -0.069423
v -0.129198 1.297636 0.065467
v 0.137270 1.303017 -0.064245
v -0.153061 1.279659 0.000470
v 0.138933 1.315800 -0.052227
v 0.082145 1.299988 -0.119035
v -0.133115 1.317208 0.046688
v -0.162200 1.101497 0.000937
v 0.135937 1.385487 -0.048798
v 0.080380 1.372540 -0.108915
v -0.124054 1.403625 0.048960
v -0.133431 1.101461 -0.069423
v 0.078096 1.101487 -0.123727
v -0.131455 1.386190 0.043285
v 0.116939 1.402516 -0.063429
v -0.000020 1.299964 -0.134006
v -0.134820 1.426610 -0.000054
v -0.131135 1.299374 -0.062170
v -0.000020 1.368639 -0.122597
v -0.103414 1.441305 0.003811
v -0.081886 1.299894 -0.119443
v -0.138974 1.315800 -0.052227
v -0.075633 1.434291 -0.054730
v -0.078137 1.101487 -0.123727
v -0.115813 1.392873 -0.066129
v -0.000020 1.101553 -0.144782
v -0.078983 1.372173 -0.103829
v -0.135978 1.385487 -0.048798
v -0.129867 1.029859 0.071752
v -0.071594 1.101267 0.120266
v -0.136246 1.101380 0.074148
v -0.163673 1.031259 0.001841
v -0.162200 1.101497 0.000937
v -0.133431 1.101461 -0.069423
v -0.133411 1.029988 -0.071536
v -0.078137 1.101487 -0.123727
v -0.151760 1.374772 0.016250
v -0.131455 1.386190 0.043285
v -0.158379 1.401685 -0.000593
v -0.133115 1.317208 0.046688
v -0.134820 1.426610 -0.000054
v -0.153222 1.327590 0.017057
v -0.135978 1.385487 -0.048798
v -0.153061 1.279659 0.000470
v -0.240704 1.369255 0.042071
v -0.151399 1.370930 -0.013461
v -0.160113 1.295931 -0.000212
v -0.240776 1.323649 0.043840
v -0.240354 1.365384 -0.047659
v -0.152597 1.331171 -0.013955
v -0.242294 1.300378 0.000396
v -0.138974 1.315800 -0.052227
v -0.241059 1.332937 -0.048925
v -0.322968 1.362964 -0.049214
vt 0.698431 0.607281
vt 0.698372 0.767789
vt 0.642116 0.607281
vt 0.758061 0.607281
vt 0.642116 0.769918
vt 0.763524 0.766199
vt 0.698372 0.767789
vt 0.815700 0.747637
vt 0.698431 0.607281
vt 0.815700 0.607281
vt 0.758061 0.607281
vt 0.866018 0.607281
vt 0.763524 0.766199
vt 0.852947 0.766384
vt 0.815700 0.747637
vt 0.843835 0.776389
vt 0.917317 0.764662
vt 0.782384 0.782133
vt 0.815700 0.607281
vt 0.843658 0.835815
vt 0.913256 0.825797
vt 0.778750 0.859216
vt 0.866018 0.607281
vt 0.927770 0.607281
vt 0.786962 0.845754
vt 0.861996 0.852284
vt 0.983725 0.766742
vt 0.813559 0.866001
vt 0.854928 0.763540
vt 0.983725 0.827788
vt 0.816151 0.902278
vt 0.917290 0.764687
vt 0.843835 0.776389
vt 0.885742 0.897968
vt 0.927770 0.607281
vt 0.867297 0.846579
vt 0.983725 0.607281
vt 0.914988 0.825371
vt 0.843658 0.835815
vt 0.749872 0.550094
vt 0.694578 0.601509
vt 0.749872 0.601509
vt 0.812228 0.550093
vt 0.812229 0.601508
vt 0.874585 0.601508
vt 0.874585 0.550093
vt 0.929879 0.601508
vt 0.481005 0.659817
vt 0.481005 0.677683
vt 0.514908 0.658912
vt 0.444925 0.677683
vt 0.514908 0.677683
vt 0.444925 0.659817
vt 0.481005 0.677683
vt 0.412712 0.666466
vt 0.481005 0.589636
vt 0.481005 0.659817
vt 0.412712 0.655841
vt 0.444925 0.589636
vt 0.481005 0.589636
vt 0.444925 0.659817
vt 0.412712 0.589636
vt 0.444925 0.677683
vt 0.444925 0.589636
vt 0.481005 0.525488
vn 0.3862 0.0105 0.9223
vn 0.3863 0.1022 0.9167
vn 0.0000 0.0186 0.9998
vn 0.7983 0.0043 0.6022
vn -0.0006 0.1157 0.9933
vn 0.8337 0.0852 0.5456
vn -0.3831 0.1058 0.9176
vn 0.9973 0.0657 0.0330
vn -0.3862 0.0105 0.9223
vn 0.9999 0.0114 0.0074
vn -0.7983 0.0043 0.6022
vn 0.8393 0.0119 -0.5436
vn -0.8318 0.0878 0.5481
vn 0.8513 0.0725 -0.5196
vn -0.9998 -0.0011 -0.0223
vn 0.9052 0.1004 -0.4130
vn 0.4710 0.0851 -0.8780
vn -0.9237 0.0985 0.3703
vn -0.9999 0.0162 -0.0037
vn 0.7966 0.3208 -0.5124
vn 0.3808 0.3951 -0.8360
vn -0.6997 0.4553 0.5505
vn -0.8385 0.0198 -0.5445
vn 0.4786 0.0022 -0.8780
vn -0.9077 0.1810 0.3785
vn 0.6584 0.4576 -0.5976
vn -0.0065 0.1049 -0.9945
vn -0.6653 0.7382 -0.1117
vn -0.8153 0.0107 -0.5790
vn -0.0163 0.3794 -0.9251
vn -0.4015 0.8816 0.2481
vn -0.4892 0.0966 -0.8668
vn -0.8186 -0.0655 -0.5706
vn -0.4084 0.6924 -0.5949
vn -0.4866 0.0055 -0.8736
vn -0.6265 0.4295 -0.6504
vn 0.0005 -0.0045 -1.0000
vn -0.4119 0.3778 -0.8292
vn -0.6897 0.3501 -0.6339
vn -0.7355 -0.2879 0.6133
vn -0.3863 0.0104 0.9223
vn -0.9595 -0.2814 0.0142
vn -0.8385 0.0199 -0.5445
vn -0.7806 -0.2584 -0.5692
vn -0.4865 0.0055 -0.8736
vn -0.3164 0.3156 0.8946
vn -0.7736 0.2317 0.5897
vn -0.3190 0.9477 0.0098
vn -0.8174 -0.0763 0.5710
vn -0.8893 0.4544 0.0524
vn -0.3367 -0.2003 0.9201
vn -0.8767 0.2051 -0.4352
vn -0.9816 -0.1721 0.0831
vn 0.0850 0.5271 0.8455
vn -0.3574 0.2837 -0.8898
vn -0.3815 -0.9243 0.0100
vn 0.1175 -0.5111 0.8515
vn 0.1272 0.4954 -0.8593
vn -0.4024 -0.1576 -0.9018
vn -0.0183 -0.9991 -0.0376
vn -0.9207 -0.0289 -0.3893
vn 0.1551 -0.4657 -0.8712
vn -0.1481 0.4582 -0.8764
usemtl mat0.007
s 1
f 896/896/718 897/897/719 898/898/720
f 899/899/721 897/897/719 896/896/718
f 898/898/720 897/897/719 900/900/722
f 901/901/723 897/897/719 899/899/721
f 902/902/724 898/898/720 900/900/722
f 899/899/721 903/903/725 901/901/723
f 904/904/726 898/898/720 902/902/724
f 905/905/727 903/903/725 899/899/721
f 904/904/726 902/902/724 906/906/728
f 905/905/727 907/907/729 903/903/725
f 906/906/728 902/902/724 908/908/730
f 903/903/725 907/907/729 909/909/731
f 908/908/730 910/910/732 906/906/728
f 903/903/725 909/909/731 911/911/733
f 907/907/729 912/912/734 909/909/731
f 913/913/735 910/910/732 908/908/730
f 906/906/728 910/910/732 914/914/736
f 911/911/733 909/909/731 915/915/737
f 912/912/734 916/916/738 909/909/731
f 917/917/739 913/913/735 908/908/730
f 914/914/736 910/910/732 918/918/740
f 919/919/741 912/912/734 907/907/729
f 920/920/742 913/913/735 917/917/739
f 909/909/731 916/916/738 921/921/743
f 915/915/737 909/909/731 921/921/743
f 912/912/734 919/919/741 922/922/744
f 923/923/745 920/920/742 917/917/739
f 918/918/740 910/910/732 924/924/746
f 925/925/747 912/912/734 922/922/744
f 926/926/748 923/923/745 917/917/739
f 924/924/746 927/927/749 918/918/740
f 922/922/744 927/927/749 925/925/747
f 924/924/746 910/910/732 928/928/750
f 923/923/745 926/926/748 929/929/751
f 922/922/744 930/930/752 927/927/749
f 918/918/740 927/927/749 930/930/752
f 924/924/746 928/928/750 931/931/753
f 929/929/751 931/931/753 923/923/745
f 932/932/754 930/930/752 922/922/744
f 927/927/749 924/924/746 933/933/755
f 931/931/753 928/928/750 934/934/756
f 931/931/753 934/934/756 923/923/745
f 922/922/744 919/919/741 932/932/754
f 933/933/755 924/924/746 931/931/753
f 935/935/757 936/936/758 937/937/728
f 935/935/757 937/937/728 938/938/759
f 938/938/759 937/937/728 939/939/736
f 940/940/760 938/938/759 939/939/736
f 941/941/761 938/938/759 940/940/760
f 940/940/760 942/942/762 941/941/761
f 943/943/763 944/944/764 945/945/765
f 943/943/763 946/946/766 944/944/764
f 945/945/765 944/944/764 947/947/767
f 948/948/768 946/946/766 943/943/763
f 947/947/767 949/949/769 945/945/765
f 948/948/768 950/950/770 946/946/766
f 951/951/771 948/948/768 943/943/763
f 945/945/765 951/951/771 943/943/763
f 945/945/765 949/949/769 952/952/772
f 953/953/773 950/950/770 948/948/768
f 954/954/774 948/948/768 951/951/771
f 954/954/774 953/953/773 948/948/768
f 952/952/772 955/955/775 945/945/765
f 949/949/769 956/956/776 952/952/772
f 956/956/776 950/950/770 953/953/773
f 957/957/777 953/953/773 954/954/774
f 956/956/776 955/955/775 952/952/772
f 958/958/778 956/956/776 949/949/769
f 958/958/778 950/950/770 956/956/776
f 953/953/773 957/957/777 959/959/779
f 959/959/779 955/955/775 956/956/776
f 953/953/773 959/959/779 956/956/776
f 955/955/775 959/959/779 960/960/780
o Mesh_0402.rip_noesis_meshnode_0000_Mesh_0402.rip
v 0.240249 1.392465 -0.000037
v 0.240720 1.370699 0.041954
v 0.323338 1.390761 -0.000496
v 0.240257 1.366963 -0.047775
v 0.323240 1.369087 0.042643
v 0.322869 1.364617 -0.049434
v 0.157773 1.401003 -0.000355
v 0.407341 1.407733 -0.001946
v 0.240957 1.331060 -0.049042
v 0.151742 1.374772 0.016244
v 0.240787 1.322093 0.043723
v 0.407254 1.374508 -0.010175
v 0.152545 1.331171 -0.013960
v 0.322954 1.321252 0.042866
v 0.407136 1.322425 -0.009954
v 0.151352 1.370930 -0.013464
v 0.407131 1.318512 0.005983
v 0.322635 1.325662 -0.049605
v 0.131414 1.386190 0.043285
v 0.407052 1.285845 -0.001498
v 0.242250 1.299380 0.000277
v 0.134780 1.426610 -0.000054
v 0.407268 1.371996 0.005646
v 0.322769 1.299703 -0.000495
v 0.135937 1.385487 -0.048798
v 0.160068 1.295930 -0.000226
v 0.153200 1.327590 0.017049
v 0.138933 1.315800 -0.052227
v 0.153020 1.279659 0.000470
v 0.133074 1.317208 0.046688
v 0.407136 1.322425 -0.009954
v 0.476541 1.326767 -0.042387
v 0.407052 1.285845 -0.001498
v 0.477487 1.364193 -0.042054
v 0.476255 1.300520 -0.000466
v 0.407254 1.374508 -0.010175
v 0.740578 1.326293 -0.045995
v 0.407341 1.407733 -0.001946
v 0.740190 1.291320 0.002576
v 0.740925 1.363198 -0.046049
v 0.478496 1.389510 -0.000453
v 0.741196 1.398405 0.002582
v 0.407341 1.407733 -0.001946
v 0.477495 1.368304 0.039382
v 0.478496 1.389510 -0.000453
v 0.407268 1.371996 0.005646
v 0.740627 1.367799 0.040236
v 0.476327 1.321986 0.039460
v 0.741196 1.398405 0.002582
v 0.407131 1.318512 0.005983
v 0.740194 1.321662 0.040101
v 0.407052 1.285845 -0.001498
v 0.476255 1.300520 -0.000466
v 0.740190 1.291320 0.002576
v 0.078349 1.394386 0.093452
v 0.124014 1.403626 0.048960
v 0.103374 1.441305 0.003811
v 0.129158 1.297636 0.065467
v 0.134780 1.426610 -0.000054
v 0.066043 1.294085 0.114695
v 0.075592 1.434291 -0.054730
v 0.133074 1.317208 0.046688
v -0.000020 1.375287 0.106706
v 0.131414 1.386190 0.043285
v 0.116939 1.402516 -0.063429
v 0.153020 1.279659 0.000470
v 0.059490 1.439839 0.102442
v 0.080380 1.372540 -0.108915
v 0.135937 1.385487 -0.048798
v -0.000020 1.293380 0.122677
v 0.103374 1.441305 0.003811
v -0.000020 1.427926 -0.091118
v -0.066083 1.294085 0.114695
v 0.094178 1.464463 -0.000035
v -0.000020 1.368639 -0.122597
v -0.075021 1.394386 0.093452
v 0.075592 1.434291 -0.054730
v -0.078983 1.372173 -0.103829
v -0.129198 1.297636 0.065467
v 0.078376 1.465122 -0.055656
v -0.081886 1.299894 -0.119443
v 0.082145 1.299988 -0.119035
v -0.124054 1.403625 0.048960
v -0.000020 1.468655 -0.091942
v -0.075633 1.434291 -0.054730
v -0.103414 1.441305 0.003811
v -0.115813 1.392873 -0.066129
v -0.000020 1.427926 -0.091118
v -0.075633 1.434291 -0.054730
v -0.078416 1.465122 -0.055656
v -0.065290 1.443639 0.102002
v -0.094218 1.464463 -0.000035
v -0.103414 1.441305 0.003811
v 0.718452 1.342584 0.028670
v 0.740194 1.321662 0.040101
v 0.718662 1.312296 -0.000507
v 0.740627 1.367799 0.040236
v 0.740190 1.291320 0.002576
v 0.718680 1.373361 0.000776
v 0.741196 1.398405 0.002582
v 0.740190 1.291320 0.002576
v 0.740578 1.326293 -0.045995
v 0.718662 1.312296 -0.000507
v 0.719470 1.347609 -0.032069
v 0.740925 1.363198 -0.046049
v 0.718680 1.373361 0.000776
v 0.741196 1.398405 0.002582
v 0.895169 1.357025 0.024814
v 0.899907 1.326511 0.039738
v 0.871683 1.332440 0.039477
v 0.917527 1.338692 0.026246
v 0.871557 1.332211 0.009472
v 0.914460 1.307956 0.040017
v 0.843879 1.324341 0.039524
v 0.905612 1.326863 0.009183
v 0.929722 1.310263 0.027015
v 0.916254 1.338573 0.054526
v 0.869146 1.349442 0.058183
v 0.895050 1.364198 -0.002607
v 0.922079 1.278207 0.040423
v 0.829422 1.344071 0.060482
v 0.868771 1.330601 -0.016480
v 0.929609 1.310707 0.054389
v 0.852811 1.324850 0.069160
v 0.909452 1.323781 -0.018556
v 0.935148 1.278526 0.052442
v 0.850975 1.310113 0.050127
v 0.924260 1.341140 -0.004850
v 0.933090 1.276091 0.040571
v 0.803051 1.298908 0.049804
v 0.925755 1.314314 -0.006761
v 0.934680 1.278973 0.029721
v 0.889349 1.313417 0.072969
v 0.911652 1.309136 -0.019925
v 0.823162 1.314173 -0.003252
v 0.926063 1.314648 -0.032067
v 0.764648 1.314733 -0.000656
v 0.917107 1.283078 -0.010336
v 0.923909 1.341467 -0.032161
v 0.843871 1.295289 0.072330
v 0.917481 1.283162 -0.030113
v 0.907170 1.285665 -0.020478
v 0.890716 1.360748 -0.031035
v 0.880273 1.285911 0.073701
v 0.915584 1.281678 -0.020254
v 0.893742 1.296589 0.064291
v 0.888723 1.336581 -0.047586
v 0.896310 1.296799 0.074282
v 0.908896 1.335552 -0.033971
v 0.855722 1.333579 -0.056622
v 0.887047 1.300161 0.085745
v 0.894633 1.327000 -0.047386
v 0.901574 1.297120 -0.035766
v 0.908130 1.334938 -0.060398
v 0.886090 1.351951 -0.058778
v 0.890677 1.302564 -0.047039
v 0.852141 1.360072 -0.063837
v 0.791621 1.320827 -0.046978
v 0.901472 1.296888 -0.057584
v 0.917621 1.340114 -0.047983
v 0.809984 1.356909 -0.058290
v 0.898796 1.295723 -0.046738
v 0.907342 1.292660 -0.046287
v 0.764064 1.349967 -0.038344
v 0.888063 1.363001 -0.046645
v 0.898796 1.295723 -0.046738
v 0.908896 1.335552 -0.033971
v 0.719470 1.347609 -0.032069
v 0.901574 1.297120 -0.035766
v 0.890716 1.360748 -0.031035
v 0.718662 1.312296 -0.000507
v 0.863302 1.375406 -0.015355
v 0.752874 1.371634 -0.000830
v 0.858579 1.370420 -0.039878
v 0.894907 1.370473 -0.018024
v 0.777609 1.371272 -0.004688
v 0.718680 1.373361 0.000776
v 0.923370 1.355431 -0.018686
v 0.718452 1.342584 0.028670
v 0.923909 1.341467 -0.032161
v 0.763301 1.342160 0.039786
v 0.818424 1.372216 -0.010625
v 0.937412 1.317948 -0.019342
v 0.895050 1.364198 -0.002607
v 0.816822 1.366814 0.029328
v 0.926063 1.314648 -0.032067
v 0.924260 1.341140 -0.004850
v 0.764648 1.314733 -0.000656
v 0.793932 1.332255 0.069203
v 0.896273 1.374590 0.010087
v 0.718662 1.312296 -0.000507
v 0.829422 1.344071 0.060482
v 0.863023 1.373461 0.023964
v 0.803051 1.298908 0.049804
v 0.895169 1.357025 0.024814
v 0.845005 1.311166 0.086730
v 0.930015 1.351859 0.009974
v 0.893983 1.366591 0.040454
v 0.843871 1.295289 0.072330
v 0.925483 1.338728 -0.002858
v 0.869146 1.349442 0.058183
v 0.852811 1.324850 0.069160
v 0.950028 1.320599 0.009909
v 0.919299 1.352274 0.040463
v 0.925184 1.338055 0.023207
v 0.939182 1.318892 -0.002066
v 0.893957 1.353501 0.054437
v 0.938532 1.318803 0.021746
v 0.944956 1.284549 -0.001374
v 0.917527 1.338692 0.026246
v 0.916254 1.338573 0.054526
v 0.944390 1.284522 0.020469
v 0.953075 1.284466 0.009851
v 0.941270 1.312519 0.040580
v 0.942873 1.282832 0.009642
v 0.929722 1.310263 0.027015
v 0.929609 1.310707 0.054389
v 0.934680 1.278973 0.029721
v 0.942654 1.279552 0.040735
v 0.935148 1.278526 0.052442
v 0.933090 1.276091 0.040571
v 0.925755 1.314314 -0.006761
v 0.925726 1.282452 -0.019963
v 0.917107 1.283078 -0.010336
v 0.917481 1.283162 -0.030113
v 0.915584 1.281678 -0.020254
v 0.925252 1.315646 0.009289
v 0.925184 1.338055 0.023207
v 0.938532 1.318803 0.021746
v 0.925483 1.338728 -0.002858
v 0.934164 1.284832 0.009406
v 0.939182 1.318892 -0.002066
v 0.944390 1.284522 0.020469
v 0.944956 1.284549 -0.001374
v 0.942873 1.282832 0.009642
v 0.893957 1.353501 0.054437
v 0.887047 1.300161 0.085745
v 0.880273 1.285911 0.073701
v 0.889349 1.313417 0.072969
vt 0.514908 0.589636
vt 0.481005 0.589636
vt 0.514908 0.525488
vt 0.481005 0.589636
vt 0.481005 0.525488
vt 0.481005 0.525488
vt 0.514908 0.658912
vt 0.514908 0.456545
vt 0.444925 0.589636
vt 0.481005 0.659817
vt 0.444925 0.589636
vt 0.481005 0.456545
vt 0.444925 0.659817
vt 0.444925 0.525488
vt 0.444925 0.456545
vt 0.481005 0.659817
vt 0.444925 0.456545
vt 0.444925 0.525488
vt 0.481005 0.677683
vt 0.412712 0.456545
vt 0.412712 0.589636
vt 0.514908 0.677683
vt 0.481005 0.456545
vt 0.412712 0.525488
vt 0.481005 0.677683
vt 0.412712 0.655841
vt 0.444925 0.659817
vt 0.444925 0.677683
vt 0.412712 0.666466
vt 0.444925 0.677683
vt 0.444925 0.589636
vt 0.444925 0.529588
vt 0.412712 0.589636
vt 0.480986 0.529588
vt 0.412712 0.529588
vt 0.481005 0.589636
vt 0.444925 0.336549
vt 0.514908 0.589636
vt 0.412712 0.336549
vt 0.482758 0.336549
vt 0.514908 0.529588
vt 0.514908 0.336549
vt 0.613667 0.271629
vt 0.580734 0.209780
vt 0.613667 0.209780
vt 0.580752 0.271629
vt 0.582505 0.016864
vt 0.544673 0.209780
vt 0.613667 0.016741
vt 0.544673 0.271629
vt 0.544673 0.016864
vt 0.511471 0.271629
vt 0.511471 0.209780
vt 0.511471 0.016741
vt 0.714802 0.861944
vt 0.778750 0.859216
vt 0.816151 0.902278
vt 0.763524 0.766199
vt 0.813559 0.866001
vt 0.698372 0.767789
vt 0.885742 0.897968
vt 0.782384 0.782133
vt 0.642116 0.843829
vt 0.786962 0.845754
vt 0.861996 0.852284
vt 0.815700 0.747637
vt 0.712869 0.907146
vt 0.913256 0.825797
vt 0.843658 0.835815
vt 0.642116 0.769918
vt 0.816151 0.902278
vt 0.983725 0.895267
vt 0.698372 0.767789
vt 0.820537 0.929862
vt 0.983725 0.827788
vt 0.714802 0.861944
vt 0.885742 0.897968
vt 0.914988 0.825371
vt 0.763524 0.766199
vt 0.879423 0.933163
vt 0.917290 0.764687
vt 0.917317 0.764662
vt 0.778750 0.859216
vt 0.983725 0.957021
vt 0.885742 0.897968
vt 0.816151 0.902278
vt 0.867297 0.846579
vt 0.983725 0.895267
vt 0.885742 0.897968
vt 0.879423 0.933163
vt 0.712869 0.907146
vt 0.820537 0.929862
vt 0.816151 0.902278
vt 0.565725 0.003993
vt 0.544673 0.016864
vt 0.511471 0.003993
vt 0.582505 0.016864
vt 0.511471 0.016741
vt 0.613667 0.003993
vt 0.613667 0.016741
vt 0.412712 0.336549
vt 0.444925 0.336549
vt 0.412712 0.323801
vt 0.465567 0.323801
vt 0.482758 0.336549
vt 0.514908 0.323801
vt 0.514908 0.336549
vt 0.051576 0.076160
vt 0.047805 0.064265
vt 0.068742 0.068659
vt 0.037649 0.072963
vt 0.068316 0.086632
vt 0.026771 0.062276
vt 0.087947 0.066806
vt 0.045101 0.085260
vt 0.025021 0.070357
vt 0.041062 0.052683
vt 0.066471 0.054110
vt 0.049617 0.094342
vt 0.010700 0.061126
vt 0.082310 0.054635
vt 0.068569 0.103847
vt 0.027416 0.053192
vt 0.079953 0.043066
vt 0.046118 0.103096
vt 0.011020 0.053803
vt 0.088114 0.042929
vt 0.038211 0.095283
vt 0.005984 0.060718
vt 0.120295 0.064351
vt 0.021704 0.096784
vt 0.009849 0.067225
vt 0.077710 0.014307
vt 0.021856 0.102731
vt 0.104465 0.098410
vt 0.021523 0.108448
vt 0.154129 0.099531
vt 0.006988 0.098123
vt 0.037722 0.109533
vt 0.101494 0.038845
vt 0.007082 0.107481
vt 0.006958 0.102800
vt 0.052717 0.112129
vt 0.094853 0.012268
vt 0.003487 0.102933
vt 0.086886 0.015422
vt 0.057112 0.125609
vt 0.086645 0.013527
vt 0.034972 0.116995
vt 0.073116 0.127567
vt 0.086363 0.011318
vt 0.035798 0.125511
vt 0.014168 0.119002
vt 0.035692 0.137888
vt 0.057025 0.139559
vt 0.014160 0.126236
vt 0.073469 0.146893
vt 0.101246 0.129204
vt 0.013565 0.136660
vt 0.034849 0.148684
vt 0.103867 0.145678
vt 0.009363 0.130091
vt 0.013003 0.148481
vt 0.154116 0.141537
vt 0.055052 0.151112
vt 0.008928 0.150391
vt 0.033397 0.158347
vt 0.185278 0.139549
vt 0.012865 0.157468
vt 0.051976 0.163415
vt 0.184164 0.096372
vt 0.073986 0.178054
vt 0.173080 0.177710
vt 0.073727 0.162474
vt 0.051632 0.174215
vt 0.151738 0.177663
vt 0.196188 0.177095
vt 0.037183 0.174376
vt 0.194172 0.217757
vt 0.036768 0.166960
vt 0.163215 0.221366
vt 0.108900 0.176771
vt 0.021224 0.174577
vt 0.048424 0.184698
vt 0.111381 0.203653
vt 0.020717 0.168454
vt 0.036692 0.182093
vt 0.182490 0.245050
vt 0.138819 0.234594
vt 0.052167 0.193631
vt 0.194671 0.234610
vt 0.102075 0.234031
vt 0.075434 0.202039
vt 0.142855 0.257512
vt 0.052021 0.205196
vt 0.102986 0.261190
vt 0.036157 0.194757
vt 0.054827 0.216077
vt 0.107552 0.270728
vt 0.034930 0.187313
vt 0.073585 0.230512
vt 0.093427 0.253685
vt 0.020939 0.195838
vt 0.038949 0.218931
vt 0.035962 0.202922
vt 0.019971 0.190226
vt 0.056211 0.228366
vt 0.020755 0.201810
vt 0.006900 0.192772
vt 0.035293 0.209338
vt 0.039148 0.229444
vt 0.007466 0.200839
vt 0.007641 0.196783
vt 0.026490 0.220704
vt 0.004514 0.197036
vt 0.023881 0.212995
vt 0.026746 0.229048
vt 0.010170 0.217388
vt 0.011522 0.222835
vt 0.011844 0.228573
vt 0.007155 0.223596
vt 0.020875 0.180835
vt 0.006998 0.174757
vt 0.006776 0.179714
vt 0.006408 0.169785
vt 0.002957 0.174968
vt 0.020968 0.083805
vt 0.037490 0.075555
vt 0.021362 0.077269
vt 0.036362 0.092374
vt 0.006634 0.083360
vt 0.020457 0.090098
vt 0.007270 0.078767
vt 0.006559 0.088109
vt 0.003686 0.083165
vt 0.056811 0.053790
vt 0.082499 0.278029
vt 0.087604 0.281939
vt 0.080525 0.272651
vn 0.0608 0.9981 -0.0080
vn -0.0870 0.5405 0.8368
vn -0.0908 0.9958 -0.0103
vn -0.1317 0.5093 -0.8505
vn 0.1504 0.4663 0.8717
vn 0.1480 0.4647 -0.8730
vn 0.3189 0.9477 0.0107
vn 0.0160 0.9997 -0.0165
vn -0.1604 -0.4705 -0.8677
vn 0.3175 0.3168 0.8938
vn -0.1209 -0.5149 0.8487
vn 0.0055 0.1233 -0.9924
vn 0.4000 -0.1583 -0.9027
vn 0.1535 -0.4616 0.8737
vn 0.0030 -0.1127 -0.9936
vn 0.3597 0.2879 -0.8875
vn -0.0175 -0.1092 0.9939
vn 0.1496 -0.4508 -0.8800
vn 0.7769 0.2316 0.5855
vn 0.0107 -0.9998 -0.0167
vn 0.0125 -0.9993 -0.0366
vn 0.8912 0.4503 0.0548
vn -0.0163 0.1083 0.9940
vn -0.0904 -0.9957 -0.0202
vn 0.8803 0.2046 -0.4281
vn 0.3704 -0.9288 0.0107
vn 0.3353 -0.2014 0.9203
vn 0.9207 -0.0288 -0.3892
vn 0.9816 -0.1721 0.0830
vn 0.8173 -0.0765 0.5711
vn -0.1533 -0.4265 -0.8914
vn -0.1373 0.4350 -0.8899
vn 0.0968 -0.9952 -0.0176
vn -0.0171 -0.4670 -0.8841
vn -0.0209 -0.9998 -0.0027
vn -0.0158 0.4724 -0.8813
vn 0.1194 0.9927 -0.0144
vn -0.0185 0.9998 -0.0008
vn 0.0160 0.9997 -0.0166
vn -0.1536 0.4394 0.8851
vn -0.0115 0.4711 0.8820
vn -0.1618 -0.4389 0.8838
vn -0.0186 0.9998 -0.0008
vn -0.0123 -0.4714 0.8819
vn 0.0106 -0.9998 -0.0167
vn 0.0968 -0.9951 -0.0176
vn 0.4884 0.2983 0.8200
vn 0.7054 0.4518 0.5462
vn 0.4066 0.8802 0.2449
vn 0.8337 0.0851 0.5456
vn 0.6769 0.7322 -0.0756
vn 0.3864 0.1022 0.9167
vn 0.3695 0.7353 -0.5682
vn 0.9237 0.0985 0.3703
vn -0.0036 0.0367 0.9993
vn 0.9077 0.1810 0.3785
vn 0.6584 0.4576 -0.5976
vn 0.9973 0.0657 0.0330
vn 0.6075 0.1213 0.7850
vn 0.3807 0.3951 -0.8360
vn 0.7966 0.3208 -0.5124
vn -0.0006 0.1157 0.9933
vn 0.9756 0.2189 0.0159
vn -0.0180 0.5708 -0.8209
vn -0.3831 0.1058 0.9176
vn 0.9756 0.2190 0.0159
vn -0.0163 0.3794 -0.9251
vn -0.5004 0.2761 0.8206
vn 0.7319 0.0215 -0.6811
vn -0.4119 0.3778 -0.8292
vn -0.8318 0.0878 0.5480
vn 0.7319 0.0216 -0.6811
vn -0.4892 0.0966 -0.8668
vn 0.4710 0.0851 -0.8780
vn -0.6997 0.4553 0.5505
vn -0.0000 -0.0428 -0.9991
vn -0.4084 0.6924 -0.5948
vn -0.4015 0.8816 0.2481
vn -0.6265 0.4295 -0.6504
vn -0.7319 0.0215 -0.6811
vn -0.7319 0.0216 -0.6811
vn -0.6450 0.0506 0.7625
vn -0.9874 0.1578 -0.0056
vn -0.9875 0.1578 -0.0056
vn 0.7113 0.0095 -0.7028
vn 0.6148 0.2874 -0.7345
vn 0.7798 0.6261 0.0031
vn 0.6314 -0.2749 -0.7251
vn 0.7825 -0.6225 -0.0137
vn 0.7797 0.6261 0.0032
vn 0.6470 0.2902 0.7051
vn 0.7286 -0.0171 0.6847
vn 0.6520 -0.3194 0.6876
vn 0.9616 0.0378 0.2718
vn -0.5570 -0.8288 -0.0523
vn 0.3068 -0.9360 0.1726
vn 0.1426 0.1028 -0.9844
vn 0.4311 -0.9023 -0.0051
vn -0.9249 -0.3793 -0.0266
vn 0.6998 -0.7009 -0.1380
vn -0.5037 -0.8616 -0.0627
vn 0.1377 -0.0228 -0.9902
vn 0.0767 0.0643 0.9950
vn -0.0181 0.4222 0.9063
vn 0.8792 0.4098 -0.2431
vn -0.5967 -0.8020 -0.0284
vn 0.2131 0.6562 0.7239
vn 0.4390 -0.8980 0.0292
vn 0.1086 -0.0174 0.9939
vn 0.5975 0.7988 0.0707
vn -0.7414 -0.6711 0.0038
vn 0.1059 -0.7553 0.6467
vn 0.3342 -0.4526 -0.8267
vn 0.1702 0.1327 0.9764
vn 0.0816 -0.9962 -0.0294
vn -0.1561 -0.9872 0.0340
vn 0.1018 -0.0294 0.9944
vn 0.1135 -0.7255 -0.6788
vn 0.7277 0.6799 0.0910
vn -0.9994 0.0350 -0.0073
vn 0.2352 -0.9647 -0.1186
vn 0.1089 0.0276 -0.9937
vn -0.3193 -0.9408 -0.1138
vn -0.1216 -0.7678 0.6290
vn 0.0978 0.1473 -0.9843
vn -0.1970 -0.9726 0.1236
vn -0.0948 -0.7548 -0.6490
vn -0.8231 -0.5676 -0.0187
vn 0.5903 0.5471 -0.5935
vn 0.1876 -0.9817 -0.0318
vn -0.1804 -0.9836 -0.0072
vn 0.7047 -0.1936 -0.6825
vn 0.0242 -0.9797 -0.1989
vn 0.9296 -0.2722 0.2484
vn 0.1385 0.0774 0.9873
vn 0.1459 -0.8171 -0.5577
vn 0.4363 -0.0870 0.8956
vn -0.9584 -0.2852 0.0111
vn -0.3260 -0.6801 0.6566
vn 0.0290 0.0106 -0.9995
vn 0.1256 0.1514 -0.9805
vn -0.8991 -0.4377 0.0035
vn 0.0891 0.4879 -0.8683
vn -0.2577 -0.6918 -0.6745
vn -0.3177 -0.6959 -0.6440
vn 0.9430 0.3098 -0.1216
vn -0.2376 0.6965 -0.6771
vn -0.4982 -0.8670 0.0111
vn 0.4158 -0.9095 -0.0019
vn -0.3759 0.2961 -0.8781
vn 0.4067 0.8639 -0.2970
vn -0.0596 0.0949 -0.9937
vn -0.3261 -0.6801 0.6566
vn 0.5904 0.5471 -0.5934
vn -0.0497 -0.9974 -0.0525
vn 0.1626 0.9761 -0.1445
vn -0.0277 0.9985 0.0469
vn -0.0099 0.9540 -0.2998
vn 0.3325 0.9351 -0.1226
vn -0.1203 0.9926 -0.0131
vn -0.0779 0.9950 0.0629
vn 0.8171 0.5737 -0.0565
vn -0.0914 -0.0183 0.9956
vn -0.3216 0.4687 0.8227
vn -0.0842 0.9906 -0.1079
vn 0.9995 -0.0303 0.0006
vn 0.8792 0.4097 -0.2430
vn -0.1314 0.8857 0.4453
vn 0.1703 0.1327 0.9764
vn -0.3194 -0.9408 -0.1137
vn -0.4094 0.3177 0.8552
vn 0.4180 0.9056 0.0712
vn -0.0498 -0.9974 -0.0525
vn 0.0780 0.9497 0.3031
vn 0.9616 0.0378 0.2719
vn -0.2161 -0.1082 0.9704
vn 0.7291 0.6839 0.0277
vn 0.2909 0.9269 0.2371
vn -0.1970 -0.9726 0.1235
vn 0.1323 0.0739 -0.9885
vn 0.5975 0.7988 0.0708
vn 0.9426 0.3335 0.0176
vn 0.7484 0.6617 0.0447
vn 0.1108 -0.0099 0.9938
vn 0.1337 -0.0276 -0.9906
vn 0.0225 0.0903 0.9957
vn 0.0965 -0.0601 0.9935
vn 0.0244 -0.7637 -0.6451
vn -0.0073 -0.7679 0.6406
vn 0.7132 -0.7007 0.0174
vn 0.9624 0.2716 0.0010
vn -0.0325 -0.9995 -0.0001
vn 0.7906 -0.6116 -0.0292
vn 0.1059 -0.7554 0.6467
vn 0.0817 -0.9962 -0.0294
vn 0.1017 -0.0294 0.9944
vn 0.5499 -0.8352 0.0035
vn -0.1217 -0.7678 0.6290
vn -0.8643 -0.5017 -0.0351
vn 0.1322 0.0739 -0.9885
vn -0.6211 -0.7835 -0.0165
vn 0.0244 -0.7636 -0.6452
vn 0.4363 -0.0871 0.8956
usemtl mat0.008
s 1
f 961/961/781 962/962/782 963/963/783
f 963/963/783 964/964/784 961/961/781
f 963/963/783 962/962/782 965/965/785
f 966/966/786 964/964/784 963/963/783
f 964/964/784 967/967/787 961/961/781
f 961/961/781 967/967/787 962/962/782
f 963/963/783 965/965/785 968/968/788
f 968/968/788 966/966/786 963/963/783
f 966/966/786 969/969/789 964/964/784
f 962/962/782 967/967/787 970/970/790
f 971/971/791 965/965/785 962/962/782
f 972/972/792 966/966/786 968/968/788
f 973/973/793 964/964/784 969/969/789
f 974/974/794 965/965/785 971/971/791
f 975/975/795 966/966/786 972/972/792
f 976/976/796 964/964/784 973/973/793
f 976/976/796 967/967/787 964/964/784
f 974/974/794 977/977/797 965/965/785
f 978/978/798 969/969/789 966/966/786
f 978/978/798 966/966/786 975/975/795
f 967/967/787 979/979/799 970/970/790
f 974/974/794 980/980/800 977/977/797
f 980/980/800 978/978/798 975/975/795
f 978/978/798 981/981/801 969/969/789
f 982/982/802 979/979/799 967/967/787
f 965/965/785 977/977/797 983/983/803
f 984/984/804 981/981/801 978/978/798
f 984/984/804 980/980/800 974/974/794
f 982/982/802 967/967/787 985/985/805
f 968/968/788 965/965/785 983/983/803
f 984/984/804 974/974/794 981/981/801
f 980/980/800 984/984/804 978/978/798
f 985/985/805 967/967/787 976/976/796
f 986/986/806 969/969/789 981/981/801
f 981/981/801 974/974/794 971/971/791
f 981/981/801 971/971/791 986/986/806
f 973/973/793 985/985/805 976/976/796
f 986/986/806 973/973/793 969/969/789
f 986/986/806 971/971/791 987/987/807
f 988/988/808 985/985/805 973/973/793
f 986/986/806 987/987/807 989/989/809
f 988/988/808 973/973/793 989/989/809
f 989/989/809 973/973/793 986/986/806
f 971/971/791 962/962/782 987/987/807
f 989/989/809 987/987/807 990/990/810
f 987/987/807 962/962/782 970/970/790
f 987/987/807 970/970/790 990/990/810
f 990/990/810 970/970/790 979/979/799
f 991/991/795 992/992/811 993/993/800
f 991/991/795 994/994/812 992/992/811
f 993/993/800 992/992/811 995/995/813
f 996/996/792 994/994/812 991/991/795
f 997/997/814 995/995/813 992/992/811
f 992/992/811 994/994/812 997/997/814
f 994/994/812 996/996/792 998/998/788
f 999/999/815 995/995/813 997/997/814
f 997/997/814 994/994/812 1000/1000/816
f 994/994/812 998/998/788 1001/1001/817
f 1001/1001/817 1000/1000/816 994/994/812
f 1002/1002/818 1000/1000/816 1001/1001/817
f 1003/1003/819 1004/1004/820 1005/1005/817
f 1006/1006/803 1004/1004/820 1003/1003/819
f 1004/1004/820 1007/1007/821 1005/1005/817
f 1006/1006/803 1008/1008/822 1004/1004/820
f 1005/1005/817 1007/1007/821 1009/1009/823
f 1010/1010/797 1008/1008/822 1006/1006/803
f 1007/1007/821 1004/1004/820 1011/1011/824
f 1011/1011/824 1004/1004/820 1008/1008/822
f 1008/1008/822 1010/1010/797 1012/1012/825
f 1013/1013/826 1011/1011/824 1008/1008/822
f 1008/1008/822 1012/1012/825 1013/1013/826
f 1014/1014/815 1011/1011/824 1013/1013/826
f 1015/1015/827 1016/1016/828 1017/1017/829
f 1016/1016/828 1015/1015/827 1018/1018/830
f 1017/1017/829 1016/1016/828 1019/1019/831
f 1018/1018/830 1015/1015/827 1020/1020/832
f 1019/1019/831 1021/1021/833 1017/1017/829
f 1018/1018/830 1022/1022/834 1016/1016/828
f 1023/1023/835 1020/1020/832 1015/1015/827
f 1019/1019/831 1016/1016/828 1024/1024/836
f 1021/1021/833 1019/1019/831 1025/1025/837
f 1016/1016/828 1022/1022/834 1024/1024/836
f 1022/1022/834 1018/1018/830 1026/1026/838
f 1015/1015/827 1027/1027/839 1023/1023/835
f 1025/1025/837 1028/1028/840 1021/1021/833
f 1025/1025/837 1019/1019/831 1029/1029/841
f 1030/1030/842 1020/1020/832 1023/1023/835
f 1015/1015/827 1031/1031/843 1027/1027/839
f 1021/1021/833 1028/1028/840 1032/1032/844
f 1030/1030/842 1023/1023/835 1033/1033/845
f 1027/1027/839 1031/1031/843 1034/1034/846
f 1032/1032/844 1028/1028/840 1035/1035/847
f 1033/1033/845 1023/1023/835 1036/1036/848
f 1037/1037/849 1034/1034/846 1031/1031/843
f 1038/1038/850 1032/1032/844 1035/1035/847
f 1036/1036/848 1039/1039/851 1033/1033/845
f 1040/1040/852 1034/1034/846 1037/1037/849
f 1035/1035/847 1041/1041/853 1038/1038/850
f 1028/1028/840 1042/1042/854 1035/1035/847
f 1043/1043/855 1039/1039/851 1036/1036/848
f 1040/1040/852 1037/1037/849 1044/1044/856
f 1045/1045/857 1032/1032/844 1038/1038/850
f 1046/1046/858 1043/1043/855 1036/1036/848
f 1045/1045/857 1038/1038/850 1047/1047/859
f 1044/1044/856 1037/1037/849 1048/1048/856
f 1048/1048/856 1049/1049/860 1044/1044/856
f 1044/1044/856 1049/1049/860 1050/1050/861
f 1036/1036/848 1023/1023/835 1051/1051/862
f 1049/1049/860 1052/1052/863 1050/1050/861
f 1036/1036/848 1051/1051/862 1053/1053/864
f 1053/1053/864 1052/1052/863 1049/1049/860
f 1053/1053/864 1051/1051/862 1052/1052/863
f 1054/1054/865 1055/1055/866 1056/1056/867
f 1054/1054/865 1057/1057/868 1055/1055/866
f 1056/1056/867 1055/1055/866 1058/1058/867
f 1059/1059/869 1057/1057/868 1054/1054/865
f 1060/1060/869 1057/1057/868 1059/1059/869
f 1061/1061/870 1062/1062/871 1063/1063/867
f 1063/1063/867 1062/1062/871 1064/1064/872
f 1062/1062/871 1065/1065/873 1064/1064/872
f 1065/1065/873 1066/1066/869 1064/1064/872
f 1067/1067/869 1066/1066/869 1065/1065/873
f 1068/1068/874 1069/1069/875 1070/1070/876
f 1068/1068/874 1071/1071/877 1069/1069/875
f 1070/1070/876 1072/1072/878 1068/1068/874
f 1071/1071/877 1073/1073/879 1069/1069/875
f 1072/1072/878 1070/1070/876 1074/1074/880
f 1075/1075/881 1068/1068/874 1072/1072/878
f 1076/1076/882 1073/1073/879 1071/1071/877
f 1073/1073/879 1077/1077/883 1069/1069/875
f 1078/1078/884 1074/1074/880 1070/1070/876
f 1072/1072/878 1079/1079/885 1075/1075/881
f 1073/1073/879 1076/1076/882 1080/1080/886
f 1081/1081/887 1074/1074/880 1078/1078/884
f 1072/1072/878 1082/1082/888 1079/1079/885
f 1080/1080/886 1083/1083/889 1073/1073/879
f 1083/1083/889 1077/1077/883 1073/1073/879
f 1074/1074/880 1081/1081/887 1084/1084/890
f 1085/1085/891 1079/1079/885 1082/1082/888
f 1086/1086/892 1083/1083/889 1080/1080/886
f 1074/1074/880 1084/1084/890 1087/1087/893
f 1085/1085/891 1088/1088/894 1079/1079/885
f 1089/1089/895 1086/1086/892 1080/1080/886
f 1087/1087/893 1090/1090/896 1074/1074/880
f 1085/1085/891 1091/1091/897 1088/1088/894
f 1089/1089/895 1080/1080/886 1092/1092/898
f 1084/1084/890 1093/1093/899 1087/1087/893
f 1094/1094/900 1091/1091/897 1085/1085/891
f 1074/1074/880 1090/1090/896 1095/1095/901
f 1080/1080/886 1076/1076/882 1092/1092/898
f 1094/1094/900 1085/1085/891 1096/1096/902
f 1072/1072/878 1074/1074/880 1095/1095/901
f 1090/1090/896 1097/1097/903 1095/1095/901
f 1094/1094/900 1098/1098/904 1091/1091/897
f 1096/1096/902 1085/1085/891 1099/1099/905
f 1100/1100/906 1090/1090/896 1087/1087/893
f 1101/1101/907 1094/1094/900 1096/1096/902
f 1102/1102/908 1098/1098/904 1094/1094/900
f 1103/1103/909 1099/1099/905 1085/1085/891
f 1100/1100/906 1087/1087/893 1104/1104/910
f 1102/1102/908 1094/1094/900 1101/1101/907
f 1085/1085/891 1082/1082/888 1103/1103/909
f 1098/1098/904 1102/1102/908 1105/1105/911
f 1104/1104/910 1087/1087/893 1106/1106/912
f 1101/1101/907 1105/1105/911 1102/1102/908
f 1107/1107/913 1103/1103/909 1082/1082/888
f 1104/1104/910 1106/1106/912 1108/1108/914
f 1087/1087/893 1093/1093/899 1106/1106/912
f 1093/1093/899 1108/1108/914 1106/1106/912
f 1103/1103/909 1107/1107/913 1109/1109/915
f 1107/1107/913 1082/1082/888 1110/1110/916
f 1104/1104/910 1108/1108/914 1111/1111/917
f 1093/1093/899 1111/1111/917 1108/1108/914
f 1109/1109/915 1107/1107/913 1112/1112/918
f 1110/1110/916 1082/1082/888 1095/1095/901
f 1109/1109/915 1112/1112/918 1113/1113/919
f 1107/1107/913 1114/1114/920 1112/1112/918
f 1107/1107/913 1110/1110/916 1115/1115/921
f 1082/1082/888 1072/1072/878 1095/1095/901
f 1113/1113/919 1112/1112/918 1116/1116/922
f 1115/1115/921 1114/1114/920 1107/1107/913
f 1115/1115/921 1110/1110/916 1117/1117/923
f 1110/1110/916 1095/1095/901 1118/1118/924
f 1114/1114/920 1119/1119/925 1112/1112/918
f 1112/1112/918 1119/1119/925 1116/1116/922
f 1115/1115/921 1120/1120/926 1114/1114/920
f 1117/1117/923 1110/1110/916 1121/1121/927
f 1121/1121/927 1110/1110/916 1118/1118/924
f 1122/1122/928 1116/1116/922 1119/1119/925
f 1122/1122/928 1113/1113/919 1116/1116/922
f 1120/1120/926 1123/1123/929 1114/1114/920
f 1118/1118/924 1124/1124/930 1121/1121/927
f 1114/1114/920 1123/1123/929 1119/1119/925
f 1125/1125/931 1115/1115/921 1117/1117/923
f 1125/1125/931 1120/1120/926 1115/1115/921
f 1097/1097/903 1124/1124/930 1118/1118/924
f 1123/1123/929 1126/1126/928 1119/1119/925
f 1125/1125/931 1127/1127/915 1120/1120/926
f 1097/1097/903 1128/1128/932 1124/1124/930
f 1120/1120/926 1127/1127/915 1123/1123/929
f 1129/1129/933 1126/1126/928 1123/1123/929
f 1130/1130/934 1127/1127/915 1125/1125/931
f 1131/1131/935 1128/1128/932 1097/1097/903
f 1123/1123/929 1127/1127/915 1129/1129/933
f 1097/1097/903 1118/1118/924 1095/1095/901
f 1125/1125/931 1132/1132/936 1130/1130/934
f 1124/1124/930 1128/1128/932 1133/1133/937
f 1134/1134/938 1132/1132/936 1125/1125/931
f 1130/1130/934 1132/1132/936 1135/1135/939
f 1133/1133/937 1136/1136/940 1124/1124/930
f 1133/1133/937 1128/1128/932 1137/1137/941
f 1117/1117/923 1134/1134/938 1125/1125/931
f 1135/1135/939 1138/1138/942 1130/1130/934
f 1137/1137/941 1139/1139/943 1133/1133/937
f 1117/1117/923 1121/1121/927 1134/1134/938
f 1124/1124/930 1136/1136/940 1121/1121/927
f 1130/1130/934 1138/1138/942 1140/1140/905
f 1133/1133/937 1139/1139/943 1141/1141/944
f 1134/1134/938 1142/1142/945 1132/1132/936
f 1121/1121/927 1136/1136/940 1142/1142/945
f 1138/1138/942 1143/1143/946 1140/1140/905
f 1141/1141/944 1136/1136/940 1133/1133/937
f 1134/1134/938 1121/1121/927 1142/1142/945
f 1135/1135/939 1144/1144/947 1138/1138/942
f 1132/1132/936 1144/1144/947 1135/1135/939
f 1136/1136/940 1141/1141/944 1145/1145/948
f 1140/1140/905 1143/1143/946 1146/1146/902
f 1136/1136/940 1145/1145/948 1142/1142/945
f 1138/1138/942 1144/1144/947 1147/1147/949
f 1141/1141/944 1139/1139/943 1148/1148/950
f 1138/1138/942 1147/1147/949 1143/1143/946
f 1149/1149/951 1145/1145/948 1141/1141/944
f 1150/1150/952 1144/1144/947 1132/1132/936
f 1148/1148/950 1139/1139/943 1151/1151/953
f 1145/1145/948 1149/1149/951 1152/1152/887
f 1150/1150/952 1132/1132/936 1153/1153/954
f 1132/1132/936 1142/1142/945 1153/1153/954
f 1154/1154/896 1141/1141/944 1148/1148/950
f 1149/1149/951 1141/1141/944 1154/1154/896
f 1153/1153/954 1142/1142/945 1145/1145/948
f 1155/1155/955 1150/1150/952 1153/1153/954
f 1149/1149/951 1156/1156/956 1152/1152/887
f 1154/1154/896 1156/1156/956 1149/1149/951
f 1150/1150/952 1157/1157/957 1144/1144/947
f 1150/1150/952 1155/1155/955 1157/1157/957
f 1153/1153/954 1158/1158/958 1155/1155/955
f 1159/1159/959 1156/1156/956 1154/1154/896
f 1144/1144/947 1157/1157/957 1160/1160/960
f 1161/1161/884 1158/1158/958 1153/1153/954
f 1152/1152/887 1161/1161/884 1145/1145/948
f 1152/1152/887 1156/1156/956 1162/1162/961
f 1157/1157/957 1163/1163/962 1160/1160/960
f 1145/1145/948 1161/1161/884 1153/1153/954
f 1158/1158/958 1164/1164/963 1155/1155/955
f 1157/1157/957 1165/1165/964 1163/1163/962
f 1160/1160/960 1163/1163/962 1166/1166/965
f 1167/1167/966 1158/1158/958 1161/1161/884
f 1157/1157/957 1155/1155/955 1165/1165/964
f 1158/1158/958 1167/1167/966 1164/1164/963
f 1163/1163/962 1165/1165/964 1168/1168/967
f 1166/1166/965 1163/1163/962 1169/1169/968
f 1155/1155/955 1164/1164/963 1170/1170/877
f 1164/1164/963 1167/1167/966 1171/1171/883
f 1168/1168/967 1172/1172/969 1163/1163/962
f 1169/1169/968 1163/1163/962 1173/1173/970
f 1164/1164/963 1174/1174/971 1170/1170/877
f 1171/1171/883 1174/1174/971 1164/1164/963
f 1163/1163/962 1172/1172/969 1173/1173/970
f 1173/1173/970 1175/1175/972 1169/1169/968
f 1170/1170/877 1174/1174/971 1176/1176/882
f 1177/1177/889 1174/1174/971 1171/1171/883
f 1172/1172/969 1175/1175/972 1173/1173/970
f 1176/1176/882 1174/1174/971 1178/1178/898
f 1177/1177/889 1179/1179/973 1174/1174/971
f 1178/1178/898 1174/1174/971 1179/1179/973
f 1180/1180/974 1179/1179/973 1177/1177/889
f 1178/1178/898 1179/1179/973 1181/1181/975
f 1180/1180/974 1181/1181/975 1179/1179/973
f 1143/1143/946 1147/1147/949 1182/1182/976
f 1143/1143/946 1182/1182/976 1183/1183/977
f 1143/1143/946 1183/1183/977 1146/1146/902
f 1183/1183/977 1182/1182/976 1184/1184/978
f 1146/1146/902 1183/1183/977 1185/1185/907
f 1184/1184/978 1186/1186/911 1183/1183/977
f 1183/1183/977 1186/1186/911 1185/1185/907
f 1075/1075/881 1187/1187/979 1188/1188/964
f 1068/1068/874 1075/1075/881 1188/1188/964
f 1188/1188/964 1187/1187/979 1189/1189/967
f 1075/1075/881 1190/1190/980 1187/1187/979
f 1187/1187/979 1191/1191/981 1189/1189/967
f 1079/1079/885 1190/1190/980 1075/1075/881
f 1187/1187/979 1190/1190/980 1192/1192/965
f 1187/1187/979 1192/1192/965 1191/1191/981
f 1189/1189/967 1191/1191/981 1193/1193/969
f 1191/1191/981 1192/1192/965 1194/1194/982
f 1191/1191/981 1195/1195/972 1193/1193/969
f 1195/1195/972 1191/1191/981 1194/1194/982
f 1069/1069/875 1077/1077/883 1196/1196/966
f 1196/1196/966 1070/1070/876 1069/1069/875
f 1078/1078/884 1070/1070/876 1196/1196/966
f 1156/1156/956 1197/1197/983 1162/1162/961
f 1156/1156/956 1198/1198/910 1197/1197/983
f 1162/1162/961 1197/1197/983 1199/1199/899
f 1159/1159/959 1198/1198/910 1156/1156/956
o Mesh_0403.rip_noesis_meshnode_0000_Mesh_0403.rip
v -0.000046 1.495962 -0.073506
v 0.032662 1.602089 -0.063831
v 0.054302 1.491239 -0.049900
v 0.086759 1.605100 -0.027937
v 0.076865 1.651680 -0.056581
v -0.000010 1.582759 -0.072968
v 0.113431 1.685230 -0.026481
v 0.122794 1.677160 -0.003701
v 0.129224 1.744549 -0.053501
v 0.075138 1.528860 -0.008542
v 0.115112 1.613240 -0.000667
v 0.068650 1.482338 -0.003456
v 0.124915 1.669650 0.012146
v 0.081454 1.550820 0.016526
v 0.054146 1.503590 0.038316
v 0.120644 1.621580 0.042164
v 0.126045 1.724770 0.025318
v 0.051010 1.468480 0.052124
v 0.105041 1.578240 0.002978
v 0.116944 1.662630 0.055735
v 0.000000 1.486900 0.068204
v 0.106934 1.577790 0.046269
v 0.117090 1.705340 0.079890
v -0.000010 1.469261 0.065798
v 0.097288 1.594870 0.087610
v 0.117777 1.754780 0.074076
v 0.101147 1.654690 0.082860
v -0.051031 1.468480 0.052124
v 0.126819 1.786032 0.027252
v -0.054146 1.503590 0.038316
v 0.083521 1.629260 0.100827
v 0.112422 1.790440 0.061242
v -0.068670 1.482338 -0.003456
v 0.069826 1.590330 0.117005
v 0.103097 1.767210 0.086127
v -0.075138 1.528860 -0.008542
v 0.081615 1.561660 0.102689
v 0.099391 1.791120 0.078660
v -0.053388 1.491239 -0.049900
v 0.038822 1.566300 0.138775
v 0.109284 1.812800 0.068240
v -0.086759 1.605100 -0.027937
v 0.045231 1.537250 0.127649
v 0.116768 1.829282 0.040821
v -0.081454 1.550820 0.016526
v 0.083756 1.549170 0.057604
v 0.106145 1.835170 0.075238
v -0.105041 1.578240 0.002978
v 0.098857 1.810350 0.079163
v -0.115112 1.613240 -0.000667
v -0.122794 1.677160 -0.003701
v -0.083756 1.549170 0.057604
v 0.092516 1.830470 0.083359
v -0.106934 1.577790 0.046269
v -0.113431 1.685230 -0.026481
v 0.091508 1.853680 0.085540
v -0.076885 1.651680 -0.056581
v -0.124915 1.669650 0.012146
v 0.112867 1.879728 0.051414
v -0.129244 1.744549 -0.053501
v -0.120644 1.621580 0.042164
v 0.073611 1.881560 0.097185
v -0.032683 1.602089 -0.063831
v -0.116944 1.662630 0.055735
v 0.067872 1.905632 0.087252
v -0.126045 1.724770 0.025318
v 0.095781 1.904241 0.046016
v -0.000046 1.495962 -0.073506
v 0.034906 1.899688 0.104828
v -0.117090 1.705340 0.079890
v -0.000010 1.582759 -0.072968
v 0.045383 1.867610 0.111843
v -0.117777 1.754780 0.074076
v -0.101147 1.654690 0.082860
v -0.128517 1.727890 -0.006933
v 0.017352 1.854450 0.117625
v -0.134486 1.675600 -0.010865
v 0.075824 1.868440 0.097890
v -0.097288 1.594870 0.087610
v -0.150372 1.698940 -0.038441
v -0.165596 1.764460 -0.062743
v -0.083521 1.629260 0.100827
v 0.067606 1.850400 0.097560
v -0.152291 1.798430 -0.034090
v -0.083687 1.650310 0.103402
v 0.084339 1.841040 0.089624
v -0.131738 1.784561 -0.008827
v -0.159115 1.793870 -0.055067
v -0.069826 1.590330 0.117005
v 0.047002 1.849520 0.103734
v -0.061243 1.629060 0.113142
v 0.031870 1.843940 0.105649
v 0.081422 1.837328 0.089426
v -0.058685 1.646290 0.120501
v 0.038559 1.839890 0.102357
v 0.090730 1.823888 0.083221
v -0.029714 1.643820 0.139164
v 0.028889 1.830522 0.103337
v -0.063539 1.669980 0.119205
v 0.019437 1.832990 0.107563
v 0.094488 1.804010 0.080584
v -0.033709 1.611250 0.130191
v 0.022248 1.818302 0.103437
v 0.000000 1.607700 0.137355
v 0.016295 1.819570 0.107683
v 0.090591 1.784209 0.084058
v -0.038822 1.566300 0.138775
v 0.000000 1.826950 0.113997
v 0.000000 1.561450 0.148236
v 0.013153 1.806150 0.107804
v 0.085508 1.776671 0.088296
v 0.000000 1.812440 0.111550
v 0.092813 1.754130 0.101111
v 0.033709 1.611250 0.130191
v -0.016295 1.819570 0.107683
v 0.029714 1.643820 0.139164
v -0.013153 1.806150 0.107804
v -0.019437 1.832990 0.107563
v 0.098798 1.728990 0.104496
v 0.061243 1.629060 0.113142
v -0.022248 1.818302 0.103437
v 0.078394 1.770889 0.094000
v 0.058685 1.646290 0.120501
v -0.028889 1.830522 0.103337
v 0.000000 1.794170 0.114912
v 0.063539 1.669980 0.119205
v -0.020097 1.804010 0.103621
v -0.031870 1.843940 0.105649
v 0.027440 1.692640 0.132266
v -0.013423 1.790060 0.110717
v -0.038559 1.839890 0.102357
v 0.000000 1.684180 0.137000
v -0.022142 1.789662 0.103336
v -0.047002 1.849520 0.103734
v 0.000000 1.643110 0.144971
v -0.013693 1.773980 0.113631
v -0.050896 1.845001 0.100784
v 0.000000 1.775900 0.118275
v -0.067606 1.850400 0.097560
v 0.000000 1.755120 0.131044
v -0.065174 1.845532 0.096714
v -0.045383 1.867610 0.111843
v -0.015254 1.751660 0.123769
v -0.014764 1.726740 0.150461
v -0.026005 1.762490 0.109509
v 0.013423 1.790060 0.110717
v -0.081422 1.837328 0.089426
v -0.025699 1.743010 0.119890
v -0.084339 1.841040 0.089624
v -0.053632 1.753800 0.111440
v 0.020097 1.804010 0.103621
v -0.092516 1.830470 0.083359
v -0.038515 1.768001 0.102257
v -0.091508 1.853680 0.085540
v -0.050896 1.765120 0.102317
v -0.075824 1.868440 0.097890
v -0.064124 1.765540 0.100316
v -0.027905 1.776317 0.102116
v -0.073611 1.881560 0.097185
v -0.092813 1.754130 0.101111
v -0.059027 1.729550 0.120809
v -0.034926 1.899688 0.104828
v -0.078394 1.770889 0.094000
v -0.017352 1.854450 0.117625
v -0.085508 1.776671 0.088296
v -0.098798 1.728990 0.104496
v -0.033704 1.713300 0.127135
v -0.000010 1.889239 0.114785
v -0.103097 1.767210 0.086127
v 0.000000 1.853210 0.118428
v -0.023062 1.708367 0.155701
v -0.027440 1.692640 0.132266
v -0.112422 1.790440 0.061242
v -0.016972 1.696983 0.159770
v -0.099391 1.791120 0.078660
v 0.000000 1.684180 0.137000
v -0.109284 1.812800 0.068240
v 0.000000 1.691468 0.161589
v -0.098857 1.810350 0.079163
v -0.013072 1.702105 0.181692
v -0.106145 1.835170 0.075238
v -0.016214 1.707188 0.180429
v 0.016972 1.696983 0.159770
v -0.008359 1.706970 0.198410
v 0.027440 1.692640 0.132266
v -0.009776 1.718969 0.178300
v 0.023062 1.708367 0.155701
v -0.090730 1.823888 0.083221
v 0.000000 1.714490 0.199905
v 0.033704 1.713300 0.127135
v -0.094488 1.804010 0.080584
v 0.000000 1.725285 0.178412
v 0.014764 1.726740 0.150461
v 0.000000 1.735220 0.156990
v 0.025699 1.743010 0.119890
v 0.009776 1.718969 0.178300
v 0.059027 1.729550 0.120809
v 0.015254 1.751660 0.123769
v 0.008359 1.706970 0.198410
v 0.026005 1.762490 0.109509
v 0.000000 1.702660 0.199283
v 0.053632 1.753800 0.111440
v 0.000000 1.697610 0.183846
v 0.013693 1.773980 0.113631
v 0.038515 1.768001 0.102257
v 0.013072 1.702105 0.181692
v 0.050896 1.765120 0.102317
v 0.016214 1.707188 0.180429
v 0.064124 1.765540 0.100316
v 0.062663 1.700220 0.121261
v 0.095099 1.690070 0.102755
v 0.081749 1.661690 0.107754
v 0.083687 1.650310 0.103402
v 0.000000 1.535400 0.144143
v -0.045231 1.537250 0.127649
v 0.000000 1.523040 0.129783
v -0.081615 1.561660 0.102689
v 0.000000 1.510120 0.080600
v 0.050816 1.526300 0.059339
v -0.050816 1.526300 0.059339
v 0.022142 1.789662 0.103336
v 0.027905 1.776317 0.102116
v -0.152291 1.798430 -0.034090
v -0.131738 1.784561 -0.008827
v -0.138115 1.797679 -0.036345
v -0.159115 1.793870 -0.055067
v 0.128517 1.727890 -0.006933
v 0.165596 1.764460 -0.062743
v 0.152291 1.798430 -0.034090
v 0.150372 1.698940 -0.038441
v 0.159115 1.793870 -0.055067
v 0.134486 1.675600 -0.010865
v 0.131718 1.784561 -0.008827
v 0.152291 1.798430 -0.034090
v 0.138095 1.797679 -0.036345
v 0.131718 1.784561 -0.008827
v 0.159115 1.793870 -0.055067
v 0.150372 1.698940 -0.038441
v 0.134486 1.675600 -0.010865
v 0.113431 1.685230 -0.026481
v 0.129224 1.744549 -0.053501
v 0.122794 1.677160 -0.003701
v 0.165596 1.764460 -0.062743
v 0.138095 1.797679 -0.036345
v 0.159115 1.793870 -0.055067
v -0.112887 1.879728 0.051414
v -0.116788 1.829282 0.040821
v -0.126839 1.786032 0.027252
v -0.067892 1.905632 0.087252
v -0.075785 1.912938 0.050513
v -0.095099 1.690070 0.102755
v -0.062663 1.700220 0.121261
v -0.081749 1.661690 0.107754
v -0.027440 1.692640 0.132266
v -0.113431 1.685230 -0.026481
v -0.150372 1.698940 -0.038441
v -0.129244 1.744549 -0.053501
v -0.134486 1.675600 -0.010865
v -0.122794 1.677160 -0.003701
v -0.165596 1.764460 -0.062743
v -0.138115 1.797679 -0.036345
v -0.159115 1.793870 -0.055067
v 0.050896 1.845001 0.100784
v 0.065174 1.845532 0.096714
v -0.090591 1.784209 0.084058
vt 0.764917 -0.994362
vt 0.857566 -0.838326
vt 0.695761 -0.928275
vt 0.791050 -0.754081
vt 0.877600 -0.729484
vt 0.869892 -0.901768
vt 0.864446 -0.636311
vt 0.823372 -0.616584
vt 0.979234 -0.583366
vt 0.687950 -0.832272
vt 0.757928 -0.700658
vt 0.631325 -0.883589
vt 0.792037 -0.614865
vt 0.675630 -0.777617
vt 0.578705 -0.819642
vt 0.713594 -0.657546
vt 0.806306 -0.525427
vt 0.555375 -0.856115
vt 0.723866 -0.739349
vt 0.721619 -0.595717
vt 0.504209 -0.817010
vt 0.675024 -0.707566
vt 0.713051 -0.520930
vt 0.504208 -0.847699
vt 0.636806 -0.664724
vt 0.748403 -0.446990
vt 0.672673 -0.590958
vt 0.453046 -0.856111
vt 0.852055 -0.433619
vt 0.429718 -0.819642
vt 0.626913 -0.614544
vt 0.790304 -0.388573
vt 0.377107 -0.883588
vt 0.588434 -0.656135
vt 0.724465 -0.412619
vt 0.320480 -0.832277
vt 0.599302 -0.692850
vt 0.749903 -0.369822
vt 0.312679 -0.928280
vt 0.542936 -0.672948
vt 0.792463 -0.334787
vt 0.217377 -0.754094
vt 0.546673 -0.702531
vt 0.868072 -0.318800
vt 0.332795 -0.777624
vt 0.632216 -0.738742
vt 0.787457 -0.279191
vt 0.284558 -0.739359
vt 0.760045 -0.332281
vt 0.250496 -0.700671
vt 0.185050 -0.616600
vt 0.376205 -0.738748
vt 0.748525 -0.284676
vt 0.333397 -0.707575
vt 0.143977 -0.636328
vt 0.751188 -0.225461
vt 0.130825 -0.729502
vt 0.216385 -0.614881
vt 0.890908 -0.153340
vt 0.029186 -0.583379
vt 0.294826 -0.657559
vt 0.691116 -0.149531
vt 0.150869 -0.838340
vt 0.286799 -0.595733
vt 0.688336 -0.077482
vt 0.202116 -0.525448
vt 0.779659 -0.009406
vt 0.243528 -0.994375
vt 0.594316 -0.095725
vt 0.295363 -0.520952
vt 0.138545 -0.901780
vt 0.611278 -0.179840
vt 0.260017 -0.447021
vt 0.335741 -0.590972
vt 0.156353 -0.541559
vt 0.542805 -0.204642
vt 0.168364 -0.612489
vt 0.695496 -0.184173
vt 0.371611 -0.664733
vt 0.128572 -0.587285
vt 0.042555 -0.561695
vt 0.381500 -0.614555
vt 0.674548 -0.231703
vt 0.058753 -0.511434
vt 0.375697 -0.585747
vt 0.726595 -0.257773
vt 0.105099 -0.478500
vt 0.046532 -0.529820
vt 0.419980 -0.656141
vt 0.617314 -0.229023
vt 0.415089 -0.607677
vt 0.579270 -0.237576
vt 0.720029 -0.268214
vt 0.418639 -0.583211
vt 0.593836 -0.250515
vt 0.743169 -0.298931
vt 0.465123 -0.582681
vt 0.568804 -0.265362
vt 0.406710 -0.550732
vt 0.548496 -0.256757
vt 0.749411 -0.343989
vt 0.460971 -0.623831
vt 0.553285 -0.288095
vt 0.504205 -0.625906
vt 0.539306 -0.283731
vt 0.726593 -0.371077
vt 0.465479 -0.672951
vt 0.504200 -0.265881
vt 0.504207 -0.674899
vt 0.532024 -0.309622
vt 0.702463 -0.376189
vt 0.504191 -0.296907
vt 0.684272 -0.427535
vt 0.547440 -0.623828
vt 0.469087 -0.283714
vt 0.543284 -0.582676
vt 0.476349 -0.309610
vt 0.459915 -0.256741
vt 0.677706 -0.471473
vt 0.593322 -0.607669
vt 0.455109 -0.288067
vt 0.675307 -0.381695
vt 0.589769 -0.583201
vt 0.439613 -0.265335
vt 0.504182 -0.333533
vt 0.601695 -0.550719
vt 0.461245 -0.314008
vt 0.429158 -0.237563
vt 0.548665 -0.527844
vt 0.476747 -0.339962
vt 0.414599 -0.250497
vt 0.504201 -0.536705
vt 0.455876 -0.338910
vt 0.391124 -0.229015
vt 0.504204 -0.583387
vt 0.475214 -0.369162
vt 0.380671 -0.243352
vt 0.504181 -0.368258
vt 0.333896 -0.231704
vt 0.504186 -0.409024
vt 0.340240 -0.245853
vt 0.397155 -0.179837
vt 0.472708 -0.410493
vt 0.475393 -0.444406
vt 0.447344 -0.386483
vt 0.531610 -0.339963
vt 0.288420 -0.268225
vt 0.451046 -0.423324
vt 0.281851 -0.257785
vt 0.398223 -0.409657
vt 0.547119 -0.314029
vt 0.259922 -0.284695
vt 0.422189 -0.374883
vt 0.257253 -0.225472
vt 0.397697 -0.381559
vt 0.312944 -0.184179
vt 0.368772 -0.386582
vt 0.442203 -0.360543
vt 0.317322 -0.149537
vt 0.324135 -0.427575
vt 0.399529 -0.456387
vt 0.414115 -0.095725
vt 0.333097 -0.381752
vt 0.465618 -0.204637
vt 0.305954 -0.376244
vt 0.330702 -0.471503
vt 0.443551 -0.476762
vt 0.504214 -0.116396
vt 0.283954 -0.412658
vt 0.504210 -0.206849
vt 0.474237 -0.489814
vt 0.459733 -0.527852
vt 0.218127 -0.388602
vt 0.478345 -0.515278
vt 0.258529 -0.369860
vt 0.504201 -0.536705
vt 0.215974 -0.334813
vt 0.504198 -0.516076
vt 0.248396 -0.332312
vt 0.480501 -0.500977
vt 0.220983 -0.279209
vt 0.479056 -0.494957
vt 0.530049 -0.515273
vt 0.489658 -0.491157
vt 0.548665 -0.527844
vt 0.487197 -0.465171
vt 0.534153 -0.489807
vt 0.265279 -0.298954
vt 0.504194 -0.474714
vt 0.564840 -0.476748
vt 0.259031 -0.344025
vt 0.504192 -0.455535
vt 0.532991 -0.444399
vt 0.504191 -0.436679
vt 0.557331 -0.423308
vt 0.521188 -0.465167
vt 0.608864 -0.456361
vt 0.535665 -0.410482
vt 0.518731 -0.491156
vt 0.561019 -0.386460
vt 0.504194 -0.486355
vt 0.610159 -0.409618
vt 0.504196 -0.502507
vt 0.533146 -0.369154
vt 0.586168 -0.374842
vt 0.527890 -0.500975
vt 0.610675 -0.381507
vt 0.529333 -0.494953
vt 0.639617 -0.386527
vt 0.606621 -0.504619
vt 0.660148 -0.530542
vt 0.630656 -0.568125
vt 0.632715 -0.585734
vt 0.504208 -0.697853
vt 0.461744 -0.702534
vt 0.504208 -0.714470
vt 0.409115 -0.692856
vt 0.504209 -0.769433
vt 0.587335 -0.772959
vt 0.421086 -0.772961
vt 0.552468 -0.338912
vt 0.566142 -0.360520
vt 0.058753 -0.511434
vt 0.105099 -0.478500
vt 0.036205 -0.513264
vt 0.046532 -0.529820
vt 0.852072 -0.541542
vt 0.965870 -0.561685
vt 0.949676 -0.511427
vt 0.879851 -0.587269
vt 0.961895 -0.529813
vt 0.840059 -0.612473
vt 0.903332 -0.478484
vt 0.949676 -0.511427
vt 0.972224 -0.513263
vt 0.903332 -0.478484
vt 0.961895 -0.529813
vt 0.879851 -0.587269
vt 0.840059 -0.612473
vt 0.864446 -0.636311
vt 0.979234 -0.583366
vt 0.823372 -0.616584
vt 0.965870 -0.561685
vt 0.972224 -0.513263
vt 0.961895 -0.529813
vt 0.117526 -0.153351
vt 0.140364 -0.318820
vt 0.156375 -0.433643
vt 0.320099 -0.077491
vt 0.228776 -0.009416
vt 0.348262 -0.530561
vt 0.401779 -0.504637
vt 0.377753 -0.568139
vt 0.459733 -0.527852
vt 0.143977 -0.636328
vt 0.128572 -0.587285
vt 0.029186 -0.583379
vt 0.168364 -0.612489
vt 0.185050 -0.616600
vt 0.042555 -0.561695
vt 0.036205 -0.513264
vt 0.046532 -0.529820
vt 0.627772 -0.243359
vt 0.668206 -0.245853
vt 0.281834 -0.371125
vn -0.0016 -0.0176 -0.9998
vn 0.4455 -0.0994 -0.8898
vn 0.7633 -0.1120 -0.6362
vn 0.7474 -0.2681 -0.6078
vn 0.6917 -0.3438 -0.6351
vn 0.0000 0.0062 -1.0000
vn 0.7937 -0.3124 -0.5219
vn 0.9826 -0.1426 -0.1188
vn 0.7747 -0.4211 -0.4717
vn 0.9772 -0.2121 -0.0051
vn 0.9262 -0.2190 -0.3068
vn 0.9891 -0.0763 0.1260
vn 0.9970 -0.0772 0.0081
vn 0.7859 -0.6007 -0.1466
vn 0.7994 -0.1614 0.5788
vn 0.9662 -0.1354 0.2195
vn 0.9905 -0.0142 0.1366
vn 0.7223 0.1191 0.6812
vn 0.7668 -0.5465 -0.3367
vn 0.9357 -0.0902 0.3411
vn 0.0000 -0.1849 0.9828
vn 0.9090 -0.3995 0.1187
vn 0.9034 -0.0703 0.4230
vn 0.0000 0.1898 0.9818
vn 0.8550 -0.1182 0.5049
vn 0.8795 0.1410 0.4546
vn 0.8208 -0.1119 0.5602
vn -0.7222 0.1195 0.6812
vn 0.9479 0.0574 0.3135
vn -0.7993 -0.1611 0.5789
vn 0.6538 0.0226 0.7563
vn 0.8778 0.0883 0.4708
vn -0.9898 -0.0764 0.1205
vn 0.5802 0.0377 0.8136
vn 0.5553 0.3676 0.7460
vn -0.9769 -0.2133 -0.0119
vn 0.7992 -0.3694 0.4741
vn 0.5912 0.1622 0.7900
vn -0.7587 -0.1143 -0.6414
vn 0.4057 0.0150 0.9139
vn 0.8400 -0.0026 0.5425
vn -0.7462 -0.2688 -0.6090
vn 0.5131 -0.6611 0.5474
vn 0.9515 0.0522 0.3033
vn -0.7859 -0.6007 -0.1466
vn 0.6931 -0.7172 0.0728
vn 0.7993 0.0450 0.5993
vn -0.7668 -0.5465 -0.3367
vn 0.5580 -0.0385 0.8290
vn -0.9262 -0.2190 -0.3068
vn -0.9826 -0.1426 -0.1188
vn -0.6931 -0.7172 0.0729
vn 0.4774 -0.0986 0.8731
vn -0.9090 -0.3995 0.1187
vn -0.7938 -0.3125 -0.5217
vn 0.6505 0.0862 0.7546
vn -0.6919 -0.3440 -0.6348
vn -0.9970 -0.0772 0.0081
vn 0.7906 0.2978 0.5351
vn -0.7749 -0.4212 -0.4713
vn -0.9662 -0.1354 0.2195
vn 0.5877 0.3004 0.7513
vn -0.4470 -0.1010 -0.8888
vn -0.9357 -0.0902 0.3411
vn 0.6002 0.4843 0.6366
vn -0.9905 -0.0143 0.1367
vn 0.6859 0.5760 0.4448
vn 0.2935 0.2995 0.9078
vn -0.9034 -0.0703 0.4230
vn 0.0001 0.0062 -1.0000
vn 0.3145 -0.0587 0.9474
vn -0.8794 0.1410 0.4546
vn -0.8208 -0.1119 0.5602
vn -0.8473 -0.0139 0.5310
vn 0.2187 -0.1826 0.9586
vn -0.7015 0.0265 0.7122
vn 0.4831 0.0025 0.8756
vn -0.8550 -0.1182 0.5049
vn -0.8363 0.0360 0.5470
vn -0.8541 -0.0217 0.5196
vn -0.6538 0.0227 0.7563
vn 0.3452 -0.2519 0.9041
vn -0.8327 -0.0414 0.5522
vn -0.6234 -0.1017 0.7752
vn 0.4149 -0.1666 0.8945
vn -0.7818 -0.0236 0.6231
vn -0.8770 -0.0588 0.4769
vn -0.5802 0.0377 0.8136
vn 0.3056 -0.3398 0.8895
vn -0.5267 -0.0374 0.8493
vn 0.3383 -0.3362 0.8789
vn 0.3238 -0.2416 0.9148
vn -0.5409 -0.1183 0.8327
vn 0.2922 -0.2908 0.9111
vn 0.3603 -0.1362 0.9228
vn -0.3594 -0.0408 0.9323
vn 0.3896 -0.1973 0.8996
vn -0.4491 -0.0172 0.8933
vn 0.3314 -0.2616 0.9065
vn 0.3917 -0.0207 0.9199
vn -0.3667 0.0026 0.9304
vn 0.4871 -0.1271 0.8640
vn -0.0000 -0.0026 1.0000
vn 0.4011 -0.1239 0.9076
vn 0.3671 0.1793 0.9127
vn -0.4057 0.0150 0.9139
vn 0.0000 -0.1258 0.9921
vn 0.0000 -0.0029 1.0000
vn 0.4453 0.0213 0.8951
vn 0.3012 0.4729 0.8280
vn 0.0000 0.0324 0.9995
vn 0.3397 0.4678 0.8159
vn 0.3667 0.0026 0.9304
vn -0.4011 -0.1239 0.9076
vn 0.3594 -0.0408 0.9323
vn -0.4453 0.0213 0.8951
vn -0.3314 -0.2616 0.9065
vn 0.6315 0.0999 0.7689
vn 0.5267 -0.0374 0.8493
vn -0.4871 -0.1271 0.8640
vn 0.1999 0.5235 0.8282
vn 0.5409 -0.1183 0.8327
vn -0.3896 -0.1973 0.8996
vn -0.0000 0.1823 0.9832
vn 0.4491 -0.0172 0.8933
vn -0.5684 0.0114 0.8226
vn -0.3383 -0.3362 0.8789
vn 0.3043 0.0928 0.9480
vn -0.4815 0.1589 0.8619
vn -0.2922 -0.2908 0.9111
vn 0.0000 0.1670 0.9860
vn -0.6102 0.1425 0.7793
vn -0.3057 -0.3398 0.8895
vn 0.0000 -0.0286 0.9996
vn -0.4890 0.3090 0.8158
vn -0.2646 -0.3355 0.9041
vn 0.0000 0.3342 0.9425
vn -0.3452 -0.2519 0.9041
vn 0.0000 0.6259 0.7799
vn -0.2764 -0.3025 0.9122
vn -0.3145 -0.0588 0.9474
vn -0.5816 0.4789 0.6576
vn -0.7105 0.5676 0.4159
vn -0.3352 0.4648 0.8195
vn 0.4815 0.1589 0.8619
vn -0.3238 -0.2416 0.9148
vn -0.4288 0.3634 0.8271
vn -0.4149 -0.1666 0.8945
vn -0.1881 0.4960 0.8477
vn 0.5684 0.0114 0.8226
vn -0.4774 -0.0986 0.8731
vn -0.3109 0.5178 0.7970
vn -0.6505 0.0861 0.7546
vn -0.1631 0.6168 0.7701
vn -0.4831 0.0025 0.8755
vn -0.1788 0.5508 0.8152
vn -0.5430 0.2722 0.7944
vn -0.5877 0.3002 0.7513
vn -0.3397 0.4678 0.8159
vn -0.2538 0.2204 0.9418
vn -0.2936 0.2993 0.9079
vn -0.1999 0.5235 0.8282
vn -0.2187 -0.1826 0.9586
vn -0.3012 0.4729 0.8280
vn -0.6315 0.0999 0.7689
vn -0.6673 0.1860 0.7212
vn -0.0000 0.1565 0.9877
vn -0.5553 0.3676 0.7460
vn 0.0000 -0.1556 0.9878
vn -0.9388 0.0758 0.3359
vn -0.6857 -0.6451 0.3371
vn -0.8777 0.0883 0.4710
vn -0.6040 -0.7386 0.2993
vn -0.5912 0.1622 0.7900
vn 0.0000 -0.9591 0.2832
vn -0.8399 -0.0027 0.5428
vn -0.0000 -0.9599 0.2803
vn -0.5580 -0.0385 0.8290
vn -0.6498 -0.6924 0.3135
vn -0.7991 0.0449 0.5995
vn -0.9389 0.0371 0.3422
vn 0.6040 -0.7386 0.2993
vn -0.7517 -0.0548 0.6572
vn 0.6857 -0.6451 0.3371
vn -0.6786 0.6405 0.3595
vn 0.9388 0.0758 0.3359
vn -0.3603 -0.1362 0.9228
vn -0.0000 0.6009 0.7994
vn 0.6673 0.1860 0.7212
vn -0.3917 -0.0207 0.9199
vn 0.0000 0.9059 0.4235
vn 0.7105 0.5677 0.4159
vn -0.0000 0.8468 0.5319
vn 0.4288 0.3634 0.8271
vn 0.6786 0.6405 0.3595
vn 0.2538 0.2204 0.9418
vn 0.5816 0.4789 0.6576
vn 0.7517 -0.0548 0.6572
vn 0.3352 0.4648 0.8195
vn -0.0000 -0.5698 0.8218
vn 0.1881 0.4960 0.8477
vn -0.0000 -0.9494 0.3140
vn 0.4890 0.3089 0.8158
vn 0.3109 0.5178 0.7970
vn 0.6498 -0.6924 0.3135
vn 0.1631 0.6168 0.7701
vn 0.9389 0.0371 0.3422
vn 0.1788 0.5508 0.8152
vn 0.3448 0.0264 0.9383
vn 0.6661 -0.1256 0.7352
vn 0.5994 -0.1289 0.7900
vn 0.6234 -0.1017 0.7752
vn 0.0000 -0.5219 0.8530
vn -0.5131 -0.6611 0.5474
vn 0.0000 -0.8928 0.4504
vn -0.7992 -0.3695 0.4741
vn -0.0000 -0.8365 0.5480
vn 0.6161 -0.7334 0.2872
vn -0.6161 -0.7334 0.2872
vn 0.6102 0.1425 0.7793
vn 0.5430 0.2722 0.7944
vn 0.0684 0.9927 0.0994
vn 0.1127 0.9068 0.4062
vn 0.0684 0.9927 0.0993
vn 0.0171 0.9759 -0.2177
vn 0.8472 -0.0138 0.5311
vn 0.8541 -0.0217 0.5196
vn 0.8325 -0.0412 0.5525
vn 0.8363 0.0359 0.5471
vn 0.8770 -0.0588 0.4769
vn 0.7015 0.0265 0.7122
vn 0.7814 -0.0233 0.6236
vn -0.0683 0.9927 0.0994
vn -0.1125 0.9068 0.4062
vn -0.0171 0.9759 -0.2177
vn -0.0061 -0.5955 -0.8033
vn -0.0878 -0.8964 -0.4344
vn -0.1001 -0.7588 -0.6436
vn -0.3153 -0.0485 -0.9477
vn -0.2627 -0.9384 -0.2245
vn -0.3154 -0.0485 -0.9477
vn -0.4815 0.2652 -0.8354
vn -0.4814 0.2653 -0.8354
vn -0.7935 0.3326 0.5097
vn -0.9513 0.0520 0.3039
vn -0.9477 0.0572 0.3139
vn -0.5951 0.5437 0.5918
vn -0.6365 0.7187 0.2797
vn -0.6661 -0.1256 0.7352
vn -0.3448 0.0264 0.9383
vn -0.5994 -0.1289 0.7900
vn -0.3043 0.0928 0.9480
vn 0.1001 -0.7587 -0.6436
vn 0.0061 -0.5955 -0.8033
vn 0.3155 -0.0485 -0.9477
vn 0.0878 -0.8964 -0.4344
vn 0.2627 -0.9384 -0.2245
vn 0.4817 0.2652 -0.8352
vn 0.2646 -0.3355 0.9041
vn 0.2764 -0.3025 0.9122
vn -0.3671 0.1793 0.9127
usemtl mat0.009
s 1
f 1200/1200/984 1201/1201/985 1202/1202/986
f 1203/1203/987 1202/1202/986 1201/1201/985
f 1203/1203/987 1201/1201/985 1204/1204/988
f 1205/1205/989 1201/1201/985 1200/1200/984
f 1204/1204/988 1206/1206/990 1203/1203/987
f 1203/1203/987 1206/1206/990 1207/1207/991
f 1204/1204/988 1208/1208/992 1206/1206/990
f 1209/1209/993 1202/1202/986 1203/1203/987
f 1210/1210/994 1203/1203/987 1207/1207/991
f 1202/1202/986 1209/1209/993 1211/1211/995
f 1210/1210/994 1207/1207/991 1212/1212/996
f 1203/1203/987 1213/1213/997 1209/1209/993
f 1211/1211/995 1209/1209/993 1214/1214/998
f 1209/1209/993 1213/1213/997 1214/1214/998
f 1212/1212/996 1215/1215/999 1210/1210/994
f 1207/1207/991 1216/1216/1000 1212/1212/996
f 1211/1211/995 1214/1214/998 1217/1217/1001
f 1203/1203/987 1218/1218/1002 1213/1213/997
f 1203/1203/987 1210/1210/994 1218/1218/1002
f 1216/1216/1000 1219/1219/1003 1212/1212/996
f 1212/1212/996 1219/1219/1003 1215/1215/999
f 1214/1214/998 1220/1220/1004 1217/1217/1001
f 1210/1210/994 1215/1215/999 1221/1221/1005
f 1210/1210/994 1221/1221/1005 1218/1218/1002
f 1222/1222/1006 1219/1219/1003 1216/1216/1000
f 1217/1217/1001 1220/1220/1004 1223/1223/1007
f 1224/1224/1008 1221/1221/1005 1215/1215/999
f 1216/1216/1000 1225/1225/1009 1222/1222/1006
f 1226/1226/1010 1215/1215/999 1219/1219/1003
f 1223/1223/1007 1220/1220/1004 1227/1227/1011
f 1224/1224/1008 1215/1215/999 1226/1226/1010
f 1216/1216/1000 1228/1228/1012 1225/1225/1009
f 1222/1222/1006 1226/1226/1010 1219/1219/1003
f 1227/1227/1011 1220/1220/1004 1229/1229/1013
f 1224/1224/1008 1226/1226/1010 1230/1230/1014
f 1225/1225/1009 1228/1228/1012 1231/1231/1015
f 1232/1232/1016 1227/1227/1011 1229/1229/1013
f 1233/1233/1017 1224/1224/1008 1230/1230/1014
f 1231/1231/1015 1234/1234/1018 1225/1225/1009
f 1232/1232/1016 1229/1229/1013 1235/1235/1019
f 1236/1236/1020 1224/1224/1008 1233/1233/1017
f 1237/1237/1021 1234/1234/1018 1231/1231/1015
f 1238/1238/1022 1232/1232/1016 1235/1235/1019
f 1239/1239/1023 1236/1236/1020 1233/1233/1017
f 1240/1240/1024 1237/1237/1021 1231/1231/1015
f 1240/1240/1024 1231/1231/1015 1228/1228/1012
f 1241/1241/1025 1238/1238/1022 1235/1235/1019
f 1242/1242/1026 1236/1236/1020 1239/1239/1023
f 1243/1243/1027 1240/1240/1024 1228/1228/1012
f 1241/1241/1025 1235/1235/1019 1244/1244/1028
f 1236/1236/1020 1242/1242/1026 1245/1245/1029
f 1246/1246/1030 1240/1240/1024 1243/1243/1027
f 1241/1241/1025 1244/1244/1028 1247/1247/1031
f 1236/1236/1020 1245/1245/1029 1221/1221/1005
f 1240/1240/1024 1246/1246/1030 1248/1248/1032
f 1241/1241/1025 1247/1247/1031 1249/1249/1033
f 1224/1224/1008 1236/1236/1020 1221/1221/1005
f 1248/1248/1032 1237/1237/1021 1240/1240/1024
f 1249/1249/1033 1250/1250/1034 1241/1241/1025
f 1247/1247/1031 1244/1244/1028 1251/1251/1035
f 1248/1248/1032 1246/1246/1030 1252/1252/1036
f 1249/1249/1033 1247/1247/1031 1253/1253/1037
f 1241/1241/1025 1250/1250/1034 1254/1254/1038
f 1247/1247/1031 1251/1251/1035 1253/1253/1037
f 1255/1255/1039 1252/1252/1036 1246/1246/1030
f 1256/1256/1040 1241/1241/1025 1254/1254/1038
f 1249/1249/1033 1257/1257/1041 1250/1250/1034
f 1258/1258/1042 1255/1255/1039 1246/1246/1030
f 1256/1256/1040 1254/1254/1038 1259/1259/1043
f 1249/1249/1033 1253/1253/1037 1260/1260/1044
f 1257/1257/1041 1249/1249/1033 1260/1260/1044
f 1258/1258/1042 1261/1261/1045 1255/1255/1039
f 1241/1241/1025 1256/1256/1040 1262/1262/1046
f 1257/1257/1041 1260/1260/1044 1263/1263/1047
f 1264/1264/1048 1261/1261/1045 1258/1258/1042
f 1262/1262/1046 1238/1238/1022 1241/1241/1025
f 1257/1257/1041 1263/1263/1047 1265/1265/1049
f 1264/1264/1048 1258/1258/1042 1266/1266/1050
f 1238/1238/1022 1262/1262/1046 1267/1267/984
f 1257/1257/1041 1265/1265/1049 1250/1250/1034
f 1268/1268/1051 1261/1261/1045 1264/1264/1048
f 1265/1265/1049 1263/1263/1047 1269/1269/1052
f 1267/1267/984 1262/1262/1046 1270/1270/1053
f 1268/1268/1051 1271/1271/1054 1261/1261/1045
f 1265/1265/1049 1269/1269/1052 1272/1272/1055
f 1263/1263/1047 1273/1273/1056 1269/1269/1052
f 1250/1250/1034 1265/1265/1049 1274/1274/1057
f 1271/1271/1054 1268/1268/1051 1275/1275/1058
f 1273/1273/1056 1263/1263/1047 1260/1260/1044
f 1274/1274/1057 1276/1276/1059 1250/1250/1034
f 1261/1261/1045 1271/1271/1054 1277/1277/1060
f 1278/1278/1061 1273/1273/1056 1260/1260/1044
f 1274/1274/1057 1279/1279/1062 1276/1276/1059
f 1261/1261/1045 1277/1277/1060 1255/1255/1039
f 1278/1278/1061 1260/1260/1044 1253/1253/1037
f 1274/1274/1057 1280/1280/1063 1279/1279/1062
f 1281/1281/1064 1273/1273/1056 1278/1278/1061
f 1282/1282/1065 1255/1255/1039 1277/1277/1060
f 1277/1277/1060 1271/1271/1054 1282/1282/1065
f 1274/1274/1057 1283/1283/1066 1280/1280/1063
f 1284/1284/1067 1273/1273/1056 1281/1281/1064
f 1285/1285/1068 1255/1255/1039 1282/1282/1065
f 1274/1274/1057 1286/1286/1069 1283/1283/1066
f 1280/1280/1063 1283/1283/1066 1287/1287/1070
f 1281/1281/1064 1278/1278/1061 1288/1288/1071
f 1282/1282/1065 1271/1271/1054 1289/1289/1072
f 1285/1285/1068 1252/1252/1036 1255/1255/1039
f 1284/1284/1067 1281/1281/1064 1290/1290/1073
f 1290/1290/1073 1281/1281/1064 1288/1288/1071
f 1271/1271/1054 1291/1291/1074 1289/1289/1072
f 1292/1292/1075 1252/1252/1036 1285/1285/1068
f 1285/1285/1068 1282/1282/1065 1292/1292/1075
f 1293/1293/1076 1284/1284/1067 1290/1290/1073
f 1291/1291/1074 1294/1294/1077 1289/1289/1072
f 1295/1295/1078 1252/1252/1036 1292/1292/1075
f 1293/1293/1076 1290/1290/1073 1296/1296/1079
f 1291/1291/1074 1297/1297/1080 1294/1294/1077
f 1295/1295/1078 1248/1248/1032 1252/1252/1036
f 1296/1296/1079 1298/1298/1081 1293/1293/1076
f 1299/1299/1082 1297/1297/1080 1291/1291/1074
f 1300/1300/1083 1248/1248/1032 1295/1295/1078
f 1296/1296/1079 1290/1290/1073 1301/1301/1084
f 1297/1297/1080 1299/1299/1082 1302/1302/1085
f 1300/1300/1083 1237/1237/1021 1248/1248/1032
f 1303/1303/1086 1296/1296/1079 1301/1301/1084
f 1288/1288/1071 1301/1301/1084 1290/1290/1073
f 1302/1302/1085 1299/1299/1082 1304/1304/1087
f 1305/1305/1088 1237/1237/1021 1300/1300/1083
f 1306/1306/1089 1301/1301/1084 1288/1288/1071
f 1306/1306/1089 1303/1303/1086 1301/1301/1084
f 1304/1304/1087 1299/1299/1082 1307/1307/1090
f 1305/1305/1088 1234/1234/1018 1237/1237/1021
f 1308/1308/1091 1303/1303/1086 1306/1306/1089
f 1304/1304/1087 1309/1309/1092 1302/1302/1085
f 1310/1310/1093 1234/1234/1018 1305/1305/1088
f 1308/1308/1091 1239/1239/1023 1303/1303/1086
f 1309/1309/1092 1304/1304/1087 1311/1311/1094
f 1311/1311/1094 1304/1304/1087 1307/1307/1090
f 1234/1234/1018 1310/1310/1093 1312/1312/1095
f 1303/1303/1086 1239/1239/1023 1313/1313/1096
f 1314/1314/1097 1311/1311/1094 1307/1307/1090
f 1234/1234/1018 1312/1312/1095 1225/1225/1009
f 1315/1315/1098 1303/1303/1086 1313/1313/1096
f 1316/1316/1099 1311/1311/1094 1314/1314/1097
f 1314/1314/1097 1307/1307/1090 1317/1317/1100
f 1225/1225/1009 1312/1312/1095 1318/1318/1101
f 1313/1313/1096 1319/1319/1102 1315/1315/1098
f 1314/1314/1097 1317/1317/1100 1320/1320/1103
f 1314/1314/1097 1320/1320/1103 1316/1316/1099
f 1310/1310/1093 1321/1321/1104 1312/1312/1095
f 1315/1315/1098 1319/1319/1102 1322/1322/1105
f 1320/1320/1103 1317/1317/1100 1323/1323/1106
f 1316/1316/1099 1324/1324/1107 1311/1311/1094
f 1325/1325/1108 1315/1315/1098 1322/1322/1105
f 1316/1316/1099 1320/1320/1103 1326/1326/1109
f 1327/1327/1110 1323/1323/1106 1317/1317/1100
f 1328/1328/1111 1315/1315/1098 1325/1325/1108
f 1316/1316/1099 1326/1326/1109 1329/1329/1112
f 1329/1329/1112 1324/1324/1107 1316/1316/1099
f 1330/1330/1113 1323/1323/1106 1327/1327/1110
f 1331/1331/1114 1315/1315/1098 1328/1328/1111
f 1329/1329/1112 1326/1326/1109 1332/1332/1115
f 1333/1333/1116 1330/1330/1113 1327/1327/1110
f 1334/1334/1117 1315/1315/1098 1331/1331/1114
f 1329/1329/1112 1332/1332/1115 1335/1335/1118
f 1336/1336/1119 1330/1330/1113 1333/1333/1116
f 1334/1334/1117 1303/1303/1086 1315/1315/1098
f 1335/1335/1118 1337/1337/1120 1329/1329/1112
f 1333/1333/1116 1338/1338/1121 1336/1336/1119
f 1334/1334/1117 1296/1296/1079 1303/1303/1086
f 1334/1334/1117 1331/1331/1114 1296/1296/1079
f 1335/1335/1118 1339/1339/1122 1337/1337/1120
f 1336/1336/1119 1338/1338/1121 1340/1340/1123
f 1333/1333/1116 1327/1327/1110 1341/1341/1124
f 1342/1342/1125 1339/1339/1122 1335/1335/1118
f 1329/1329/1112 1337/1337/1120 1324/1324/1107
f 1341/1341/1124 1338/1338/1121 1333/1333/1116
f 1342/1342/1125 1343/1343/1126 1339/1339/1122
f 1344/1344/1127 1342/1342/1125 1335/1335/1118
f 1337/1337/1120 1345/1345/1128 1324/1324/1107
f 1340/1340/1123 1338/1338/1121 1346/1346/1129
f 1347/1347/1130 1342/1342/1125 1344/1344/1127
f 1342/1342/1125 1347/1347/1130 1343/1343/1126
f 1345/1345/1128 1309/1309/1092 1324/1324/1107
f 1346/1346/1129 1338/1338/1121 1348/1348/1131
f 1349/1349/1132 1347/1347/1130 1344/1344/1127
f 1309/1309/1092 1345/1345/1128 1350/1350/1133
f 1348/1348/1131 1351/1351/1134 1346/1346/1129
f 1344/1344/1127 1352/1352/1135 1349/1349/1132
f 1324/1324/1107 1309/1309/1092 1311/1311/1094
f 1338/1338/1121 1353/1353/1136 1348/1348/1131
f 1348/1348/1131 1353/1353/1136 1351/1351/1134
f 1349/1349/1132 1352/1352/1135 1354/1354/1137
f 1302/1302/1085 1309/1309/1092 1350/1350/1133
f 1355/1355/1138 1353/1353/1136 1338/1338/1121
f 1356/1356/1139 1349/1349/1132 1354/1354/1137
f 1352/1352/1135 1344/1344/1127 1357/1357/1140
f 1358/1358/1141 1353/1353/1136 1355/1355/1138
f 1359/1359/1142 1349/1349/1132 1356/1356/1139
f 1355/1355/1138 1338/1338/1121 1341/1341/1124
f 1357/1357/1140 1344/1344/1127 1335/1335/1118
f 1341/1341/1124 1358/1358/1141 1355/1355/1138
f 1359/1359/1142 1360/1360/1143 1349/1349/1132
f 1335/1335/1118 1332/1332/1115 1357/1357/1140
f 1361/1361/1144 1358/1358/1141 1341/1341/1124
f 1362/1362/1145 1359/1359/1142 1356/1356/1139
f 1360/1360/1143 1347/1347/1130 1349/1349/1132
f 1363/1363/1146 1361/1361/1144 1341/1341/1124
f 1364/1364/1147 1359/1359/1142 1362/1362/1145
f 1365/1365/1148 1360/1360/1143 1359/1359/1142
f 1347/1347/1130 1360/1360/1143 1366/1366/1149
f 1367/1367/1150 1361/1361/1144 1363/1363/1146
f 1368/1368/1151 1359/1359/1142 1364/1364/1147
f 1343/1343/1126 1347/1347/1130 1366/1366/1149
f 1363/1363/1146 1369/1369/1152 1367/1367/1150
f 1272/1272/1055 1359/1359/1142 1368/1368/1151
f 1365/1365/1148 1359/1359/1142 1272/1272/1055
f 1366/1366/1149 1370/1370/1153 1343/1343/1126
f 1275/1275/1058 1367/1367/1150 1369/1369/1152
f 1272/1272/1055 1269/1269/1052 1365/1365/1148
f 1371/1371/1154 1370/1370/1153 1366/1366/1149
f 1275/1275/1058 1268/1268/1051 1367/1367/1150
f 1368/1368/1151 1372/1372/1155 1272/1272/1055
f 1373/1373/1156 1370/1370/1153 1371/1371/1154
f 1369/1369/1152 1299/1299/1082 1275/1275/1058
f 1374/1374/1157 1372/1372/1155 1368/1368/1151
f 1373/1373/1156 1371/1371/1154 1375/1375/1158
f 1307/1307/1090 1299/1299/1082 1369/1369/1152
f 1374/1374/1157 1376/1376/1159 1372/1372/1155
f 1373/1373/1156 1375/1375/1158 1377/1377/1160
f 1317/1317/1100 1307/1307/1090 1369/1369/1152
f 1378/1378/1161 1376/1376/1159 1374/1374/1157
f 1373/1373/1156 1377/1377/1160 1379/1379/1162
f 1369/1369/1152 1363/1363/1146 1317/1317/1100
f 1378/1378/1161 1380/1380/1163 1376/1376/1159
f 1381/1381/1164 1373/1373/1156 1379/1379/1162
f 1382/1382/1165 1377/1377/1160 1375/1375/1158
f 1351/1351/1134 1380/1380/1163 1378/1378/1161
f 1381/1381/1164 1379/1379/1162 1383/1383/1166
f 1382/1382/1165 1375/1375/1158 1384/1384/1167
f 1351/1351/1134 1353/1353/1136 1380/1380/1163
f 1385/1385/1168 1381/1381/1164 1383/1383/1166
f 1384/1384/1167 1386/1386/1169 1382/1382/1165
f 1378/1378/1161 1387/1387/1170 1351/1351/1134
f 1385/1385/1168 1383/1383/1166 1388/1388/1171
f 1389/1389/1172 1386/1386/1169 1384/1384/1167
f 1390/1390/1173 1387/1387/1170 1378/1378/1161
f 1346/1346/1129 1351/1351/1134 1387/1387/1170
f 1385/1385/1168 1388/1388/1171 1391/1391/1174
f 1389/1389/1172 1392/1392/1175 1386/1386/1169
f 1378/1378/1161 1374/1374/1157 1390/1390/1173
f 1393/1393/1176 1385/1385/1168 1391/1391/1174
f 1394/1394/1177 1392/1392/1175 1389/1389/1172
f 1392/1392/1175 1395/1395/1178 1386/1386/1169
f 1395/1395/1178 1391/1391/1174 1388/1388/1171
f 1392/1392/1175 1393/1393/1176 1395/1395/1178
f 1343/1343/1126 1385/1385/1168 1393/1393/1176
f 1394/1394/1177 1389/1389/1172 1396/1396/1179
f 1395/1395/1178 1393/1393/1176 1391/1391/1174
f 1397/1397/1180 1392/1392/1175 1394/1394/1177
f 1343/1343/1126 1370/1370/1153 1385/1385/1168
f 1395/1395/1178 1388/1388/1171 1398/1398/1181
f 1394/1394/1177 1399/1399/1182 1397/1397/1180
f 1339/1339/1122 1343/1343/1126 1393/1393/1176
f 1393/1393/1176 1392/1392/1175 1339/1339/1122
f 1400/1400/1183 1398/1398/1181 1388/1388/1171
f 1394/1394/1177 1401/1401/1184 1399/1399/1182
f 1339/1339/1122 1392/1392/1175 1397/1397/1180
f 1396/1396/1179 1401/1401/1184 1394/1394/1177
f 1402/1402/1185 1398/1398/1181 1400/1400/1183
f 1397/1397/1180 1403/1403/1186 1339/1339/1122
f 1397/1397/1180 1399/1399/1182 1403/1403/1186
f 1401/1401/1184 1404/1404/1187 1399/1399/1182
f 1405/1405/1188 1398/1398/1181 1402/1402/1185
f 1339/1339/1122 1403/1403/1186 1337/1337/1120
f 1406/1406/1189 1404/1404/1187 1401/1401/1184
f 1407/1407/1190 1398/1398/1181 1405/1405/1188
f 1383/1383/1166 1402/1402/1185 1400/1400/1183
f 1406/1406/1189 1401/1401/1184 1408/1408/1191
f 1395/1395/1178 1398/1398/1181 1407/1407/1190
f 1379/1379/1162 1402/1402/1185 1383/1383/1166
f 1400/1400/1183 1388/1388/1171 1383/1383/1166
f 1408/1408/1191 1401/1401/1184 1312/1312/1095
f 1382/1382/1165 1407/1407/1190 1405/1405/1188
f 1379/1379/1162 1377/1377/1160 1402/1402/1185
f 1321/1321/1104 1408/1408/1191 1312/1312/1095
f 1382/1382/1165 1405/1405/1188 1377/1377/1160
f 1386/1386/1169 1407/1407/1190 1382/1382/1165
f 1377/1377/1160 1405/1405/1188 1402/1402/1185
f 1386/1386/1169 1395/1395/1178 1407/1407/1190
f 1396/1396/1179 1312/1312/1095 1401/1401/1184
f 1318/1318/1101 1312/1312/1095 1396/1396/1179
f 1409/1409/1192 1318/1318/1101 1396/1396/1179
f 1396/1396/1179 1389/1389/1172 1409/1409/1192
f 1410/1410/1193 1318/1318/1101 1409/1409/1192
f 1389/1389/1172 1328/1328/1111 1409/1409/1192
f 1410/1410/1193 1222/1222/1006 1318/1318/1101
f 1409/1409/1192 1328/1328/1111 1325/1325/1108
f 1409/1409/1192 1325/1325/1108 1410/1410/1193
f 1410/1410/1193 1226/1226/1010 1222/1222/1006
f 1225/1225/1009 1318/1318/1101 1222/1222/1006
f 1410/1410/1193 1325/1325/1108 1411/1411/1194
f 1411/1411/1194 1226/1226/1010 1410/1410/1193
f 1322/1322/1105 1411/1411/1194 1325/1325/1108
f 1412/1412/1195 1226/1226/1010 1411/1411/1194
f 1412/1412/1195 1411/1411/1194 1322/1322/1105
f 1230/1230/1014 1226/1226/1010 1412/1412/1195
f 1322/1322/1105 1319/1319/1102 1412/1412/1195
f 1412/1412/1195 1319/1319/1102 1230/1230/1014
f 1230/1230/1014 1319/1319/1102 1233/1233/1017
f 1319/1319/1102 1313/1313/1096 1233/1233/1017
f 1233/1233/1017 1313/1313/1096 1239/1239/1023
f 1308/1308/1091 1413/1413/1196 1239/1239/1023
f 1306/1306/1089 1413/1413/1196 1308/1308/1091
f 1239/1239/1023 1413/1413/1196 1242/1242/1026
f 1414/1414/1197 1413/1413/1196 1306/1306/1089
f 1242/1242/1026 1413/1413/1196 1415/1415/1198
f 1414/1414/1197 1415/1415/1198 1413/1413/1196
f 1414/1414/1197 1306/1306/1089 1416/1416/1199
f 1415/1415/1198 1417/1417/1200 1242/1242/1026
f 1414/1414/1197 1417/1417/1200 1415/1415/1198
f 1416/1416/1199 1306/1306/1089 1288/1288/1071
f 1242/1242/1026 1417/1417/1200 1418/1418/1201
f 1416/1416/1199 1251/1251/1035 1414/1414/1197
f 1288/1288/1071 1278/1278/1061 1416/1416/1199
f 1242/1242/1026 1418/1418/1201 1245/1245/1029
f 1220/1220/1004 1418/1418/1201 1417/1417/1200
f 1419/1419/1202 1417/1417/1200 1414/1414/1197
f 1414/1414/1197 1251/1251/1035 1419/1419/1202
f 1416/1416/1199 1253/1253/1037 1251/1251/1035
f 1278/1278/1061 1253/1253/1037 1416/1416/1199
f 1419/1419/1202 1220/1220/1004 1417/1417/1200
f 1213/1213/997 1245/1245/1029 1418/1418/1201
f 1244/1244/1028 1419/1419/1202 1251/1251/1035
f 1214/1214/998 1418/1418/1201 1220/1220/1004
f 1214/1214/998 1213/1213/997 1418/1418/1201
f 1218/1218/1002 1245/1245/1029 1213/1213/997
f 1419/1419/1202 1244/1244/1028 1229/1229/1013
f 1229/1229/1013 1220/1220/1004 1419/1419/1202
f 1218/1218/1002 1221/1221/1005 1245/1245/1029
f 1229/1229/1013 1244/1244/1028 1235/1235/1019
f 1246/1246/1030 1243/1243/1027 1258/1258/1042
f 1350/1350/1133 1345/1345/1128 1420/1420/1203
f 1345/1345/1128 1403/1403/1186 1420/1420/1203
f 1403/1403/1186 1345/1345/1128 1337/1337/1120
f 1420/1420/1203 1403/1403/1186 1421/1421/1204
f 1399/1399/1182 1421/1421/1204 1403/1403/1186
f 1404/1404/1187 1421/1421/1204 1399/1399/1182
f 1422/1422/1205 1423/1423/1206 1424/1424/1207
f 1425/1425/1208 1422/1422/1205 1424/1424/1207
f 1426/1426/1209 1427/1427/1210 1428/1428/1211
f 1426/1426/1209 1429/1429/1212 1427/1427/1210
f 1428/1428/1211 1427/1427/1210 1430/1430/1213
f 1426/1426/1209 1431/1431/1214 1429/1429/1212
f 1426/1426/1209 1428/1428/1211 1432/1432/1215
f 1426/1426/1209 1207/1207/991 1431/1431/1214
f 1426/1426/1209 1216/1216/1000 1207/1207/991
f 1433/1433/1216 1434/1434/1216 1435/1435/1217
f 1436/1436/1218 1434/1434/1216 1433/1433/1216
f 1437/1437/1219 1438/1438/1220 1439/1439/1221
f 1440/1440/1222 1437/1437/1219 1439/1439/1221
f 1439/1439/1221 1438/1438/1220 1441/1441/1223
f 1442/1442/1224 1437/1437/1219 1440/1440/1222
f 1440/1440/1222 1443/1443/1225 1442/1442/1224
f 1442/1442/1224 1443/1443/1225 1444/1444/1226
f 1380/1380/1163 1445/1445/1227 1446/1446/1228
f 1446/1446/1228 1376/1376/1159 1380/1380/1163
f 1445/1445/1227 1380/1380/1163 1353/1353/1136
f 1447/1447/1229 1376/1376/1159 1446/1446/1228
f 1445/1445/1227 1353/1353/1136 1358/1358/1141
f 1376/1376/1159 1447/1447/1229 1372/1372/1155
f 1448/1448/1230 1445/1445/1227 1358/1358/1141
f 1447/1447/1229 1272/1272/1055 1372/1372/1155
f 1265/1265/1049 1272/1272/1055 1447/1447/1229
f 1448/1448/1230 1449/1449/1231 1445/1445/1227
f 1361/1361/1144 1448/1448/1230 1358/1358/1141
f 1450/1450/1232 1451/1451/1233 1365/1365/1148
f 1450/1450/1232 1298/1298/1081 1451/1451/1233
f 1365/1365/1148 1451/1451/1233 1360/1360/1143
f 1452/1452/1234 1298/1298/1081 1450/1450/1232
f 1450/1450/1232 1365/1365/1148 1269/1269/1052
f 1453/1453/1235 1451/1451/1233 1298/1298/1081
f 1366/1366/1149 1360/1360/1143 1451/1451/1233
f 1450/1450/1232 1273/1273/1056 1452/1452/1234
f 1269/1269/1052 1273/1273/1056 1450/1450/1232
f 1366/1366/1149 1451/1451/1233 1453/1453/1235
f 1453/1453/1235 1298/1298/1081 1296/1296/1079
f 1452/1452/1234 1273/1273/1056 1284/1284/1067
f 1296/1296/1079 1331/1331/1114 1453/1453/1235
f 1298/1298/1081 1452/1452/1234 1293/1293/1076
f 1293/1293/1076 1452/1452/1234 1284/1284/1067
f 1454/1454/1236 1455/1455/1237 1456/1456/1238
f 1455/1455/1237 1454/1454/1236 1457/1457/1239
f 1454/1454/1236 1458/1458/1240 1457/1457/1239
f 1456/1456/1238 1455/1455/1237 1459/1459/1238
f 1456/1456/1238 1459/1459/1238 1460/1460/1241
f 1460/1460/1241 1459/1459/1238 1461/1461/1241
f 1289/1289/1072 1294/1294/1077 1462/1462/1242
f 1289/1289/1072 1462/1462/1242 1282/1282/1065
f 1282/1282/1065 1462/1462/1242 1463/1463/1243
f 1292/1292/1075 1282/1282/1065 1463/1463/1243
f 1341/1341/1124 1327/1327/1110 1363/1363/1146
f 1327/1327/1110 1317/1317/1100 1363/1363/1146
f 1390/1390/1173 1374/1374/1157 1464/1464/1244
f 1374/1374/1157 1368/1368/1151 1464/1464/1244
f 1464/1464/1244 1368/1368/1151 1364/1364/1147
f 1275/1275/1058 1291/1291/1074 1271/1271/1054
f 1291/1291/1074 1275/1275/1058 1299/1299/1082
f 1385/1385/1168 1370/1370/1153 1381/1381/1164
f 1370/1370/1153 1373/1373/1156 1381/1381/1164
